{
"type": "FeatureCollection",
"name": "gruendaecher_2024",
"crs": { "type": "name", "properties": { "name": "urn:ogc:def:crs:OGC:1.3:CRS84" } },
"xy_coordinate_resolution": 1e-06,
"features": [
{ "type": "Feature", "properties": { "oid": "DEHHALKA10004Kbd", "gebaeudefunktion": 2020, "dachform": 1000.0, "dach_m2": 1401.8, "gruen_m2": 1000.3, "anteil": 71.4, "jahrgang": "2024", "quelle": "dachflaechen", "klasse": "gruendach", "herkunft": "modell_bestaetigt", "fehlerkategorie": "korrekt" }, "geometry": { "type": "MultiPolygon", "coordinates": [ [ [ [ 9.965406, 53.509805 ], [ 9.965411, 53.509805 ], [ 9.965414, 53.509955 ], [ 9.965526, 53.509954 ], [ 9.965523, 53.509793 ], [ 9.965406, 53.509794 ], [ 9.965406, 53.509805 ] ] ], [ [ [ 9.965327, 53.509812 ], [ 9.96533, 53.509955 ], [ 9.965403, 53.509955 ], [ 9.9654, 53.509811 ], [ 9.965327, 53.509812 ] ] ], [ [ [ 9.965321, 53.509957 ], [ 9.965318, 53.509811 ], [ 9.965059, 53.509813 ], [ 9.965061, 53.50994 ], [ 9.964763, 53.509942 ], [ 9.96476, 53.509816 ], [ 9.964617, 53.509817 ], [ 9.96462, 53.509962 ], [ 9.965321, 53.509957 ] ], [ [ 9.964753, 53.509843 ], [ 9.964754, 53.509852 ], [ 9.964748, 53.509852 ], [ 9.964748, 53.509843 ], [ 9.964753, 53.509843 ] ], [ [ 9.964753, 53.50983 ], [ 9.964753, 53.509839 ], [ 9.964747, 53.509839 ], [ 9.964747, 53.50983 ], [ 9.964753, 53.50983 ] ] ], [ [ [ 9.965019, 53.509931 ], [ 9.965026, 53.509927 ], [ 9.965032, 53.50993 ], [ 9.965027, 53.509934 ], [ 9.965052, 53.509934 ], [ 9.96505, 53.509813 ], [ 9.964769, 53.509815 ], [ 9.964772, 53.509936 ], [ 9.965024, 53.509934 ], [ 9.965019, 53.509931 ] ], [ [ 9.964968, 53.509873 ], [ 9.964969, 53.509879 ], [ 9.964948, 53.509879 ], [ 9.964948, 53.509873 ], [ 9.964968, 53.509873 ] ], [ [ 9.964894, 53.509849 ], [ 9.964904, 53.509849 ], [ 9.964904, 53.509855 ], [ 9.964894, 53.509855 ], [ 9.964894, 53.509849 ] ], [ [ 9.964902, 53.509907 ], [ 9.964902, 53.50992 ], [ 9.964888, 53.50992 ], [ 9.964888, 53.509907 ], [ 9.964902, 53.509907 ] ], [ [ 9.964835, 53.509846 ], [ 9.964835, 53.509836 ], [ 9.964844, 53.509836 ], [ 9.964845, 53.509846 ], [ 9.964835, 53.509846 ] ], [ [ 9.96482, 53.509847 ], [ 9.96482, 53.509836 ], [ 9.964829, 53.509836 ], [ 9.964829, 53.509846 ], [ 9.96482, 53.509847 ] ], [ [ 9.964805, 53.509836 ], [ 9.964814, 53.509837 ], [ 9.964814, 53.509847 ], [ 9.964805, 53.509847 ], [ 9.964805, 53.509836 ] ], [ [ 9.964799, 53.509837 ], [ 9.964799, 53.509847 ], [ 9.96479, 53.509847 ], [ 9.96479, 53.509837 ], [ 9.964799, 53.509837 ] ] ], [ [ [ 9.964821, 53.509991 ], [ 9.965039, 53.509989 ], [ 9.965038, 53.509966 ], [ 9.964821, 53.509967 ], [ 9.964821, 53.509991 ] ] ], [ [ [ 9.964249, 53.509965 ], [ 9.964611, 53.509962 ], [ 9.964608, 53.509818 ], [ 9.964246, 53.50982 ], [ 9.964249, 53.509965 ] ] ], [ [ [ 9.964437, 53.509995 ], [ 9.964437, 53.50997 ], [ 9.964323, 53.509971 ], [ 9.964324, 53.509995 ], [ 9.964437, 53.509995 ] ] ], [ [ [ 9.964258, 53.509787 ], [ 9.964259, 53.509813 ], [ 9.964395, 53.509812 ], [ 9.964394, 53.509786 ], [ 9.964258, 53.509787 ] ] ] ] } },
{ "type": "Feature", "properties": { "oid": "DEHHALKA10005hqW", "gebaeudefunktion": 2020, "dachform": 1000.0, "dach_m2": 510.0, "gruen_m2": null, "anteil": null, "jahrgang": "2024", "quelle": "dachflaechen", "klasse": "gruendach", "herkunft": "haendisch_ergaenzt", "fehlerkategorie": "schatten" }, "geometry": { "type": "MultiPolygon", "coordinates": [ [ [ [ 10.000596, 53.497779 ], [ 10.000575, 53.49775 ], [ 10.000508, 53.497767 ], [ 10.000514, 53.497776 ], [ 10.000496, 53.497781 ], [ 10.000499, 53.497786 ], [ 10.000484, 53.49779 ], [ 10.000481, 53.497785 ], [ 10.000462, 53.497789 ], [ 10.000486, 53.497825 ], [ 10.000503, 53.497825 ], [ 10.000511, 53.497837 ], [ 10.0005, 53.49784 ], [ 10.000493, 53.49783 ], [ 10.000477, 53.497831 ], [ 10.000459, 53.497808 ], [ 10.000447, 53.497787 ], [ 10.000457, 53.49778 ], [ 10.00043, 53.497787 ], [ 10.000461, 53.49783 ], [ 10.000472, 53.497827 ], [ 10.000478, 53.497837 ], [ 10.000468, 53.497839 ], [ 10.000479, 53.497854 ], [ 10.000506, 53.497851 ], [ 10.00051, 53.497856 ], [ 10.000508, 53.497851 ], [ 10.00052, 53.497848 ], [ 10.000522, 53.49786 ], [ 10.000534, 53.497857 ], [ 10.000566, 53.497902 ], [ 10.000555, 53.497904 ], [ 10.000565, 53.497908 ], [ 10.000604, 53.49797 ], [ 10.000635, 53.497963 ], [ 10.000629, 53.497955 ], [ 10.000647, 53.49795 ], [ 10.000652, 53.497958 ], [ 10.000673, 53.497953 ], [ 10.00068, 53.497963 ], [ 10.000598, 53.49798 ], [ 10.000572, 53.497952 ], [ 10.000561, 53.497947 ], [ 10.000543, 53.497922 ], [ 10.000531, 53.497925 ], [ 10.000571, 53.49798 ], [ 10.000527, 53.497991 ], [ 10.000537, 53.498005 ], [ 10.000725, 53.497957 ], [ 10.000678, 53.497884 ], [ 10.000673, 53.497885 ], [ 10.000628, 53.497822 ], [ 10.000632, 53.497821 ], [ 10.000601, 53.497778 ], [ 10.000596, 53.497779 ] ], [ [ 10.000563, 53.497851 ], [ 10.000568, 53.497857 ], [ 10.000563, 53.497859 ], [ 10.000558, 53.497852 ], [ 10.000563, 53.497851 ] ], [ [ 10.000552, 53.497844 ], [ 10.000557, 53.497843 ], [ 10.000562, 53.49785 ], [ 10.000557, 53.497851 ], [ 10.000552, 53.497844 ] ] ], [ [ [ 10.000554, 53.497913 ], [ 10.000552, 53.497914 ], [ 10.00056, 53.497927 ], [ 10.000568, 53.49793 ], [ 10.000554, 53.497913 ] ] ], [ [ [ 10.000331, 53.497899 ], [ 10.000426, 53.498038 ], [ 10.00053, 53.49801 ], [ 10.000514, 53.497989 ], [ 10.000559, 53.497977 ], [ 10.000514, 53.497915 ], [ 10.000469, 53.497926 ], [ 10.000437, 53.497882 ], [ 10.000481, 53.497871 ], [ 10.00042, 53.497787 ], [ 10.000273, 53.497824 ], [ 10.000327, 53.4979 ], [ 10.000331, 53.497899 ] ] ], [ [ [ 10.000552, 53.497746 ], [ 10.000545, 53.497738 ], [ 10.000535, 53.49774 ], [ 10.000542, 53.497749 ], [ 10.000552, 53.497746 ] ] ], [ [ [ 10.00052, 53.497877 ], [ 10.000536, 53.497873 ], [ 10.000529, 53.497864 ], [ 10.00045, 53.497885 ], [ 10.000474, 53.497919 ], [ 10.000555, 53.497899 ], [ 10.000548, 53.49789 ], [ 10.000532, 53.497894 ], [ 10.00052, 53.497877 ] ] ], [ [ [ 10.00031, 53.497809 ], [ 10.000534, 53.497751 ], [ 10.000526, 53.49774 ], [ 10.000302, 53.497798 ], [ 10.00031, 53.497809 ] ] ], [ [ [ 10.000269, 53.497819 ], [ 10.000303, 53.497811 ], [ 10.000296, 53.497802 ], [ 10.000262, 53.497811 ], [ 10.000269, 53.497819 ] ] ] ] } },
{ "type": "Feature", "properties": { "oid": "DEHHALKA10005iG5", "gebaeudefunktion": 1010, "dachform": 1000.0, "dach_m2": 1046.5, "gruen_m2": null, "anteil": null, "jahrgang": "2024", "quelle": "dachflaechen", "klasse": "gruendach", "herkunft": "modell_ungeprueft", "fehlerkategorie": null }, "geometry": { "type": "Polygon", "coordinates": [ [ [ 9.990905, 53.517168 ], [ 9.990476, 53.517379 ], [ 9.990605, 53.517472 ], [ 9.991078, 53.517243 ], [ 9.991119, 53.517232 ], [ 9.991674, 53.517133 ], [ 9.991624, 53.517033 ], [ 9.990986, 53.517146 ], [ 9.990905, 53.517168 ] ], [ [ 9.991074, 53.517212 ], [ 9.991081, 53.517227 ], [ 9.991062, 53.51723 ], [ 9.991055, 53.517215 ], [ 9.991074, 53.517212 ] ], [ [ 9.990976, 53.517175 ], [ 9.990967, 53.517155 ], [ 9.991019, 53.517146 ], [ 9.991029, 53.517167 ], [ 9.990996, 53.517172 ], [ 9.990976, 53.517175 ] ] ] } },
{ "type": "Feature", "properties": { "oid": "DEHHALKA10005toX", "gebaeudefunktion": 2140, "dachform": 1000.0, "dach_m2": 9325.9, "gruen_m2": 4280.2, "anteil": 45.9, "jahrgang": "2024", "quelle": "dachflaechen", "klasse": "gruendach", "herkunft": "modell_ungeprueft", "fehlerkategorie": null }, "geometry": { "type": "Polygon", "coordinates": [ [ [ 10.048937, 53.508429 ], [ 10.049323, 53.507149 ], [ 10.04832, 53.507041 ], [ 10.047934, 53.508322 ], [ 10.048937, 53.508429 ] ], [ [ 10.04914, 53.507242 ], [ 10.049165, 53.507244 ], [ 10.049133, 53.507352 ], [ 10.049102, 53.507348 ], [ 10.049134, 53.507241 ], [ 10.04914, 53.507242 ] ], [ [ 10.049117, 53.507404 ], [ 10.049085, 53.507511 ], [ 10.049054, 53.507508 ], [ 10.049087, 53.5074 ], [ 10.049117, 53.507404 ] ], [ [ 10.049034, 53.507613 ], [ 10.049053, 53.507615 ], [ 10.049021, 53.507723 ], [ 10.048991, 53.507719 ], [ 10.049023, 53.507612 ], [ 10.049034, 53.507613 ] ], [ [ 10.049036, 53.507309 ], [ 10.049033, 53.507317 ], [ 10.049018, 53.507316 ], [ 10.049021, 53.507308 ], [ 10.049036, 53.507309 ] ], [ [ 10.048978, 53.507865 ], [ 10.048957, 53.507935 ], [ 10.048926, 53.507932 ], [ 10.048959, 53.507825 ], [ 10.048989, 53.507828 ], [ 10.048978, 53.507865 ] ], [ [ 10.048972, 53.507521 ], [ 10.048969, 53.507529 ], [ 10.048956, 53.507528 ], [ 10.048958, 53.507519 ], [ 10.048972, 53.507521 ] ], [ [ 10.048893, 53.508148 ], [ 10.048863, 53.508144 ], [ 10.048895, 53.508037 ], [ 10.048926, 53.50804 ], [ 10.048893, 53.508148 ] ], [ [ 10.048908, 53.507733 ], [ 10.048905, 53.507742 ], [ 10.048891, 53.507741 ], [ 10.048894, 53.507731 ], [ 10.048908, 53.507733 ] ], [ [ 10.04885, 53.508294 ], [ 10.048846, 53.508307 ], [ 10.048815, 53.508304 ], [ 10.048847, 53.508196 ], [ 10.048878, 53.5082 ], [ 10.04885, 53.508294 ] ], [ [ 10.048828, 53.507952 ], [ 10.04883, 53.507944 ], [ 10.048844, 53.507945 ], [ 10.048841, 53.507954 ], [ 10.048828, 53.507952 ] ], [ [ 10.048749, 53.507311 ], [ 10.048744, 53.50731 ], [ 10.048776, 53.507203 ], [ 10.048807, 53.507206 ], [ 10.048774, 53.507313 ], [ 10.048749, 53.507311 ] ], [ [ 10.048763, 53.508165 ], [ 10.048765, 53.508156 ], [ 10.04878, 53.508157 ], [ 10.048778, 53.508166 ], [ 10.048763, 53.508165 ] ], [ [ 10.048729, 53.507362 ], [ 10.048758, 53.507365 ], [ 10.048726, 53.507473 ], [ 10.048696, 53.507469 ], [ 10.048729, 53.507362 ] ], [ [ 10.048632, 53.507681 ], [ 10.048664, 53.507574 ], [ 10.048695, 53.507577 ], [ 10.048662, 53.507684 ], [ 10.048632, 53.507681 ] ], [ [ 10.048612, 53.507853 ], [ 10.048599, 53.507897 ], [ 10.048568, 53.507894 ], [ 10.048601, 53.507787 ], [ 10.048631, 53.50779 ], [ 10.048612, 53.507853 ] ], [ [ 10.048562, 53.508002 ], [ 10.048567, 53.508002 ], [ 10.048535, 53.508109 ], [ 10.048504, 53.508106 ], [ 10.048537, 53.507999 ], [ 10.048562, 53.508002 ] ], [ [ 10.048511, 53.507253 ], [ 10.048509, 53.507261 ], [ 10.048495, 53.507259 ], [ 10.048497, 53.507251 ], [ 10.048511, 53.507253 ] ], [ [ 10.048487, 53.508269 ], [ 10.048456, 53.508265 ], [ 10.048488, 53.508158 ], [ 10.048519, 53.508161 ], [ 10.048487, 53.508269 ] ], [ [ 10.048418, 53.507165 ], [ 10.048448, 53.507168 ], [ 10.048416, 53.507275 ], [ 10.048385, 53.507272 ], [ 10.048418, 53.507165 ] ], [ [ 10.048448, 53.507465 ], [ 10.048445, 53.507473 ], [ 10.048432, 53.507471 ], [ 10.048434, 53.507463 ], [ 10.048448, 53.507465 ] ], [ [ 10.048367, 53.507335 ], [ 10.048371, 53.507324 ], [ 10.0484, 53.507327 ], [ 10.048368, 53.507435 ], [ 10.048338, 53.507431 ], [ 10.048367, 53.507335 ] ], [ [ 10.048384, 53.507677 ], [ 10.048381, 53.507686 ], [ 10.048367, 53.507684 ], [ 10.04837, 53.507675 ], [ 10.048384, 53.507677 ] ], [ [ 10.048306, 53.507536 ], [ 10.048336, 53.507539 ], [ 10.048304, 53.507646 ], [ 10.048273, 53.507643 ], [ 10.048306, 53.507536 ] ], [ [ 10.048208, 53.507421 ], [ 10.048322, 53.507043 ], [ 10.048256, 53.507262 ], [ 10.048208, 53.507421 ] ], [ [ 10.048319, 53.50789 ], [ 10.048317, 53.507898 ], [ 10.048303, 53.507896 ], [ 10.048305, 53.507888 ], [ 10.048319, 53.50789 ] ], [ [ 10.048253, 53.50775 ], [ 10.048272, 53.507752 ], [ 10.04824, 53.507859 ], [ 10.04821, 53.507856 ], [ 10.048242, 53.507748 ], [ 10.048253, 53.50775 ] ], [ [ 10.04824, 53.508109 ], [ 10.048242, 53.5081 ], [ 10.048255, 53.508102 ], [ 10.048253, 53.50811 ], [ 10.04824, 53.508109 ] ], [ [ 10.048146, 53.508068 ], [ 10.048178, 53.507961 ], [ 10.048208, 53.507964 ], [ 10.048176, 53.508071 ], [ 10.048146, 53.508068 ] ], [ [ 10.048175, 53.50753 ], [ 10.048129, 53.507683 ], [ 10.048109, 53.50775 ], [ 10.048175, 53.50753 ] ], [ [ 10.048128, 53.50823 ], [ 10.048097, 53.508227 ], [ 10.04813, 53.50812 ], [ 10.04816, 53.508123 ], [ 10.048128, 53.50823 ] ], [ [ 10.048013, 53.508067 ], [ 10.047973, 53.5082 ], [ 10.047937, 53.508321 ], [ 10.048074, 53.507866 ], [ 10.048013, 53.508067 ] ] ] } },
{ "type": "Feature", "properties": { "oid": "DEHHALKA10005tob", "gebaeudefunktion": 2510, "dachform": 1000.0, "dach_m2": 62.6, "gruen_m2": 59.0, "anteil": 94.2, "jahrgang": "2024", "quelle": "dachflaechen", "klasse": "gruendach", "herkunft": "modell_ungeprueft", "fehlerkategorie": null }, "geometry": { "type": "Polygon", "coordinates": [ [ [ 10.04845, 53.508493 ], [ 10.048316, 53.508479 ], [ 10.048297, 53.50854 ], [ 10.048432, 53.508554 ], [ 10.04845, 53.508493 ] ] ] } },
{ "type": "Feature", "properties": { "oid": "DEHHALKA10005toj", "gebaeudefunktion": 2020, "dachform": 1000.0, "dach_m2": 243.5, "gruen_m2": 227.3, "anteil": 93.4, "jahrgang": "2024", "quelle": "dachflaechen", "klasse": "gruendach", "herkunft": "modell_bestaetigt", "fehlerkategorie": "korrekt" }, "geometry": { "type": "MultiPolygon", "coordinates": [ [ [ [ 10.049156, 53.507703 ], [ 10.049104, 53.507875 ], [ 10.049279, 53.507893 ], [ 10.049331, 53.507721 ], [ 10.049156, 53.507703 ] ], [ [ 10.049167, 53.507798 ], [ 10.049165, 53.507804 ], [ 10.049155, 53.507803 ], [ 10.049157, 53.507797 ], [ 10.049167, 53.507798 ] ], [ [ 10.04915, 53.507855 ], [ 10.049148, 53.507861 ], [ 10.049138, 53.50786 ], [ 10.04914, 53.507854 ], [ 10.04915, 53.507855 ] ] ], [ [ [ 10.049265, 53.507688 ], [ 10.049164, 53.507677 ], [ 10.049158, 53.507698 ], [ 10.049259, 53.507709 ], [ 10.049265, 53.507688 ] ] ] ] } },
{ "type": "Feature", "properties": { "oid": "DEHHALKA10006Vlz", "gebaeudefunktion": 2050, "dachform": 2100.0, "dach_m2": 1420.1, "gruen_m2": 605.0, "anteil": 42.6, "jahrgang": "2024", "quelle": "dachflaechen", "klasse": "gruendach", "herkunft": "modell_bestaetigt", "fehlerkategorie": "korrekt" }, "geometry": { "type": "MultiPolygon", "coordinates": [ [ [ [ 9.985713, 53.511827 ], [ 9.985707, 53.511783 ], [ 9.985699, 53.511783 ], [ 9.985722, 53.511968 ], [ 9.98574, 53.51197 ], [ 9.985723, 53.511973 ], [ 9.985733, 53.511973 ], [ 9.985738, 53.512018 ], [ 9.985815, 53.512014 ], [ 9.985836, 53.512186 ], [ 9.985988, 53.512179 ], [ 9.985987, 53.512168 ], [ 9.986202, 53.512158 ], [ 9.986207, 53.512196 ], [ 9.986268, 53.512194 ], [ 9.986215, 53.51176 ], [ 9.985788, 53.511778 ], [ 9.985796, 53.511843 ], [ 9.985716, 53.511847 ], [ 9.985713, 53.511827 ] ] ], [ [ [ 9.98571, 53.51178 ], [ 9.985719, 53.511845 ], [ 9.98579, 53.511841 ], [ 9.985783, 53.511776 ], [ 9.98571, 53.51178 ] ], [ [ 9.98577, 53.511841 ], [ 9.985738, 53.511842 ], [ 9.98573, 53.511791 ], [ 9.985766, 53.511789 ], [ 9.98577, 53.511841 ] ] ] ] } },
{ "type": "Feature", "properties": { "oid": "DEHHALKA10006Vm3", "gebaeudefunktion": 2050, "dachform": 9999.0, "dach_m2": 1906.6, "gruen_m2": null, "anteil": null, "jahrgang": "2024", "quelle": "dachflaechen", "klasse": "gruendach", "herkunft": "haendisch_ergaenzt", "fehlerkategorie": "korrekt" }, "geometry": { "type": "MultiPolygon", "coordinates": [ [ [ [ 9.985904, 53.512822 ], [ 9.985907, 53.512849 ], [ 9.985721, 53.512857 ], [ 9.98577, 53.513236 ], [ 9.985773, 53.513236 ], [ 9.986201, 53.513219 ], [ 9.986283, 53.513216 ], [ 9.986272, 53.513095 ], [ 9.986297, 53.513094 ], [ 9.98627, 53.512834 ], [ 9.986083, 53.512842 ], [ 9.98608, 53.512814 ], [ 9.985904, 53.512822 ] ], [ [ 9.985998, 53.512869 ], [ 9.986051, 53.512867 ], [ 9.986086, 53.512865 ], [ 9.985998, 53.512869 ] ] ], [ [ [ 9.986201, 53.513219 ], [ 9.98578, 53.513236 ], [ 9.985792, 53.513344 ], [ 9.986054, 53.513332 ], [ 9.986078, 53.513364 ], [ 9.9862, 53.513359 ], [ 9.986196, 53.513327 ], [ 9.986214, 53.513326 ], [ 9.986201, 53.513219 ] ], [ [ 9.985897, 53.51325 ], [ 9.986019, 53.513245 ], [ 9.986021, 53.513255 ], [ 9.985898, 53.513261 ], [ 9.985897, 53.51325 ] ], [ [ 9.985875, 53.513258 ], [ 9.985861, 53.513259 ], [ 9.98586, 53.513254 ], [ 9.985874, 53.513254 ], [ 9.985875, 53.513258 ] ] ], [ [ [ 9.986204, 53.51333 ], [ 9.986207, 53.513357 ], [ 9.986252, 53.513356 ], [ 9.986248, 53.513329 ], [ 9.986204, 53.51333 ] ] ] ] } },
{ "type": "Feature", "properties": { "oid": "DEHHALKA10007QVf", "gebaeudefunktion": 1010, "dachform": 1000.0, "dach_m2": 273.9, "gruen_m2": 139.7, "anteil": 51.0, "jahrgang": "2024", "quelle": "dachflaechen", "klasse": "gruendach", "herkunft": "modell_bestaetigt", "fehlerkategorie": "korrekt" }, "geometry": { "type": "MultiPolygon", "coordinates": [ [ [ [ 10.001494, 53.496863 ], [ 10.001355, 53.496931 ], [ 10.001367, 53.49694 ], [ 10.001393, 53.496927 ], [ 10.001404, 53.496935 ], [ 10.001517, 53.49688 ], [ 10.001494, 53.496863 ] ] ], [ [ [ 10.001309, 53.496909 ], [ 10.001318, 53.496904 ], [ 10.001335, 53.496916 ], [ 10.001338, 53.496915 ], [ 10.001348, 53.496926 ], [ 10.001485, 53.496859 ], [ 10.001368, 53.496775 ], [ 10.001134, 53.496889 ], [ 10.001222, 53.496952 ], [ 10.001302, 53.496909 ], [ 10.001309, 53.496909 ] ], [ [ 10.001364, 53.49685 ], [ 10.001375, 53.496858 ], [ 10.001366, 53.496863 ], [ 10.001355, 53.496855 ], [ 10.001364, 53.49685 ] ], [ [ 10.001321, 53.496897 ], [ 10.001303, 53.496884 ], [ 10.001325, 53.496874 ], [ 10.001342, 53.496886 ], [ 10.001321, 53.496897 ] ], [ [ 10.001289, 53.496885 ], [ 10.001278, 53.496877 ], [ 10.001286, 53.496872 ], [ 10.001272, 53.496863 ], [ 10.001302, 53.496848 ], [ 10.001326, 53.496867 ], [ 10.001289, 53.496885 ] ], [ [ 10.001268, 53.496907 ], [ 10.001261, 53.496901 ], [ 10.001267, 53.496898 ], [ 10.001274, 53.496904 ], [ 10.001268, 53.496907 ] ] ], [ [ [ 10.001343, 53.496754 ], [ 10.001106, 53.496871 ], [ 10.001125, 53.496885 ], [ 10.001363, 53.496769 ], [ 10.001343, 53.496754 ] ] ] ] } },
{ "type": "Feature", "properties": { "oid": "DEHHALKA10007ePe", "gebaeudefunktion": 2071, "dachform": 1000.0, "dach_m2": 1191.2, "gruen_m2": 797.6, "anteil": 67.0, "jahrgang": "2024", "quelle": "dachflaechen", "klasse": "gruendach", "herkunft": "modell_bestaetigt", "fehlerkategorie": "korrekt" }, "geometry": { "type": "MultiPolygon", "coordinates": [ [ [ [ 10.003166, 53.496182 ], [ 10.003351, 53.496089 ], [ 10.003532, 53.496147 ], [ 10.003666, 53.49608 ], [ 10.003566, 53.496007 ], [ 10.003565, 53.496002 ], [ 10.003289, 53.495933 ], [ 10.002986, 53.496113 ], [ 10.00289, 53.496141 ], [ 10.002753, 53.496232 ], [ 10.002865, 53.496335 ], [ 10.002922, 53.49633 ], [ 10.003047, 53.496242 ], [ 10.003109, 53.496211 ], [ 10.003079, 53.49619 ], [ 10.003136, 53.496161 ], [ 10.003166, 53.496182 ] ], [ [ 10.003585, 53.496042 ], [ 10.003595, 53.496048 ], [ 10.003578, 53.496057 ], [ 10.003569, 53.49605 ], [ 10.003585, 53.496042 ] ], [ [ 10.003578, 53.49602 ], [ 10.003593, 53.49603 ], [ 10.003578, 53.496038 ], [ 10.003564, 53.496027 ], [ 10.003578, 53.49602 ] ], [ [ 10.003573, 53.496039 ], [ 10.003565, 53.496043 ], [ 10.00356, 53.49604 ], [ 10.003568, 53.496036 ], [ 10.003573, 53.496039 ] ], [ [ 10.003503, 53.496053 ], [ 10.003505, 53.49605 ], [ 10.003517, 53.496054 ], [ 10.003514, 53.496056 ], [ 10.003503, 53.496053 ] ], [ [ 10.002999, 53.496177 ], [ 10.003328, 53.496009 ], [ 10.003342, 53.496008 ], [ 10.00339, 53.496021 ], [ 10.003411, 53.495991 ], [ 10.003422, 53.495988 ], [ 10.003442, 53.495992 ], [ 10.003435, 53.496001 ], [ 10.003424, 53.495999 ], [ 10.003398, 53.496031 ], [ 10.003335, 53.496017 ], [ 10.002941, 53.496214 ], [ 10.003333, 53.49602 ], [ 10.003419, 53.49604 ], [ 10.003453, 53.495992 ], [ 10.003432, 53.495987 ], [ 10.003439, 53.495977 ], [ 10.00347, 53.495988 ], [ 10.003429, 53.496049 ], [ 10.003417, 53.49605 ], [ 10.003339, 53.496029 ], [ 10.002854, 53.496263 ], [ 10.002849, 53.496259 ], [ 10.002875, 53.496247 ], [ 10.00287, 53.496243 ], [ 10.002999, 53.496177 ] ], [ [ 10.003332, 53.496043 ], [ 10.003323, 53.496047 ], [ 10.003319, 53.496045 ], [ 10.003329, 53.49604 ], [ 10.003332, 53.496043 ] ], [ [ 10.003299, 53.496053 ], [ 10.003302, 53.496055 ], [ 10.003295, 53.496058 ], [ 10.003292, 53.496056 ], [ 10.003299, 53.496053 ] ], [ [ 10.003037, 53.496239 ], [ 10.003022, 53.496229 ], [ 10.003034, 53.496223 ], [ 10.003048, 53.496233 ], [ 10.003037, 53.496239 ] ], [ [ 10.002985, 53.496212 ], [ 10.003021, 53.496196 ], [ 10.003038, 53.496207 ], [ 10.003029, 53.496212 ], [ 10.003017, 53.496204 ], [ 10.003019, 53.496214 ], [ 10.002991, 53.496225 ], [ 10.00298, 53.496218 ], [ 10.002985, 53.496212 ] ], [ [ 10.002988, 53.496226 ], [ 10.002978, 53.496231 ], [ 10.00297, 53.496225 ], [ 10.00298, 53.49622 ], [ 10.002988, 53.496226 ] ] ], [ [ [ 10.003186, 53.49598 ], [ 10.002788, 53.49613 ], [ 10.002715, 53.496224 ], [ 10.002849, 53.496325 ], [ 10.002748, 53.496232 ], [ 10.002888, 53.496138 ], [ 10.002984, 53.496111 ], [ 10.003287, 53.495929 ], [ 10.003542, 53.495993 ], [ 10.003473, 53.495942 ], [ 10.003323, 53.495887 ], [ 10.003186, 53.49598 ] ] ], [ [ [ 10.003472, 53.49614 ], [ 10.003475, 53.496135 ], [ 10.003351, 53.496096 ], [ 10.003305, 53.496119 ], [ 10.003472, 53.49614 ] ] ], [ [ [ 10.003392, 53.495886 ], [ 10.003357, 53.495892 ], [ 10.003437, 53.495921 ], [ 10.003439, 53.49592 ], [ 10.003392, 53.495886 ] ] ], [ [ [ 10.003182, 53.495974 ], [ 10.003285, 53.495905 ], [ 10.003187, 53.495919 ], [ 10.003105, 53.496003 ], [ 10.003182, 53.495974 ] ] ], [ [ [ 10.003055, 53.496245 ], [ 10.002924, 53.496333 ], [ 10.002863, 53.496337 ], [ 10.002887, 53.496356 ], [ 10.00294, 53.496351 ], [ 10.003057, 53.496246 ], [ 10.002934, 53.496348 ], [ 10.003055, 53.496245 ] ] ] ] } },
{ "type": "Feature", "properties": { "oid": "DEHHALKA10007htD", "gebaeudefunktion": 3010, "dachform": 1000.0, "dach_m2": 7953.3, "gruen_m2": 3430.5, "anteil": 43.1, "jahrgang": "2024", "quelle": "dachflaechen", "klasse": "gruendach", "herkunft": "modell_bestaetigt", "fehlerkategorie": "korrekt" }, "geometry": { "type": "MultiPolygon", "coordinates": [ [ [ [ 10.004834, 53.498598 ], [ 10.004788, 53.498472 ], [ 10.004776, 53.498416 ], [ 10.004781, 53.498251 ], [ 10.004734, 53.498113 ], [ 10.004725, 53.498016 ], [ 10.004705, 53.497961 ], [ 10.004677, 53.497919 ], [ 10.004624, 53.497872 ], [ 10.004242, 53.497611 ], [ 10.004272, 53.497766 ], [ 10.004269, 53.497779 ], [ 10.004256, 53.4978 ], [ 10.004234, 53.497817 ], [ 10.004149, 53.497856 ], [ 10.004432, 53.497898 ], [ 10.004468, 53.497917 ], [ 10.004481, 53.497945 ], [ 10.00447, 53.497967 ], [ 10.004443, 53.497984 ], [ 10.004247, 53.498043 ], [ 10.004224, 53.498062 ], [ 10.004216, 53.498076 ], [ 10.004219, 53.498107 ], [ 10.004237, 53.498128 ], [ 10.004267, 53.498143 ], [ 10.004573, 53.498211 ], [ 10.004597, 53.498224 ], [ 10.004612, 53.498247 ], [ 10.004609, 53.498267 ], [ 10.004589, 53.498289 ], [ 10.00436, 53.498404 ], [ 10.004338, 53.49842 ], [ 10.004326, 53.49844 ], [ 10.004331, 53.498475 ], [ 10.004368, 53.498503 ], [ 10.004619, 53.49856 ], [ 10.004648, 53.498574 ], [ 10.004664, 53.498594 ], [ 10.004664, 53.498617 ], [ 10.004647, 53.498636 ], [ 10.004442, 53.498742 ], [ 10.004422, 53.498774 ], [ 10.004428, 53.498801 ], [ 10.004445, 53.498819 ], [ 10.004481, 53.498836 ], [ 10.004721, 53.498888 ], [ 10.004779, 53.498889 ], [ 10.00483, 53.498871 ], [ 10.004857, 53.498839 ], [ 10.004858, 53.498818 ], [ 10.004835, 53.49873 ], [ 10.004834, 53.498598 ] ], [ [ 10.004538, 53.497963 ], [ 10.004424, 53.497861 ], [ 10.004426, 53.497853 ], [ 10.004452, 53.497836 ], [ 10.004507, 53.497817 ], [ 10.004658, 53.497936 ], [ 10.004655, 53.497946 ], [ 10.004639, 53.497951 ], [ 10.004592, 53.49796 ], [ 10.004544, 53.497963 ], [ 10.004538, 53.497963 ] ], [ [ 10.004409, 53.498462 ], [ 10.004416, 53.498444 ], [ 10.004484, 53.498409 ], [ 10.004505, 53.498413 ], [ 10.004494, 53.498413 ], [ 10.004427, 53.498447 ], [ 10.004421, 53.498452 ], [ 10.00442, 53.49846 ], [ 10.004424, 53.498467 ], [ 10.004465, 53.498478 ], [ 10.004461, 53.498485 ], [ 10.004426, 53.498477 ], [ 10.004409, 53.498462 ] ], [ [ 10.004595, 53.49877 ], [ 10.004586, 53.498768 ], [ 10.004589, 53.498762 ], [ 10.004598, 53.498764 ], [ 10.004595, 53.49877 ] ], [ [ 10.004536, 53.498442 ], [ 10.004533, 53.498448 ], [ 10.004524, 53.498446 ], [ 10.004527, 53.49844 ], [ 10.004536, 53.498442 ] ], [ [ 10.004493, 53.49843 ], [ 10.004482, 53.498427 ], [ 10.004487, 53.49842 ], [ 10.004497, 53.498422 ], [ 10.004493, 53.49843 ] ], [ [ 10.00448, 53.498098 ], [ 10.004471, 53.498096 ], [ 10.004474, 53.498091 ], [ 10.004484, 53.498093 ], [ 10.00448, 53.498098 ] ], [ [ 10.004447, 53.498438 ], [ 10.004475, 53.49845 ], [ 10.00445, 53.498471 ], [ 10.004422, 53.498458 ], [ 10.004426, 53.498455 ], [ 10.004447, 53.498438 ] ], [ [ 10.004431, 53.498068 ], [ 10.004426, 53.498075 ], [ 10.004415, 53.498073 ], [ 10.00442, 53.498065 ], [ 10.004431, 53.498068 ] ], [ [ 10.004398, 53.498125 ], [ 10.004395, 53.49813 ], [ 10.00432, 53.498113 ], [ 10.004307, 53.498099 ], [ 10.004308, 53.498089 ], [ 10.004322, 53.498077 ], [ 10.004407, 53.498053 ], [ 10.00442, 53.498056 ], [ 10.00433, 53.498081 ], [ 10.004317, 53.498095 ], [ 10.004323, 53.498106 ], [ 10.004398, 53.498125 ] ], [ [ 10.004359, 53.498106 ], [ 10.004344, 53.498087 ], [ 10.004383, 53.498076 ], [ 10.004397, 53.498095 ], [ 10.004359, 53.498106 ] ] ], [ [ [ 10.004803, 53.498147 ], [ 10.004789, 53.498084 ], [ 10.004762, 53.498027 ], [ 10.004718, 53.497959 ], [ 10.004738, 53.498015 ], [ 10.004747, 53.498112 ], [ 10.004785, 53.498209 ], [ 10.004796, 53.498264 ], [ 10.004801, 53.498211 ], [ 10.004803, 53.498147 ] ] ], [ [ [ 10.004432, 53.497859 ], [ 10.004542, 53.497959 ], [ 10.004602, 53.497954 ], [ 10.004649, 53.497943 ], [ 10.004651, 53.497938 ], [ 10.004504, 53.497823 ], [ 10.004457, 53.49784 ], [ 10.004432, 53.497859 ] ] ], [ [ [ 10.004213, 53.497545 ], [ 10.004194, 53.49752 ], [ 10.004165, 53.497504 ], [ 10.004114, 53.497495 ], [ 10.00406, 53.497502 ], [ 10.003857, 53.497591 ], [ 10.003836, 53.497605 ], [ 10.003822, 53.497624 ], [ 10.003818, 53.497643 ], [ 10.003861, 53.497861 ], [ 10.003876, 53.497883 ], [ 10.003908, 53.497901 ], [ 10.003966, 53.497911 ], [ 10.004024, 53.4979 ], [ 10.004219, 53.497813 ], [ 10.004246, 53.497792 ], [ 10.004256, 53.497769 ], [ 10.004213, 53.497545 ] ], [ [ 10.003951, 53.497866 ], [ 10.003934, 53.497867 ], [ 10.003922, 53.497861 ], [ 10.003881, 53.497651 ], [ 10.004101, 53.497551 ], [ 10.004116, 53.497553 ], [ 10.004126, 53.49756 ], [ 10.004165, 53.497768 ], [ 10.003951, 53.497866 ] ] ], [ [ [ 10.003927, 53.497857 ], [ 10.003942, 53.497862 ], [ 10.004157, 53.497767 ], [ 10.00412, 53.497569 ], [ 10.004042, 53.497604 ], [ 10.004024, 53.49759 ], [ 10.003888, 53.497652 ], [ 10.003927, 53.497857 ] ], [ [ 10.004079, 53.497758 ], [ 10.004128, 53.497753 ], [ 10.00413, 53.497763 ], [ 10.00408, 53.497764 ], [ 10.004079, 53.497758 ] ], [ [ 10.004083, 53.497644 ], [ 10.004086, 53.497642 ], [ 10.00409, 53.497644 ], [ 10.004086, 53.497646 ], [ 10.004083, 53.497644 ] ], [ [ 10.004089, 53.497638 ], [ 10.004086, 53.497641 ], [ 10.004082, 53.497639 ], [ 10.004085, 53.497637 ], [ 10.004089, 53.497638 ] ], [ [ 10.004079, 53.497646 ], [ 10.004075, 53.497645 ], [ 10.004078, 53.497642 ], [ 10.004082, 53.497644 ], [ 10.004079, 53.497646 ] ], [ [ 10.004077, 53.497638 ], [ 10.004081, 53.497639 ], [ 10.00408, 53.497642 ], [ 10.004075, 53.497641 ], [ 10.004077, 53.497638 ] ], [ [ 10.004056, 53.497642 ], [ 10.004063, 53.497642 ], [ 10.004061, 53.497646 ], [ 10.004055, 53.497645 ], [ 10.004056, 53.497642 ] ], [ [ 10.004058, 53.497677 ], [ 10.00406, 53.497686 ], [ 10.004045, 53.497687 ], [ 10.004043, 53.497678 ], [ 10.004058, 53.497677 ] ], [ [ 10.004046, 53.497739 ], [ 10.004047, 53.497749 ], [ 10.004031, 53.49775 ], [ 10.004029, 53.49774 ], [ 10.004046, 53.497739 ] ], [ [ 10.003983, 53.497802 ], [ 10.003979, 53.497804 ], [ 10.003977, 53.497801 ], [ 10.003981, 53.4978 ], [ 10.003983, 53.497802 ] ] ], [ [ [ 10.0041, 53.497558 ], [ 10.004032, 53.497588 ], [ 10.004043, 53.497597 ], [ 10.004116, 53.497565 ], [ 10.004114, 53.49756 ], [ 10.0041, 53.497558 ] ] ], [ [ [ 10.002186, 53.498574 ], [ 10.002423, 53.498496 ], [ 10.002621, 53.4984 ], [ 10.00287, 53.498322 ], [ 10.003074, 53.498227 ], [ 10.003336, 53.498151 ], [ 10.003404, 53.498124 ], [ 10.003495, 53.498078 ], [ 10.003573, 53.498046 ], [ 10.003657, 53.49802 ], [ 10.003837, 53.497977 ], [ 10.00398, 53.497919 ], [ 10.003923, 53.497916 ], [ 10.003873, 53.497895 ], [ 10.003848, 53.497867 ], [ 10.003839, 53.497826 ], [ 10.003824, 53.497839 ], [ 10.003802, 53.497848 ], [ 10.003777, 53.497853 ], [ 10.00375, 53.497852 ], [ 10.003419, 53.497769 ], [ 10.003365, 53.497767 ], [ 10.003328, 53.497776 ], [ 10.003297, 53.497796 ], [ 10.003281, 53.497826 ], [ 10.003316, 53.498012 ], [ 10.003308, 53.498035 ], [ 10.003283, 53.498054 ], [ 10.003247, 53.498064 ], [ 10.003206, 53.498061 ], [ 10.002932, 53.49799 ], [ 10.002894, 53.497985 ], [ 10.002854, 53.497989 ], [ 10.002813, 53.498006 ], [ 10.002788, 53.498034 ], [ 10.002785, 53.498051 ], [ 10.002813, 53.498203 ], [ 10.002802, 53.498226 ], [ 10.002783, 53.498239 ], [ 10.002759, 53.498247 ], [ 10.002719, 53.498248 ], [ 10.002481, 53.498189 ], [ 10.002441, 53.498185 ], [ 10.002414, 53.498187 ], [ 10.002368, 53.498204 ], [ 10.002342, 53.498232 ], [ 10.002339, 53.498255 ], [ 10.002361, 53.498375 ], [ 10.002353, 53.498399 ], [ 10.002325, 53.498416 ], [ 10.002298, 53.498424 ], [ 10.002258, 53.498423 ], [ 10.002072, 53.498376 ], [ 10.002035, 53.49837 ], [ 10.001995, 53.498373 ], [ 10.001949, 53.49839 ], [ 10.001925, 53.498413 ], [ 10.001883, 53.498602 ], [ 10.001897, 53.498624 ], [ 10.001936, 53.498646 ], [ 10.001978, 53.498654 ], [ 10.002026, 53.498649 ], [ 10.002186, 53.498574 ] ], [ [ 10.003524, 53.497926 ], [ 10.003514, 53.497927 ], [ 10.003513, 53.497921 ], [ 10.003523, 53.49792 ], [ 10.003524, 53.497926 ] ], [ [ 10.003501, 53.497897 ], [ 10.003502, 53.497903 ], [ 10.003492, 53.497903 ], [ 10.003491, 53.497897 ], [ 10.003501, 53.497897 ] ], [ [ 10.00336, 53.497908 ], [ 10.003362, 53.49792 ], [ 10.00335, 53.497921 ], [ 10.003348, 53.497909 ], [ 10.00336, 53.497908 ] ], [ [ 10.002993, 53.498061 ], [ 10.002998, 53.498055 ], [ 10.003015, 53.498059 ], [ 10.00301, 53.498066 ], [ 10.002993, 53.498061 ] ], [ [ 10.00297, 53.498118 ], [ 10.002968, 53.498112 ], [ 10.002978, 53.498111 ], [ 10.00298, 53.498117 ], [ 10.00297, 53.498118 ] ], [ [ 10.002951, 53.498094 ], [ 10.002941, 53.498095 ], [ 10.002939, 53.498089 ], [ 10.002949, 53.498088 ], [ 10.002951, 53.498094 ] ], [ [ 10.002497, 53.498278 ], [ 10.002487, 53.498278 ], [ 10.002486, 53.498273 ], [ 10.002496, 53.498272 ], [ 10.002497, 53.498278 ] ], [ [ 10.002058, 53.498463 ], [ 10.002068, 53.498463 ], [ 10.002067, 53.498469 ], [ 10.002057, 53.498468 ], [ 10.002058, 53.498463 ] ] ], [ [ [ 10.003785, 53.497843 ], [ 10.003813, 53.497833 ], [ 10.003825, 53.497822 ], [ 10.003833, 53.497801 ], [ 10.003803, 53.497643 ], [ 10.003807, 53.497621 ], [ 10.00382, 53.497603 ], [ 10.003452, 53.497766 ], [ 10.003729, 53.497839 ], [ 10.003764, 53.497844 ], [ 10.003785, 53.497843 ] ] ], [ [ [ 10.003234, 53.498055 ], [ 10.003265, 53.498051 ], [ 10.003289, 53.498038 ], [ 10.003298, 53.498025 ], [ 10.0033, 53.498009 ], [ 10.003269, 53.497847 ], [ 10.002956, 53.497986 ], [ 10.003202, 53.49805 ], [ 10.003234, 53.498055 ] ] ], [ [ [ 10.002774, 53.498232 ], [ 10.002797, 53.498209 ], [ 10.002773, 53.498067 ], [ 10.002507, 53.498185 ], [ 10.002699, 53.498235 ], [ 10.002733, 53.49824 ], [ 10.002774, 53.498232 ] ] ], [ [ [ 10.002345, 53.498368 ], [ 10.002325, 53.498265 ], [ 10.002089, 53.49837 ], [ 10.002273, 53.498416 ], [ 10.002317, 53.498409 ], [ 10.002343, 53.498389 ], [ 10.002345, 53.498368 ] ] ] ] } },
{ "type": "Feature", "properties": { "oid": "DEHHALKA10007mUC", "gebaeudefunktion": 1010, "dachform": 1000.0, "dach_m2": 504.2, "gruen_m2": 445.0, "anteil": 88.3, "jahrgang": "2024", "quelle": "dachflaechen", "klasse": "gruendach", "herkunft": "modell_bestaetigt", "fehlerkategorie": "korrekt" }, "geometry": { "type": "MultiPolygon", "coordinates": [ [ [ [ 9.999965, 53.496884 ], [ 9.99979, 53.496641 ], [ 9.999463, 53.496727 ], [ 9.999639, 53.496968 ], [ 9.999965, 53.496884 ] ], [ [ 9.999585, 53.496761 ], [ 9.999507, 53.49678 ], [ 9.99947, 53.496729 ], [ 9.999633, 53.496686 ], [ 9.999667, 53.496732 ], [ 9.999736, 53.496715 ], [ 9.999702, 53.496668 ], [ 9.999787, 53.496645 ], [ 9.999892, 53.49679 ], [ 9.999815, 53.49681 ], [ 9.999845, 53.49685 ], [ 9.999921, 53.496831 ], [ 9.999959, 53.496882 ], [ 9.999796, 53.496924 ], [ 9.999762, 53.496879 ], [ 9.999694, 53.496896 ], [ 9.999728, 53.496942 ], [ 9.999641, 53.496964 ], [ 9.999536, 53.496821 ], [ 9.999614, 53.496801 ], [ 9.999585, 53.496761 ] ], [ [ 9.999822, 53.496812 ], [ 9.999891, 53.496794 ], [ 9.999917, 53.496829 ], [ 9.999847, 53.496847 ], [ 9.999822, 53.496812 ] ], [ [ 9.999731, 53.49694 ], [ 9.9997, 53.496898 ], [ 9.99976, 53.496882 ], [ 9.999791, 53.496924 ], [ 9.999731, 53.49694 ] ], [ [ 9.999669, 53.496728 ], [ 9.999638, 53.496687 ], [ 9.999698, 53.496671 ], [ 9.999729, 53.496712 ], [ 9.999669, 53.496728 ] ], [ [ 9.999608, 53.4968 ], [ 9.999538, 53.496819 ], [ 9.999511, 53.496782 ], [ 9.999581, 53.496763 ], [ 9.999608, 53.4968 ] ] ], [ [ [ 9.999549, 53.496823 ], [ 9.999646, 53.496957 ], [ 9.999716, 53.49694 ], [ 9.999682, 53.496893 ], [ 9.999767, 53.496871 ], [ 9.9998, 53.496917 ], [ 9.999947, 53.496879 ], [ 9.999917, 53.496838 ], [ 9.99984, 53.496858 ], [ 9.999803, 53.496806 ], [ 9.999881, 53.496786 ], [ 9.999783, 53.496653 ], [ 9.999714, 53.496671 ], [ 9.999748, 53.496717 ], [ 9.999662, 53.496739 ], [ 9.999629, 53.496693 ], [ 9.999483, 53.496731 ], [ 9.999512, 53.496773 ], [ 9.999589, 53.496753 ], [ 9.999627, 53.496804 ], [ 9.999549, 53.496823 ] ], [ [ 9.999748, 53.496788 ], [ 9.999763, 53.496785 ], [ 9.999772, 53.496798 ], [ 9.999757, 53.496801 ], [ 9.999748, 53.496788 ] ], [ [ 9.999699, 53.49682 ], [ 9.999686, 53.496802 ], [ 9.999728, 53.49679 ], [ 9.999742, 53.496809 ], [ 9.999699, 53.49682 ] ], [ [ 9.99968, 53.496821 ], [ 9.999666, 53.496825 ], [ 9.999656, 53.496812 ], [ 9.99967, 53.496809 ], [ 9.99968, 53.496821 ] ] ] ] } },
{ "type": "Feature", "properties": { "oid": "DEHHALKA10007n6o", "gebaeudefunktion": 1130, "dachform": 1000.0, "dach_m2": 137.6, "gruen_m2": 43.4, "anteil": 31.5, "jahrgang": "2024", "quelle": "dachflaechen", "klasse": "gruendach", "herkunft": "modell_bestaetigt", "fehlerkategorie": "korrekt" }, "geometry": { "type": "MultiPolygon", "coordinates": [ [ [ [ 10.001692, 53.497002 ], [ 10.001617, 53.497039 ], [ 10.001682, 53.497086 ], [ 10.001757, 53.497049 ], [ 10.001692, 53.497002 ] ] ], [ [ [ 10.001547, 53.497093 ], [ 10.001601, 53.497067 ], [ 10.001633, 53.49709 ], [ 10.001579, 53.497117 ], [ 10.001595, 53.497128 ], [ 10.001677, 53.497089 ], [ 10.001612, 53.497042 ], [ 10.001531, 53.497082 ], [ 10.001547, 53.497093 ] ] ], [ [ [ 10.001601, 53.497131 ], [ 10.001594, 53.497134 ], [ 10.001579, 53.497123 ], [ 10.001507, 53.497158 ], [ 10.001568, 53.497203 ], [ 10.001592, 53.497191 ], [ 10.00155, 53.49716 ], [ 10.001585, 53.497143 ], [ 10.001627, 53.497174 ], [ 10.001646, 53.497165 ], [ 10.001601, 53.497131 ] ] ], [ [ [ 10.001464, 53.497127 ], [ 10.001537, 53.497092 ], [ 10.001521, 53.497081 ], [ 10.001527, 53.497078 ], [ 10.001481, 53.497045 ], [ 10.001461, 53.497054 ], [ 10.001505, 53.497086 ], [ 10.00147, 53.497103 ], [ 10.001427, 53.497071 ], [ 10.001403, 53.497083 ], [ 10.001464, 53.497127 ] ] ], [ [ [ 10.001518, 53.497147 ], [ 10.001485, 53.497122 ], [ 10.001468, 53.49713 ], [ 10.001502, 53.497155 ], [ 10.001518, 53.497147 ] ] ] ] } },
{ "type": "Feature", "properties": { "oid": "DEHHALKA10007uUQ", "gebaeudefunktion": 1010, "dachform": 1000.0, "dach_m2": 37.4, "gruen_m2": 26.5, "anteil": 70.8, "jahrgang": "2024", "quelle": "dachflaechen", "klasse": "gruendach", "herkunft": "modell_bestaetigt", "fehlerkategorie": "korrekt" }, "geometry": { "type": "MultiPolygon", "coordinates": [ [ [ [ 10.000958, 53.497182 ], [ 10.000915, 53.497128 ], [ 10.000847, 53.497147 ], [ 10.000888, 53.497201 ], [ 10.000958, 53.497182 ] ] ], [ [ [ 10.000803, 53.497084 ], [ 10.000834, 53.497071 ], [ 10.000871, 53.497066 ], [ 10.000864, 53.497058 ], [ 10.000784, 53.497081 ], [ 10.000791, 53.497088 ], [ 10.000803, 53.497084 ] ] ] ] } },
{ "type": "Feature", "properties": { "oid": "DEHHALKA10007uUX", "gebaeudefunktion": 1010, "dachform": 1000.0, "dach_m2": 37.4, "gruen_m2": 20.5, "anteil": 54.8, "jahrgang": "2024", "quelle": "dachflaechen", "klasse": "gruendach", "herkunft": "modell_bestaetigt", "fehlerkategorie": "korrekt" }, "geometry": { "type": "MultiPolygon", "coordinates": [ [ [ [ 10.000927, 53.497125 ], [ 10.000967, 53.497179 ], [ 10.001037, 53.49716 ], [ 10.000996, 53.497106 ], [ 10.000927, 53.497125 ] ] ], [ [ [ 10.000885, 53.497062 ], [ 10.000915, 53.497049 ], [ 10.000952, 53.497044 ], [ 10.000946, 53.497037 ], [ 10.000864, 53.497058 ], [ 10.000871, 53.497066 ], [ 10.000885, 53.497062 ] ] ] ] } },
{ "type": "Feature", "properties": { "oid": "DEHHALKA10007uUc", "gebaeudefunktion": 1010, "dachform": 1000.0, "dach_m2": 37.8, "gruen_m2": 21.0, "anteil": 55.7, "jahrgang": "2024", "quelle": "dachflaechen", "klasse": "gruendach", "herkunft": "modell_bestaetigt", "fehlerkategorie": "korrekt" }, "geometry": { "type": "MultiPolygon", "coordinates": [ [ [ [ 10.001008, 53.497106 ], [ 10.001046, 53.497157 ], [ 10.001117, 53.497138 ], [ 10.001079, 53.497087 ], [ 10.001008, 53.497106 ] ] ], [ [ [ 10.000979, 53.497033 ], [ 10.001033, 53.497023 ], [ 10.00105, 53.497046 ], [ 10.001056, 53.497044 ], [ 10.001032, 53.497014 ], [ 10.000946, 53.497037 ], [ 10.000952, 53.497044 ], [ 10.000979, 53.497033 ] ] ] ] } },
{ "type": "Feature", "properties": { "oid": "DEHHALKA1JS000LU", "gebaeudefunktion": 2020, "dachform": 1000.0, "dach_m2": 88.6, "gruen_m2": 87.2, "anteil": 98.4, "jahrgang": "2024", "quelle": "dachflaechen", "klasse": "gruendach", "herkunft": "modell_bestaetigt", "fehlerkategorie": "korrekt" }, "geometry": { "type": "Polygon", "coordinates": [ [ [ 10.002815, 53.509593 ], [ 10.002972, 53.509588 ], [ 10.002965, 53.50951 ], [ 10.002809, 53.509515 ], [ 10.002815, 53.509593 ] ], [ [ 10.002929, 53.509576 ], [ 10.002928, 53.509565 ], [ 10.002946, 53.509565 ], [ 10.002947, 53.509575 ], [ 10.002929, 53.509576 ] ] ] } },
{ "type": "Feature", "properties": { "oid": "DEHHALKA1Wq0006V", "gebaeudefunktion": 2112, "dachform": 1000.0, "dach_m2": 2412.1, "gruen_m2": 1724.6, "anteil": 71.5, "jahrgang": "2024", "quelle": "dachflaechen", "klasse": "gruendach", "herkunft": "modell_bestaetigt", "fehlerkategorie": "korrekt" }, "geometry": { "type": "MultiPolygon", "coordinates": [ [ [ [ 9.978833, 53.479802 ], [ 9.978956, 53.479894 ], [ 9.979139, 53.479808 ], [ 9.979087, 53.479767 ], [ 9.979162, 53.479731 ], [ 9.979218, 53.479773 ], [ 9.979523, 53.479629 ], [ 9.979467, 53.479587 ], [ 9.979544, 53.479551 ], [ 9.979598, 53.479592 ], [ 9.979782, 53.479505 ], [ 9.979659, 53.479413 ], [ 9.979474, 53.4795 ], [ 9.979468, 53.479496 ], [ 9.979654, 53.479408 ], [ 9.979483, 53.479279 ], [ 9.978657, 53.479668 ], [ 9.978827, 53.479797 ], [ 9.979012, 53.47971 ], [ 9.979018, 53.479714 ], [ 9.978833, 53.479802 ] ], [ [ 9.979371, 53.479484 ], [ 9.979353, 53.479471 ], [ 9.97938, 53.479458 ], [ 9.979398, 53.479472 ], [ 9.979371, 53.479484 ] ], [ [ 9.979399, 53.479533 ], [ 9.979088, 53.479679 ], [ 9.979084, 53.479676 ], [ 9.979395, 53.47953 ], [ 9.979399, 53.479533 ] ], [ [ 9.979369, 53.479615 ], [ 9.979383, 53.479625 ], [ 9.979371, 53.479631 ], [ 9.979357, 53.47962 ], [ 9.979369, 53.479615 ] ], [ [ 9.979294, 53.479427 ], [ 9.979321, 53.479414 ], [ 9.979339, 53.479428 ], [ 9.979312, 53.479441 ], [ 9.979294, 53.479427 ] ], [ [ 9.979318, 53.479488 ], [ 9.979336, 53.479502 ], [ 9.979309, 53.479514 ], [ 9.979291, 53.479501 ], [ 9.979295, 53.479498 ], [ 9.979318, 53.479488 ] ], [ [ 9.979276, 53.479457 ], [ 9.97925, 53.479469 ], [ 9.979232, 53.479456 ], [ 9.979258, 53.479443 ], [ 9.979276, 53.479457 ] ], [ [ 9.979164, 53.479729 ], [ 9.97915, 53.479718 ], [ 9.979162, 53.479713 ], [ 9.979176, 53.479723 ], [ 9.979164, 53.479729 ] ], [ [ 9.979054, 53.479635 ], [ 9.979035, 53.479621 ], [ 9.979062, 53.479608 ], [ 9.979081, 53.479622 ], [ 9.979054, 53.479635 ] ], [ [ 9.978976, 53.479577 ], [ 9.979003, 53.479564 ], [ 9.979022, 53.479578 ], [ 9.978994, 53.479591 ], [ 9.978976, 53.479577 ] ] ], [ [ [ 9.979542, 53.479559 ], [ 9.97948, 53.479588 ], [ 9.979541, 53.479634 ], [ 9.979603, 53.479605 ], [ 9.979542, 53.479559 ] ], [ [ 9.979487, 53.479589 ], [ 9.979506, 53.479579 ], [ 9.979527, 53.479594 ], [ 9.979507, 53.479604 ], [ 9.979487, 53.479589 ] ] ], [ [ [ 9.979098, 53.479768 ], [ 9.979159, 53.479814 ], [ 9.979221, 53.479785 ], [ 9.979161, 53.479739 ], [ 9.979098, 53.479768 ] ], [ [ 9.97916, 53.479743 ], [ 9.979181, 53.479758 ], [ 9.979161, 53.479767 ], [ 9.979141, 53.479752 ], [ 9.979156, 53.479745 ], [ 9.97916, 53.479743 ] ] ], [ [ [ 9.978775, 53.479605 ], [ 9.978629, 53.479495 ], [ 9.978441, 53.479584 ], [ 9.978588, 53.479695 ], [ 9.978775, 53.479605 ] ], [ [ 9.978696, 53.479566 ], [ 9.978686, 53.479559 ], [ 9.978699, 53.479553 ], [ 9.978709, 53.47956 ], [ 9.978696, 53.479566 ] ], [ [ 9.978658, 53.479592 ], [ 9.978674, 53.479603 ], [ 9.978661, 53.47961 ], [ 9.978646, 53.479598 ], [ 9.978658, 53.479592 ] ], [ [ 9.97867, 53.479532 ], [ 9.978658, 53.479538 ], [ 9.978649, 53.47953 ], [ 9.978661, 53.479525 ], [ 9.97867, 53.479532 ] ], [ [ 9.978629, 53.479563 ], [ 9.978638, 53.47957 ], [ 9.978624, 53.479577 ], [ 9.978615, 53.47957 ], [ 9.978629, 53.479563 ] ], [ [ 9.978607, 53.479575 ], [ 9.978593, 53.479581 ], [ 9.978577, 53.479569 ], [ 9.978591, 53.479562 ], [ 9.978607, 53.479575 ] ] ] ] } },
{ "type": "Feature", "properties": { "oid": "DEHHALKA1ax000GF", "gebaeudefunktion": 1010, "dachform": 1000.0, "dach_m2": 350.0, "gruen_m2": 212.4, "anteil": 60.7, "jahrgang": "2024", "quelle": "dachflaechen", "klasse": "gruendach", "herkunft": "modell_bestaetigt", "fehlerkategorie": "korrekt" }, "geometry": { "type": "MultiPolygon", "coordinates": [ [ [ [ 9.996462, 53.515386 ], [ 9.996523, 53.51538 ], [ 9.996491, 53.515274 ], [ 9.99643, 53.51528 ], [ 9.996462, 53.515386 ] ] ], [ [ [ 9.996429, 53.515274 ], [ 9.996493, 53.515267 ], [ 9.996489, 53.515251 ], [ 9.996424, 53.515258 ], [ 9.996429, 53.515274 ] ] ], [ [ [ 9.99642, 53.515281 ], [ 9.99616, 53.515308 ], [ 9.996192, 53.515415 ], [ 9.996286, 53.515404 ], [ 9.996288, 53.515411 ], [ 9.996358, 53.515404 ], [ 9.996356, 53.515397 ], [ 9.996451, 53.515387 ], [ 9.99642, 53.515281 ] ], [ [ 9.996355, 53.515397 ], [ 9.996347, 53.515397 ], [ 9.996346, 53.515392 ], [ 9.996354, 53.515391 ], [ 9.996355, 53.515397 ] ], [ [ 9.996294, 53.515404 ], [ 9.996292, 53.515396 ], [ 9.996306, 53.515395 ], [ 9.996308, 53.515404 ], [ 9.996294, 53.515404 ] ] ], [ [ [ 9.996282, 53.515418 ], [ 9.996285, 53.51543 ], [ 9.996372, 53.51542 ], [ 9.996368, 53.515409 ], [ 9.996282, 53.515418 ] ] ], [ [ [ 9.996222, 53.51528 ], [ 9.996227, 53.515295 ], [ 9.99635, 53.515282 ], [ 9.996345, 53.515267 ], [ 9.996222, 53.51528 ] ] ], [ [ [ 9.99615, 53.515309 ], [ 9.996088, 53.515316 ], [ 9.99612, 53.515423 ], [ 9.996181, 53.515416 ], [ 9.99615, 53.515309 ] ] ], [ [ [ 9.996083, 53.515311 ], [ 9.996147, 53.515304 ], [ 9.996142, 53.515287 ], [ 9.996077, 53.515294 ], [ 9.996083, 53.515311 ] ] ] ] } },
{ "type": "Feature", "properties": { "oid": "DEHHALKA1ax000GJ", "gebaeudefunktion": 1010, "dachform": 1000.0, "dach_m2": 355.8, "gruen_m2": 153.7, "anteil": 43.2, "jahrgang": "2024", "quelle": "dachflaechen", "klasse": "gruendach", "herkunft": "modell_bestaetigt", "fehlerkategorie": "korrekt" }, "geometry": { "type": "MultiPolygon", "coordinates": [ [ [ [ 9.995892, 53.515336 ], [ 9.995921, 53.515443 ], [ 9.995982, 53.515436 ], [ 9.995952, 53.51533 ], [ 9.995892, 53.515336 ] ] ], [ [ [ 9.99589, 53.515331 ], [ 9.995954, 53.515324 ], [ 9.995951, 53.515308 ], [ 9.995885, 53.515315 ], [ 9.99589, 53.515331 ] ] ], [ [ [ 9.995619, 53.515365 ], [ 9.995651, 53.515471 ], [ 9.995746, 53.515461 ], [ 9.995748, 53.515468 ], [ 9.995818, 53.515461 ], [ 9.995816, 53.515454 ], [ 9.995911, 53.515444 ], [ 9.99588, 53.515338 ], [ 9.995619, 53.515365 ] ], [ [ 9.995814, 53.515448 ], [ 9.995816, 53.515453 ], [ 9.995807, 53.515454 ], [ 9.995806, 53.515448 ], [ 9.995814, 53.515448 ] ], [ [ 9.995768, 53.51546 ], [ 9.995754, 53.515461 ], [ 9.995751, 53.515453 ], [ 9.995765, 53.515451 ], [ 9.995768, 53.51546 ] ], [ [ 9.99576, 53.515385 ], [ 9.995762, 53.515391 ], [ 9.995752, 53.515392 ], [ 9.99575, 53.515386 ], [ 9.99576, 53.515385 ] ] ], [ [ [ 9.995741, 53.515475 ], [ 9.995744, 53.515486 ], [ 9.995832, 53.515477 ], [ 9.995829, 53.515466 ], [ 9.995741, 53.515475 ] ] ], [ [ [ 9.995806, 53.515324 ], [ 9.995682, 53.515337 ], [ 9.995687, 53.515352 ], [ 9.99581, 53.515339 ], [ 9.995806, 53.515324 ] ] ], [ [ [ 9.995579, 53.515478 ], [ 9.995641, 53.515472 ], [ 9.99561, 53.515366 ], [ 9.995547, 53.515372 ], [ 9.995579, 53.515478 ] ] ], [ [ [ 9.995543, 53.515367 ], [ 9.995607, 53.51536 ], [ 9.995603, 53.515344 ], [ 9.995538, 53.515351 ], [ 9.995543, 53.515367 ] ] ], [ [ [ 9.995571, 53.515485 ], [ 9.995525, 53.51549 ], [ 9.995531, 53.51551 ], [ 9.995581, 53.515505 ], [ 9.995571, 53.515485 ] ] ] ] } },
{ "type": "Feature", "properties": { "oid": "DEHHALKA1gv000IF", "gebaeudefunktion": 2050, "dachform": 1000.0, "dach_m2": 1349.6, "gruen_m2": 1251.6, "anteil": 92.7, "jahrgang": "2024", "quelle": "alkis", "klasse": "gruendach", "herkunft": "modell_bestaetigt", "fehlerkategorie": "korrekt" }, "geometry": { "type": "Polygon", "coordinates": [ [ [ 10.001819, 53.508148 ], [ 10.0018, 53.507998 ], [ 10.000588, 53.508053 ], [ 10.000606, 53.508203 ], [ 10.001819, 53.508148 ] ] ] } },
{ "type": "Feature", "properties": { "oid": "DEHHALKA1gv000IG", "gebaeudefunktion": 2050, "dachform": 1000.0, "dach_m2": 1701.9, "gruen_m2": 512.5, "anteil": 30.1, "jahrgang": "2024", "quelle": "dachflaechen", "klasse": "gruendach", "herkunft": "modell_bestaetigt", "fehlerkategorie": "korrekt" }, "geometry": { "type": "MultiPolygon", "coordinates": [ [ [ [ 10.001919, 53.508524 ], [ 10.001903, 53.508397 ], [ 10.001861, 53.508398 ], [ 10.001858, 53.508372 ], [ 10.001899, 53.50837 ], [ 10.001898, 53.508362 ], [ 10.001628, 53.508374 ], [ 10.001649, 53.508536 ], [ 10.001919, 53.508524 ] ], [ [ 10.001815, 53.508448 ], [ 10.00181, 53.508448 ], [ 10.001808, 53.508435 ], [ 10.001815, 53.508435 ], [ 10.001815, 53.508448 ] ] ], [ [ [ 10.000625, 53.508417 ], [ 10.000492, 53.508423 ], [ 10.000514, 53.50859 ], [ 10.00164, 53.508539 ], [ 10.001619, 53.508372 ], [ 10.001519, 53.508374 ], [ 10.001519, 53.508377 ], [ 10.000625, 53.508417 ] ], [ [ 10.00094, 53.508485 ], [ 10.000931, 53.508412 ], [ 10.000938, 53.508412 ], [ 10.000957, 53.50856 ], [ 10.00095, 53.50856 ], [ 10.00094, 53.508485 ] ], [ [ 10.000691, 53.508572 ], [ 10.000524, 53.508579 ], [ 10.000522, 53.508579 ], [ 10.000691, 53.508572 ] ] ] ] } },
{ "type": "Feature", "properties": { "oid": "DEHHALKA27E000Ux", "gebaeudefunktion": 1010, "dachform": 3100.0, "dach_m2": 137.8, "gruen_m2": null, "anteil": null, "jahrgang": "2024", "quelle": "dachflaechen", "klasse": "gruendach", "herkunft": "haendisch_ergaenzt", "fehlerkategorie": null }, "geometry": { "type": "Polygon", "coordinates": [ [ [ 10.015795, 53.502517 ], [ 10.015746, 53.502438 ], [ 10.01562, 53.502466 ], [ 10.015625, 53.502475 ], [ 10.01554, 53.502494 ], [ 10.015557, 53.502519 ], [ 10.015676, 53.502491 ], [ 10.015557, 53.502521 ], [ 10.015592, 53.502575 ], [ 10.015717, 53.502547 ], [ 10.015711, 53.502536 ], [ 10.015795, 53.502517 ] ], [ [ 10.015759, 53.502485 ], [ 10.015763, 53.502491 ], [ 10.015751, 53.502493 ], [ 10.015747, 53.502487 ], [ 10.015759, 53.502485 ] ], [ [ 10.015749, 53.50247 ], [ 10.015738, 53.502472 ], [ 10.015733, 53.502466 ], [ 10.015744, 53.502463 ], [ 10.015749, 53.50247 ] ], [ [ 10.015736, 53.502501 ], [ 10.015741, 53.502509 ], [ 10.01573, 53.502512 ], [ 10.015725, 53.502504 ], [ 10.015736, 53.502501 ] ], [ [ 10.015719, 53.502474 ], [ 10.015708, 53.502477 ], [ 10.015703, 53.502469 ], [ 10.015714, 53.502466 ], [ 10.015719, 53.502474 ] ], [ [ 10.015702, 53.502484 ], [ 10.015708, 53.502482 ], [ 10.015715, 53.502493 ], [ 10.015703, 53.502495 ], [ 10.015697, 53.502485 ], [ 10.015702, 53.502484 ] ], [ [ 10.015663, 53.502514 ], [ 10.015656, 53.502515 ], [ 10.015651, 53.502507 ], [ 10.015665, 53.502504 ], [ 10.01567, 53.502512 ], [ 10.015663, 53.502514 ] ], [ [ 10.015648, 53.502486 ], [ 10.015661, 53.502482 ], [ 10.015666, 53.502489 ], [ 10.015652, 53.502492 ], [ 10.015648, 53.502486 ] ] ] } },
{ "type": "Feature", "properties": { "oid": "DEHHALKA27Q000OY", "gebaeudefunktion": 1010, "dachform": 3100.0, "dach_m2": 144.2, "gruen_m2": null, "anteil": null, "jahrgang": "2024", "quelle": "dachflaechen", "klasse": "gruendach", "herkunft": "haendisch_ergaenzt", "fehlerkategorie": "schatten" }, "geometry": { "type": "Polygon", "coordinates": [ [ [ 10.016796, 53.508535 ], [ 10.016837, 53.508577 ], [ 10.016872, 53.508507 ], [ 10.016791, 53.508487 ], [ 10.01677, 53.508524 ], [ 10.016598, 53.508489 ], [ 10.016557, 53.508563 ], [ 10.016571, 53.508566 ], [ 10.016574, 53.50856 ], [ 10.016761, 53.508598 ], [ 10.016796, 53.508535 ] ], [ [ 10.016718, 53.508549 ], [ 10.016706, 53.508546 ], [ 10.01671, 53.50854 ], [ 10.016722, 53.508542 ], [ 10.016718, 53.508549 ] ], [ [ 10.016704, 53.508525 ], [ 10.01669, 53.508523 ], [ 10.016695, 53.508515 ], [ 10.016708, 53.508518 ], [ 10.016704, 53.508525 ] ], [ [ 10.016671, 53.508552 ], [ 10.016667, 53.50856 ], [ 10.016657, 53.508558 ], [ 10.016662, 53.50855 ], [ 10.016671, 53.508552 ] ], [ [ 10.016653, 53.508528 ], [ 10.016659, 53.50853 ], [ 10.016656, 53.508536 ], [ 10.016644, 53.508533 ], [ 10.016648, 53.508527 ], [ 10.016653, 53.508528 ] ] ] } },
{ "type": "Feature", "properties": { "oid": "DEHHALKA29C000JN", "gebaeudefunktion": 1010, "dachform": 1000.0, "dach_m2": 219.0, "gruen_m2": 159.7, "anteil": 72.9, "jahrgang": "2024", "quelle": "dachflaechen", "klasse": "gruendach", "herkunft": "modell_bestaetigt", "fehlerkategorie": "korrekt" }, "geometry": { "type": "MultiPolygon", "coordinates": [ [ [ [ 9.996925, 53.515297 ], [ 9.996875, 53.515186 ], [ 9.996814, 53.515196 ], [ 9.996819, 53.515207 ], [ 9.99686, 53.5152 ], [ 9.996905, 53.5153 ], [ 9.996925, 53.515297 ] ] ], [ [ [ 9.996745, 53.515349 ], [ 9.996905, 53.515324 ], [ 9.996853, 53.515208 ], [ 9.996811, 53.515214 ], [ 9.996804, 53.515198 ], [ 9.996686, 53.515217 ], [ 9.996745, 53.515349 ] ], [ [ 9.996826, 53.515316 ], [ 9.996821, 53.515303 ], [ 9.996836, 53.515301 ], [ 9.996841, 53.515314 ], [ 9.996826, 53.515316 ] ], [ [ 9.996779, 53.515252 ], [ 9.996795, 53.515249 ], [ 9.996799, 53.515258 ], [ 9.996783, 53.515261 ], [ 9.996779, 53.515252 ] ], [ [ 9.996783, 53.515227 ], [ 9.996794, 53.515226 ], [ 9.996796, 53.51523 ], [ 9.996785, 53.515232 ], [ 9.996783, 53.515227 ] ] ], [ [ [ 9.996805, 53.515176 ], [ 9.996811, 53.51519 ], [ 9.996879, 53.51518 ], [ 9.996872, 53.515166 ], [ 9.996805, 53.515176 ] ] ], [ [ [ 9.996839, 53.515352 ], [ 9.996864, 53.515348 ], [ 9.996859, 53.515337 ], [ 9.996835, 53.515341 ], [ 9.996839, 53.515352 ] ] ], [ [ [ 9.996727, 53.515332 ], [ 9.996695, 53.515337 ], [ 9.996705, 53.515359 ], [ 9.996736, 53.515354 ], [ 9.996735, 53.515351 ], [ 9.996727, 53.515332 ] ] ], [ [ [ 9.996723, 53.515204 ], [ 9.996718, 53.51519 ], [ 9.99667, 53.515198 ], [ 9.996676, 53.515212 ], [ 9.996723, 53.515204 ] ] ], [ [ [ 9.996724, 53.515327 ], [ 9.996686, 53.515241 ], [ 9.99666, 53.515245 ], [ 9.996699, 53.515331 ], [ 9.996724, 53.515327 ] ] ], [ [ [ 9.996649, 53.515241 ], [ 9.996649, 53.515242 ], [ 9.996684, 53.515236 ], [ 9.996649, 53.515241 ] ] ] ] } },
{ "type": "Feature", "properties": { "oid": "DEHHALKA2VT0000i", "gebaeudefunktion": 1010, "dachform": 1000.0, "dach_m2": 428.3, "gruen_m2": 399.6, "anteil": 93.3, "jahrgang": "2024", "quelle": "dachflaechen", "klasse": "gruendach", "herkunft": "modell_bestaetigt", "fehlerkategorie": "korrekt" }, "geometry": { "type": "MultiPolygon", "coordinates": [ [ [ [ 9.986293, 53.509084 ], [ 9.986247, 53.508733 ], [ 9.986087, 53.50874 ], [ 9.986133, 53.509091 ], [ 9.986293, 53.509084 ] ], [ [ 9.986256, 53.508988 ], [ 9.986254, 53.508973 ], [ 9.986274, 53.508972 ], [ 9.986276, 53.508987 ], [ 9.986256, 53.508988 ] ], [ [ 9.986217, 53.509038 ], [ 9.986219, 53.509054 ], [ 9.986192, 53.509055 ], [ 9.986189, 53.509039 ], [ 9.986217, 53.509038 ] ], [ [ 9.986168, 53.508961 ], [ 9.986165, 53.508935 ], [ 9.986204, 53.508933 ], [ 9.986207, 53.508959 ], [ 9.986168, 53.508961 ] ], [ [ 9.9862, 53.508909 ], [ 9.986203, 53.508925 ], [ 9.986175, 53.508927 ], [ 9.986172, 53.50891 ], [ 9.9862, 53.508909 ] ], [ [ 9.986196, 53.508993 ], [ 9.986177, 53.508994 ], [ 9.986176, 53.508986 ], [ 9.986195, 53.508985 ], [ 9.986196, 53.508993 ] ] ], [ [ [ 9.986103, 53.50893 ], [ 9.98607, 53.508931 ], [ 9.986083, 53.509046 ], [ 9.986117, 53.509045 ], [ 9.986103, 53.50893 ] ] ] ] } },
{ "type": "Feature", "properties": { "oid": "DEHHALKA2VT0000q", "gebaeudefunktion": 1010, "dachform": 1000.0, "dach_m2": 400.5, "gruen_m2": 400.2, "anteil": 99.9, "jahrgang": "2024", "quelle": "dachflaechen", "klasse": "gruendach", "herkunft": "modell_bestaetigt", "fehlerkategorie": "korrekt" }, "geometry": { "type": "Polygon", "coordinates": [ [ [ 9.986149, 53.509216 ], [ 9.986192, 53.509554 ], [ 9.986353, 53.509546 ], [ 9.986308, 53.509209 ], [ 9.986149, 53.509216 ] ], [ [ 9.98631, 53.509455 ], [ 9.986292, 53.509456 ], [ 9.986292, 53.509448 ], [ 9.98631, 53.509448 ], [ 9.98631, 53.509455 ] ] ] } },
{ "type": "Feature", "properties": { "oid": "DEHHALKA2Xq000RL", "gebaeudefunktion": 3072, "dachform": 3100.0, "dach_m2": 391.3, "gruen_m2": 315.9, "anteil": 80.7, "jahrgang": "2024", "quelle": "dachflaechen", "klasse": "gruendach", "herkunft": "modell_bestaetigt", "fehlerkategorie": "korrekt" }, "geometry": { "type": "Polygon", "coordinates": [ [ [ 10.053114, 53.479436 ], [ 10.053152, 53.479481 ], [ 10.053449, 53.479392 ], [ 10.053329, 53.479249 ], [ 10.053032, 53.479338 ], [ 10.053114, 53.479436 ] ] ] } },
{ "type": "Feature", "properties": { "oid": "DEHHALKA300000uF", "gebaeudefunktion": 1010, "dachform": 1000.0, "dach_m2": 651.5, "gruen_m2": 471.9, "anteil": 72.4, "jahrgang": "2024", "quelle": "dachflaechen", "klasse": "gruendach", "herkunft": "modell_bestaetigt", "fehlerkategorie": "korrekt" }, "geometry": { "type": "MultiPolygon", "coordinates": [ [ [ [ 9.994446, 53.49585 ], [ 9.99443, 53.495718 ], [ 9.994274, 53.495725 ], [ 9.994291, 53.495861 ], [ 9.994274, 53.495861 ], [ 9.994276, 53.49588 ], [ 9.994229, 53.495882 ], [ 9.994237, 53.495947 ], [ 9.994457, 53.495937 ], [ 9.99445, 53.495877 ], [ 9.994326, 53.495882 ], [ 9.994323, 53.495855 ], [ 9.994446, 53.49585 ] ] ], [ [ [ 9.994334, 53.495877 ], [ 9.994451, 53.495872 ], [ 9.994448, 53.495854 ], [ 9.994332, 53.49586 ], [ 9.994334, 53.495877 ] ] ], [ [ [ 9.994432, 53.495674 ], [ 9.99426, 53.49568 ], [ 9.994265, 53.49572 ], [ 9.994437, 53.495713 ], [ 9.994432, 53.495674 ] ] ], [ [ [ 9.994424, 53.495669 ], [ 9.99441, 53.495557 ], [ 9.994254, 53.495565 ], [ 9.994264, 53.495648 ], [ 9.994307, 53.495647 ], [ 9.99431, 53.495675 ], [ 9.994424, 53.495669 ] ] ], [ [ [ 9.994119, 53.495957 ], [ 9.99423, 53.495952 ], [ 9.994219, 53.495859 ], [ 9.994283, 53.495856 ], [ 9.99428, 53.49584 ], [ 9.994229, 53.495842 ], [ 9.994227, 53.495827 ], [ 9.994149, 53.49583 ], [ 9.994153, 53.49584 ], [ 9.994109, 53.495842 ], [ 9.99411, 53.495846 ], [ 9.994074, 53.495848 ], [ 9.994076, 53.495865 ], [ 9.994107, 53.495864 ], [ 9.994119, 53.495957 ] ] ], [ [ [ 9.994111, 53.495952 ], [ 9.994108, 53.495932 ], [ 9.994098, 53.495932 ], [ 9.994097, 53.49592 ], [ 9.994107, 53.49592 ], [ 9.9941, 53.495869 ], [ 9.993952, 53.495876 ], [ 9.993965, 53.495959 ], [ 9.994111, 53.495952 ] ] ] ] } },
{ "type": "Feature", "properties": { "oid": "DEHHALKA300000uJ", "gebaeudefunktion": 1010, "dachform": 1000.0, "dach_m2": 777.1, "gruen_m2": 533.6, "anteil": 68.7, "jahrgang": "2024", "quelle": "dachflaechen", "klasse": "gruendach", "herkunft": "modell_bestaetigt", "fehlerkategorie": "korrekt" }, "geometry": { "type": "MultiPolygon", "coordinates": [ [ [ [ 9.994394, 53.495554 ], [ 9.994417, 53.495553 ], [ 9.994403, 53.495446 ], [ 9.994231, 53.495454 ], [ 9.994239, 53.495516 ], [ 9.994388, 53.495509 ], [ 9.994394, 53.495554 ] ] ], [ [ [ 9.994239, 53.495449 ], [ 9.994395, 53.495442 ], [ 9.994385, 53.49536 ], [ 9.994362, 53.495361 ], [ 9.994338, 53.495175 ], [ 9.994362, 53.495173 ], [ 9.994359, 53.49515 ], [ 9.994335, 53.495152 ], [ 9.994318, 53.495018 ], [ 9.994185, 53.495024 ], [ 9.994201, 53.495153 ], [ 9.994211, 53.495153 ], [ 9.994208, 53.495123 ], [ 9.994221, 53.495122 ], [ 9.994225, 53.495152 ], [ 9.994244, 53.495151 ], [ 9.994248, 53.495184 ], [ 9.994226, 53.495185 ], [ 9.99423, 53.495215 ], [ 9.994217, 53.495216 ], [ 9.994213, 53.495185 ], [ 9.994206, 53.495186 ], [ 9.994239, 53.495449 ] ] ], [ [ [ 9.994347, 53.495179 ], [ 9.994369, 53.495357 ], [ 9.994392, 53.495355 ], [ 9.99437, 53.495178 ], [ 9.994347, 53.495179 ] ] ], [ [ [ 9.994368, 53.495166 ], [ 9.994386, 53.495165 ], [ 9.994384, 53.495149 ], [ 9.994366, 53.49515 ], [ 9.994368, 53.495166 ] ] ], [ [ [ 9.994381, 53.495514 ], [ 9.994247, 53.49552 ], [ 9.994253, 53.49556 ], [ 9.994386, 53.495554 ], [ 9.994381, 53.495514 ] ] ], [ [ [ 9.994343, 53.495147 ], [ 9.994364, 53.495146 ], [ 9.994341, 53.49495 ], [ 9.994169, 53.494958 ], [ 9.994177, 53.495019 ], [ 9.994324, 53.495013 ], [ 9.994343, 53.495147 ] ] ], [ [ [ 9.994166, 53.494875 ], [ 9.994176, 53.494953 ], [ 9.994332, 53.494946 ], [ 9.994322, 53.494868 ], [ 9.994166, 53.494875 ] ] ], [ [ [ 9.994166, 53.494936 ], [ 9.994163, 53.494909 ], [ 9.994126, 53.494911 ], [ 9.994129, 53.494937 ], [ 9.994166, 53.494936 ] ] ] ] } },
{ "type": "Feature", "properties": { "oid": "DEHHALKA396000Jk", "gebaeudefunktion": 3065, "dachform": 2200.0, "dach_m2": 1040.6, "gruen_m2": 733.1, "anteil": 70.5, "jahrgang": "2024", "quelle": "dachflaechen", "klasse": "gruendach", "herkunft": "modell_bestaetigt", "fehlerkategorie": "korrekt" }, "geometry": { "type": "MultiPolygon", "coordinates": [ [ [ [ 9.987256, 53.505229 ], [ 9.987266, 53.50531 ], [ 9.987249, 53.505311 ], [ 9.987261, 53.505395 ], [ 9.987295, 53.505393 ], [ 9.987297, 53.505402 ], [ 9.987518, 53.505392 ], [ 9.987519, 53.505401 ], [ 9.987908, 53.505383 ], [ 9.987877, 53.505146 ], [ 9.987589, 53.505159 ], [ 9.987647, 53.50526 ], [ 9.987593, 53.505167 ], [ 9.987579, 53.505168 ], [ 9.987576, 53.505142 ], [ 9.987515, 53.505135 ], [ 9.987513, 53.505119 ], [ 9.987373, 53.505126 ], [ 9.987341, 53.505224 ], [ 9.987256, 53.505229 ] ], [ [ 9.987773, 53.505305 ], [ 9.987772, 53.505299 ], [ 9.987782, 53.505299 ], [ 9.987783, 53.505305 ], [ 9.987773, 53.505305 ] ], [ [ 9.987713, 53.505287 ], [ 9.987721, 53.505286 ], [ 9.987722, 53.505299 ], [ 9.9877, 53.5053 ], [ 9.987699, 53.505287 ], [ 9.987713, 53.505287 ] ], [ [ 9.98764, 53.505299 ], [ 9.987618, 53.505299 ], [ 9.987616, 53.505286 ], [ 9.987639, 53.505285 ], [ 9.98764, 53.505299 ] ], [ [ 9.987598, 53.505344 ], [ 9.987575, 53.505345 ], [ 9.987574, 53.505332 ], [ 9.987596, 53.505331 ], [ 9.987598, 53.505344 ] ], [ [ 9.987562, 53.505243 ], [ 9.987563, 53.505248 ], [ 9.987554, 53.505248 ], [ 9.987554, 53.505243 ], [ 9.987562, 53.505243 ] ], [ [ 9.987537, 53.505222 ], [ 9.987546, 53.505222 ], [ 9.987546, 53.505227 ], [ 9.987538, 53.505227 ], [ 9.987537, 53.505222 ] ], [ [ 9.987293, 53.50532 ], [ 9.987288, 53.5053 ], [ 9.987283, 53.505301 ], [ 9.987277, 53.505249 ], [ 9.987307, 53.505248 ], [ 9.987313, 53.505299 ], [ 9.987308, 53.5053 ], [ 9.987308, 53.505321 ], [ 9.987342, 53.505319 ], [ 9.987372, 53.505237 ], [ 9.987386, 53.505239 ], [ 9.987357, 53.505319 ], [ 9.987504, 53.505314 ], [ 9.987514, 53.505379 ], [ 9.987485, 53.505372 ], [ 9.987479, 53.50535 ], [ 9.987351, 53.505356 ], [ 9.987354, 53.505382 ], [ 9.987315, 53.505384 ], [ 9.987314, 53.505381 ], [ 9.987346, 53.505379 ], [ 9.987344, 53.505356 ], [ 9.987308, 53.505354 ], [ 9.987303, 53.505329 ], [ 9.987293, 53.50532 ] ], [ [ 9.987505, 53.505289 ], [ 9.987497, 53.505224 ], [ 9.987507, 53.505303 ], [ 9.987505, 53.505289 ] ], [ [ 9.987483, 53.505293 ], [ 9.987482, 53.50529 ], [ 9.987504, 53.505289 ], [ 9.987505, 53.505302 ], [ 9.987484, 53.505303 ], [ 9.987483, 53.505293 ] ], [ [ 9.987499, 53.50525 ], [ 9.987501, 53.505264 ], [ 9.987479, 53.505265 ], [ 9.987478, 53.505251 ], [ 9.987499, 53.50525 ] ], [ [ 9.987474, 53.505224 ], [ 9.987473, 53.505212 ], [ 9.987494, 53.505211 ], [ 9.987496, 53.505224 ], [ 9.987474, 53.505224 ] ], [ [ 9.987469, 53.505183 ], [ 9.987468, 53.505176 ], [ 9.987489, 53.505175 ], [ 9.987491, 53.505189 ], [ 9.98747, 53.50519 ], [ 9.987469, 53.505183 ] ] ], [ [ [ 9.987404, 53.505345 ], [ 9.987488, 53.505342 ], [ 9.987496, 53.505365 ], [ 9.987502, 53.505365 ], [ 9.987495, 53.505321 ], [ 9.987348, 53.505327 ], [ 9.98735, 53.505347 ], [ 9.987404, 53.505345 ] ] ], [ [ [ 9.987334, 53.505328 ], [ 9.987317, 53.505329 ], [ 9.987319, 53.505349 ], [ 9.987343, 53.505348 ], [ 9.987341, 53.505328 ], [ 9.987334, 53.505328 ] ] ] ] } },
{ "type": "Feature", "properties": { "oid": "DEHHALKA3DX000Ez", "gebaeudefunktion": 2140, "dachform": 3100.0, "dach_m2": 63.9, "gruen_m2": 29.3, "anteil": 45.9, "jahrgang": "2024", "quelle": "dachflaechen", "klasse": "gruendach", "herkunft": "modell_bestaetigt", "fehlerkategorie": "korrekt" }, "geometry": { "type": "Polygon", "coordinates": [ [ [ 9.998278, 53.486774 ], [ 9.99818, 53.4868 ], [ 9.998207, 53.486837 ], [ 9.998404, 53.486784 ], [ 9.998376, 53.486748 ], [ 9.998278, 53.486774 ] ] ] } },
{ "type": "Feature", "properties": { "oid": "DEHHALKA3DX000F1", "gebaeudefunktion": 2020, "dachform": 3100.0, "dach_m2": 722.3, "gruen_m2": 595.6, "anteil": 82.5, "jahrgang": "2024", "quelle": "dachflaechen", "klasse": "gruendach", "herkunft": "modell_bestaetigt", "fehlerkategorie": "korrekt" }, "geometry": { "type": "Polygon", "coordinates": [ [ [ 9.997871, 53.486656 ], [ 9.997689, 53.486705 ], [ 9.998027, 53.487152 ], [ 9.998209, 53.487103 ], [ 9.997871, 53.486656 ] ], [ [ 9.997975, 53.487019 ], [ 9.997979, 53.487025 ], [ 9.99797, 53.487027 ], [ 9.997966, 53.487022 ], [ 9.997975, 53.487019 ] ] ] } },
{ "type": "Feature", "properties": { "oid": "DEHHALKA3OZ00008", "gebaeudefunktion": 1010, "dachform": 2100.0, "dach_m2": 190.3, "gruen_m2": null, "anteil": null, "jahrgang": "2024", "quelle": "dachflaechen", "klasse": "gruendach", "herkunft": "haendisch_ergaenzt", "fehlerkategorie": null }, "geometry": { "type": "MultiPolygon", "coordinates": [ [ [ [ 10.015835, 53.488436 ], [ 10.015879, 53.488512 ], [ 10.016044, 53.488478 ], [ 10.016, 53.488402 ], [ 10.015913, 53.48842 ], [ 10.015915, 53.488425 ], [ 10.015903, 53.488427 ], [ 10.015901, 53.488423 ], [ 10.015835, 53.488436 ] ], [ [ 10.01599, 53.488452 ], [ 10.015966, 53.488457 ], [ 10.015961, 53.488447 ], [ 10.015984, 53.488442 ], [ 10.01599, 53.488452 ] ] ], [ [ [ 10.015999, 53.488499 ], [ 10.015994, 53.488492 ], [ 10.015887, 53.488514 ], [ 10.015894, 53.488525 ], [ 10.016001, 53.488503 ], [ 10.015999, 53.488499 ] ] ], [ [ [ 10.015933, 53.488399 ], [ 10.015888, 53.488321 ], [ 10.015769, 53.488345 ], [ 10.015838, 53.488432 ], [ 10.015912, 53.488416 ], [ 10.015905, 53.488404 ], [ 10.015933, 53.488399 ] ] ] ] } },
{ "type": "Feature", "properties": { "oid": "DEHHALKA3ev000Gq", "gebaeudefunktion": 2112, "dachform": 1000.0, "dach_m2": 19297.7, "gruen_m2": 5633.0, "anteil": 29.2, "jahrgang": "2024", "quelle": "dachflaechen", "klasse": "gruendach", "herkunft": "modell_bestaetigt", "fehlerkategorie": "korrekt" }, "geometry": { "type": "MultiPolygon", "coordinates": [ [ [ [ 10.051695, 53.506446 ], [ 10.051692, 53.506456 ], [ 10.051683, 53.506455 ], [ 10.051669, 53.5065 ], [ 10.051679, 53.506501 ], [ 10.051676, 53.506511 ], [ 10.051667, 53.50651 ], [ 10.051653, 53.506556 ], [ 10.051935, 53.506586 ], [ 10.051984, 53.506422 ], [ 10.05171, 53.506393 ], [ 10.051708, 53.506399 ], [ 10.0517, 53.506399 ], [ 10.051686, 53.506445 ], [ 10.051695, 53.506446 ] ] ], [ [ [ 10.051649, 53.506558 ], [ 10.051616, 53.506668 ], [ 10.051901, 53.506699 ], [ 10.051934, 53.506589 ], [ 10.051649, 53.506558 ] ] ], [ [ [ 10.0519, 53.506704 ], [ 10.051854, 53.506699 ], [ 10.051739, 53.507078 ], [ 10.051786, 53.507083 ], [ 10.0519, 53.506704 ] ] ], [ [ [ 10.0515, 53.507053 ], [ 10.051735, 53.507078 ], [ 10.051849, 53.506697 ], [ 10.051615, 53.506672 ], [ 10.0515, 53.507053 ] ], [ [ 10.051717, 53.50686 ], [ 10.05172, 53.506848 ], [ 10.0517, 53.506846 ], [ 10.051717, 53.506789 ], [ 10.051761, 53.506794 ], [ 10.05174, 53.506862 ], [ 10.051717, 53.50686 ] ], [ [ 10.051637, 53.507031 ], [ 10.05163, 53.507054 ], [ 10.051611, 53.507052 ], [ 10.051618, 53.507029 ], [ 10.051637, 53.507031 ] ], [ [ 10.051597, 53.507012 ], [ 10.051574, 53.50701 ], [ 10.051577, 53.506999 ], [ 10.051558, 53.506997 ], [ 10.051575, 53.50694 ], [ 10.051617, 53.506944 ], [ 10.051597, 53.507012 ] ] ], [ [ [ 10.051501, 53.507059 ], [ 10.051418, 53.507334 ], [ 10.051511, 53.507343 ], [ 10.051327, 53.507952 ], [ 10.051519, 53.507973 ], [ 10.051527, 53.507946 ], [ 10.051476, 53.507941 ], [ 10.051594, 53.50755 ], [ 10.051643, 53.507555 ], [ 10.051689, 53.507405 ], [ 10.05164, 53.5074 ], [ 10.051689, 53.507235 ], [ 10.051738, 53.50724 ], [ 10.051784, 53.507089 ], [ 10.051501, 53.507059 ] ], [ [ 10.051665, 53.507205 ], [ 10.051657, 53.50723 ], [ 10.05153, 53.507216 ], [ 10.051533, 53.507203 ], [ 10.051553, 53.507205 ], [ 10.051556, 53.507193 ], [ 10.051628, 53.507201 ], [ 10.051665, 53.507205 ] ], [ [ 10.051579, 53.507162 ], [ 10.051586, 53.507139 ], [ 10.051606, 53.507141 ], [ 10.051599, 53.507164 ], [ 10.051579, 53.507162 ] ], [ [ 10.051594, 53.507467 ], [ 10.05158, 53.507466 ], [ 10.051584, 53.507454 ], [ 10.051573, 53.507452 ], [ 10.051587, 53.507408 ], [ 10.051611, 53.507411 ], [ 10.051594, 53.507467 ] ], [ [ 10.051556, 53.507281 ], [ 10.051599, 53.507286 ], [ 10.051576, 53.507363 ], [ 10.051552, 53.50736 ], [ 10.051559, 53.507339 ], [ 10.051539, 53.507337 ], [ 10.051555, 53.507284 ], [ 10.051556, 53.507281 ] ], [ [ 10.051597, 53.507531 ], [ 10.051594, 53.507542 ], [ 10.051575, 53.50754 ], [ 10.051579, 53.507529 ], [ 10.051597, 53.507531 ] ], [ [ 10.05152, 53.507618 ], [ 10.051517, 53.507629 ], [ 10.051537, 53.507631 ], [ 10.051516, 53.507699 ], [ 10.051473, 53.507695 ], [ 10.051497, 53.507616 ], [ 10.05152, 53.507618 ] ], [ [ 10.05152, 53.507131 ], [ 10.051514, 53.507153 ], [ 10.051495, 53.507151 ], [ 10.051502, 53.507129 ], [ 10.05152, 53.507131 ] ], [ [ 10.051506, 53.507473 ], [ 10.051526, 53.507475 ], [ 10.051519, 53.507498 ], [ 10.0515, 53.507496 ], [ 10.051506, 53.507473 ] ], [ [ 10.051503, 53.507191 ], [ 10.051496, 53.507214 ], [ 10.051477, 53.507212 ], [ 10.051484, 53.507189 ], [ 10.051503, 53.507191 ] ], [ [ 10.051464, 53.507607 ], [ 10.051472, 53.507584 ], [ 10.051492, 53.507586 ], [ 10.051485, 53.507609 ], [ 10.051464, 53.507607 ] ], [ [ 10.051452, 53.507946 ], [ 10.051472, 53.507948 ], [ 10.051468, 53.50796 ], [ 10.051448, 53.507958 ], [ 10.051452, 53.507946 ] ], [ [ 10.051382, 53.507884 ], [ 10.051389, 53.507861 ], [ 10.051409, 53.507863 ], [ 10.051402, 53.507886 ], [ 10.051382, 53.507884 ] ] ], [ [ [ 10.050461, 53.507006 ], [ 10.050654, 53.507027 ], [ 10.050713, 53.506831 ], [ 10.050718, 53.506831 ], [ 10.050678, 53.506965 ], [ 10.051496, 53.507052 ], [ 10.051694, 53.506391 ], [ 10.051442, 53.506364 ], [ 10.050123, 53.506223 ], [ 10.049971, 53.506726 ], [ 10.050518, 53.506784 ], [ 10.05052, 53.506777 ], [ 10.050641, 53.50679 ], [ 10.050641, 53.506792 ], [ 10.050531, 53.506781 ], [ 10.050461, 53.507006 ] ], [ [ 10.051523, 53.50647 ], [ 10.051526, 53.506459 ], [ 10.051562, 53.506463 ], [ 10.051559, 53.506474 ], [ 10.051523, 53.50647 ] ], [ [ 10.051477, 53.506619 ], [ 10.051513, 53.506623 ], [ 10.05151, 53.506634 ], [ 10.051474, 53.50663 ], [ 10.051477, 53.506619 ] ], [ [ 10.051426, 53.50679 ], [ 10.051462, 53.506794 ], [ 10.051459, 53.506804 ], [ 10.051423, 53.5068 ], [ 10.051426, 53.50679 ] ], [ [ 10.051381, 53.506938 ], [ 10.051417, 53.506942 ], [ 10.051414, 53.506952 ], [ 10.051378, 53.506948 ], [ 10.051381, 53.506938 ] ], [ [ 10.051281, 53.506444 ], [ 10.051245, 53.50644 ], [ 10.051248, 53.506429 ], [ 10.051284, 53.506433 ], [ 10.051281, 53.506444 ] ], [ [ 10.051236, 53.506604 ], [ 10.0512, 53.5066 ], [ 10.051203, 53.50659 ], [ 10.051239, 53.506594 ], [ 10.051236, 53.506604 ] ], [ [ 10.051185, 53.506775 ], [ 10.051149, 53.506771 ], [ 10.051152, 53.50676 ], [ 10.051188, 53.506764 ], [ 10.051185, 53.506775 ] ], [ [ 10.05114, 53.506923 ], [ 10.051104, 53.506919 ], [ 10.051107, 53.506908 ], [ 10.051143, 53.506912 ], [ 10.05114, 53.506923 ] ], [ [ 10.050998, 53.506413 ], [ 10.050962, 53.50641 ], [ 10.050965, 53.506399 ], [ 10.051001, 53.506403 ], [ 10.050998, 53.506413 ] ], [ [ 10.050915, 53.50657 ], [ 10.050918, 53.506559 ], [ 10.050954, 53.506563 ], [ 10.050951, 53.506574 ], [ 10.050915, 53.50657 ] ], [ [ 10.050867, 53.50673 ], [ 10.050903, 53.506734 ], [ 10.0509, 53.506744 ], [ 10.050864, 53.50674 ], [ 10.050867, 53.50673 ] ], [ [ 10.050822, 53.506878 ], [ 10.050858, 53.506882 ], [ 10.050855, 53.506892 ], [ 10.050819, 53.506888 ], [ 10.050822, 53.506878 ] ], [ [ 10.050687, 53.506369 ], [ 10.050723, 53.506373 ], [ 10.05072, 53.506384 ], [ 10.050684, 53.50638 ], [ 10.050687, 53.506369 ] ], [ [ 10.050638, 53.506529 ], [ 10.050674, 53.506533 ], [ 10.050671, 53.506544 ], [ 10.050635, 53.50654 ], [ 10.050638, 53.506529 ] ], [ [ 10.05062, 53.506714 ], [ 10.050584, 53.50671 ], [ 10.050587, 53.5067 ], [ 10.050623, 53.506704 ], [ 10.05062, 53.506714 ] ], [ [ 10.050443, 53.506355 ], [ 10.050406, 53.50635 ], [ 10.050409, 53.506339 ], [ 10.050447, 53.506343 ], [ 10.050443, 53.506355 ] ], [ [ 10.050392, 53.506716 ], [ 10.050427, 53.506719 ], [ 10.050424, 53.506731 ], [ 10.050388, 53.506727 ], [ 10.050392, 53.506716 ] ], [ [ 10.050394, 53.506515 ], [ 10.050357, 53.506511 ], [ 10.05036, 53.506499 ], [ 10.050398, 53.506503 ], [ 10.050394, 53.506515 ] ], [ [ 10.050309, 53.50667 ], [ 10.050344, 53.506674 ], [ 10.050341, 53.506685 ], [ 10.050305, 53.506681 ], [ 10.050309, 53.50667 ] ], [ [ 10.050224, 53.506319 ], [ 10.05026, 53.506323 ], [ 10.050257, 53.506334 ], [ 10.05022, 53.50633 ], [ 10.050224, 53.506319 ] ], [ [ 10.050175, 53.506479 ], [ 10.050211, 53.506483 ], [ 10.050208, 53.506494 ], [ 10.050171, 53.50649 ], [ 10.050175, 53.506479 ] ], [ [ 10.050123, 53.506651 ], [ 10.05016, 53.506655 ], [ 10.050157, 53.506665 ], [ 10.05012, 53.506661 ], [ 10.050123, 53.506651 ] ] ], [ [ [ 10.051528, 53.507942 ], [ 10.051643, 53.50756 ], [ 10.051597, 53.507555 ], [ 10.051481, 53.507937 ], [ 10.051528, 53.507942 ] ] ], [ [ [ 10.050677, 53.506969 ], [ 10.050659, 53.507026 ], [ 10.051477, 53.507114 ], [ 10.051495, 53.507056 ], [ 10.050764, 53.506976 ], [ 10.050677, 53.506969 ] ] ], [ [ [ 10.050381, 53.507905 ], [ 10.050196, 53.507885 ], [ 10.050145, 53.508056 ], [ 10.051452, 53.508196 ], [ 10.051455, 53.508185 ], [ 10.051454, 53.508199 ], [ 10.051517, 53.507978 ], [ 10.051318, 53.507956 ], [ 10.051501, 53.507348 ], [ 10.051409, 53.507338 ], [ 10.051475, 53.507117 ], [ 10.050658, 53.50703 ], [ 10.05063, 53.507123 ], [ 10.050431, 53.507102 ], [ 10.050344, 53.507393 ], [ 10.050529, 53.507413 ], [ 10.050382, 53.507903 ], [ 10.050381, 53.507905 ] ], [ [ 10.051336, 53.507177 ], [ 10.051333, 53.507188 ], [ 10.051294, 53.507184 ], [ 10.051297, 53.507173 ], [ 10.051336, 53.507177 ] ], [ [ 10.051312, 53.508099 ], [ 10.051316, 53.508087 ], [ 10.051355, 53.508092 ], [ 10.051351, 53.508104 ], [ 10.051312, 53.508099 ] ], [ [ 10.051304, 53.507288 ], [ 10.0513, 53.507298 ], [ 10.051264, 53.507295 ], [ 10.051267, 53.507284 ], [ 10.051304, 53.507288 ] ], [ [ 10.051255, 53.507454 ], [ 10.051252, 53.507465 ], [ 10.051214, 53.507461 ], [ 10.051217, 53.50745 ], [ 10.051255, 53.507454 ] ], [ [ 10.051206, 53.50762 ], [ 10.051203, 53.507631 ], [ 10.051167, 53.507627 ], [ 10.05117, 53.507616 ], [ 10.051206, 53.50762 ] ], [ [ 10.051155, 53.507797 ], [ 10.051117, 53.507793 ], [ 10.051121, 53.507781 ], [ 10.051158, 53.507785 ], [ 10.051155, 53.507797 ] ], [ [ 10.051071, 53.507948 ], [ 10.051108, 53.507952 ], [ 10.051105, 53.507963 ], [ 10.051067, 53.507958 ], [ 10.051071, 53.507948 ] ], [ [ 10.051034, 53.508069 ], [ 10.051038, 53.508058 ], [ 10.051076, 53.508062 ], [ 10.051073, 53.508074 ], [ 10.051034, 53.508069 ] ], [ [ 10.051007, 53.507199 ], [ 10.051045, 53.507203 ], [ 10.051041, 53.507214 ], [ 10.051004, 53.50721 ], [ 10.051007, 53.507199 ] ], [ [ 10.050978, 53.507424 ], [ 10.050975, 53.507435 ], [ 10.050939, 53.507431 ], [ 10.050942, 53.50742 ], [ 10.050978, 53.507424 ] ], [ [ 10.050892, 53.507586 ], [ 10.050929, 53.50759 ], [ 10.050926, 53.507601 ], [ 10.050889, 53.507597 ], [ 10.050892, 53.507586 ] ], [ [ 10.050839, 53.507763 ], [ 10.050843, 53.507752 ], [ 10.05088, 53.507756 ], [ 10.050877, 53.507767 ], [ 10.050839, 53.507763 ] ], [ [ 10.050794, 53.507918 ], [ 10.050832, 53.507922 ], [ 10.050829, 53.507933 ], [ 10.05079, 53.507929 ], [ 10.050794, 53.507918 ] ], [ [ 10.050741, 53.507125 ], [ 10.050744, 53.507114 ], [ 10.050783, 53.507118 ], [ 10.05078, 53.507129 ], [ 10.050741, 53.507125 ] ], [ [ 10.050795, 53.508044 ], [ 10.050757, 53.50804 ], [ 10.050761, 53.508028 ], [ 10.050798, 53.508032 ], [ 10.050795, 53.508044 ] ], [ [ 10.050711, 53.507236 ], [ 10.050714, 53.507225 ], [ 10.05075, 53.507228 ], [ 10.050747, 53.50724 ], [ 10.050711, 53.507236 ] ], [ [ 10.050661, 53.507402 ], [ 10.050664, 53.507391 ], [ 10.050701, 53.507395 ], [ 10.050698, 53.507406 ], [ 10.050661, 53.507402 ] ], [ [ 10.050611, 53.507567 ], [ 10.050614, 53.507556 ], [ 10.050652, 53.50756 ], [ 10.050649, 53.507571 ], [ 10.050611, 53.507567 ] ], [ [ 10.050591, 53.507201 ], [ 10.050587, 53.507208 ], [ 10.050574, 53.507205 ], [ 10.05058, 53.507198 ], [ 10.050591, 53.507201 ] ], [ [ 10.050561, 53.507732 ], [ 10.050564, 53.507722 ], [ 10.050601, 53.507726 ], [ 10.050598, 53.507736 ], [ 10.050561, 53.507732 ] ], [ [ 10.050549, 53.507902 ], [ 10.050512, 53.507898 ], [ 10.050516, 53.507887 ], [ 10.050553, 53.507891 ], [ 10.050549, 53.507902 ] ], [ [ 10.050466, 53.507255 ], [ 10.050503, 53.507259 ], [ 10.050499, 53.50727 ], [ 10.050462, 53.507266 ], [ 10.050466, 53.507255 ] ], [ [ 10.050479, 53.50801 ], [ 10.050483, 53.507999 ], [ 10.05052, 53.508003 ], [ 10.050516, 53.508014 ], [ 10.050479, 53.50801 ] ], [ [ 10.050447, 53.50737 ], [ 10.050434, 53.507368 ], [ 10.050439, 53.507361 ], [ 10.050451, 53.507364 ], [ 10.050447, 53.50737 ] ], [ [ 10.050296, 53.50799 ], [ 10.0503, 53.507979 ], [ 10.050337, 53.507983 ], [ 10.050334, 53.507994 ], [ 10.050296, 53.50799 ] ] ], [ [ [ 10.050433, 53.507098 ], [ 10.050625, 53.507119 ], [ 10.050652, 53.507029 ], [ 10.05046, 53.507009 ], [ 10.050433, 53.507098 ] ] ], [ [ [ 10.050196, 53.507883 ], [ 10.050378, 53.507903 ], [ 10.050525, 53.507415 ], [ 10.050344, 53.507395 ], [ 10.050196, 53.507883 ] ], [ [ 10.050475, 53.507452 ], [ 10.050469, 53.507472 ], [ 10.050359, 53.50746 ], [ 10.050365, 53.50744 ], [ 10.050475, 53.507452 ] ], [ [ 10.05046, 53.507501 ], [ 10.05035, 53.507489 ], [ 10.050356, 53.507469 ], [ 10.050467, 53.507481 ], [ 10.05046, 53.507501 ] ], [ [ 10.050399, 53.507418 ], [ 10.050402, 53.507406 ], [ 10.050438, 53.50741 ], [ 10.050435, 53.507421 ], [ 10.050399, 53.507418 ] ], [ [ 10.050315, 53.507607 ], [ 10.050425, 53.507619 ], [ 10.050419, 53.507639 ], [ 10.050309, 53.507627 ], [ 10.050315, 53.507607 ] ], [ [ 10.050301, 53.507656 ], [ 10.050307, 53.507636 ], [ 10.050417, 53.507648 ], [ 10.050411, 53.507668 ], [ 10.050301, 53.507656 ] ], [ [ 10.050388, 53.507742 ], [ 10.050278, 53.50773 ], [ 10.050284, 53.50771 ], [ 10.050394, 53.507722 ], [ 10.050388, 53.507742 ] ], [ [ 10.050269, 53.507759 ], [ 10.050275, 53.507739 ], [ 10.050385, 53.507751 ], [ 10.050379, 53.507771 ], [ 10.050269, 53.507759 ] ], [ [ 10.05034, 53.507675 ], [ 10.050378, 53.507679 ], [ 10.050374, 53.50769 ], [ 10.050336, 53.507686 ], [ 10.05034, 53.507675 ] ], [ [ 10.050374, 53.50779 ], [ 10.050368, 53.50781 ], [ 10.050258, 53.507799 ], [ 10.050264, 53.507779 ], [ 10.050374, 53.50779 ] ], [ [ 10.050359, 53.507839 ], [ 10.050249, 53.507827 ], [ 10.050255, 53.507807 ], [ 10.050365, 53.507819 ], [ 10.050359, 53.507839 ] ], [ [ 10.050287, 53.507852 ], [ 10.050325, 53.507856 ], [ 10.050321, 53.507867 ], [ 10.050283, 53.507863 ], [ 10.050287, 53.507852 ] ] ], [ [ [ 10.050444, 53.506843 ], [ 10.050434, 53.506874 ], [ 10.050495, 53.50688 ], [ 10.050504, 53.506849 ], [ 10.050444, 53.506843 ] ] ], [ [ [ 10.050478, 53.506936 ], [ 10.050487, 53.506905 ], [ 10.050427, 53.506898 ], [ 10.050418, 53.506929 ], [ 10.050478, 53.506936 ] ] ], [ [ [ 10.05041, 53.506954 ], [ 10.050401, 53.506985 ], [ 10.050461, 53.506991 ], [ 10.050471, 53.50696 ], [ 10.05041, 53.506954 ] ] ], [ [ [ 10.050384, 53.50704 ], [ 10.050445, 53.507047 ], [ 10.050454, 53.507016 ], [ 10.050394, 53.507009 ], [ 10.050384, 53.50704 ] ] ], [ [ [ 10.050284, 53.507272 ], [ 10.050327, 53.507326 ], [ 10.050358, 53.507329 ], [ 10.050372, 53.507284 ], [ 10.050355, 53.507282 ], [ 10.050335, 53.507257 ], [ 10.050284, 53.507272 ] ] ], [ [ [ 10.050303, 53.507368 ], [ 10.050251, 53.507383 ], [ 10.050295, 53.507437 ], [ 10.050326, 53.50744 ], [ 10.05034, 53.507395 ], [ 10.050323, 53.507392 ], [ 10.050303, 53.507368 ] ] ], [ [ [ 10.050218, 53.507493 ], [ 10.050262, 53.507547 ], [ 10.050293, 53.507551 ], [ 10.050306, 53.507505 ], [ 10.050289, 53.507503 ], [ 10.050269, 53.507479 ], [ 10.050218, 53.507493 ] ] ], [ [ [ 10.050228, 53.507658 ], [ 10.050259, 53.507661 ], [ 10.050273, 53.507616 ], [ 10.050256, 53.507614 ], [ 10.050236, 53.507589 ], [ 10.050185, 53.507604 ], [ 10.050228, 53.507658 ] ] ], [ [ [ 10.050203, 53.5077 ], [ 10.050151, 53.507715 ], [ 10.050195, 53.507768 ], [ 10.050226, 53.507772 ], [ 10.05024, 53.507726 ], [ 10.050223, 53.507724 ], [ 10.050203, 53.5077 ] ] ], [ [ [ 10.05017, 53.50781 ], [ 10.050118, 53.507825 ], [ 10.050162, 53.507878 ], [ 10.050193, 53.507882 ], [ 10.050207, 53.507836 ], [ 10.05019, 53.507834 ], [ 10.05017, 53.50781 ] ] ], [ [ [ 10.050192, 53.507884 ], [ 10.050163, 53.50788 ], [ 10.050157, 53.507901 ], [ 10.050186, 53.507904 ], [ 10.050192, 53.507884 ] ] ], [ [ [ 10.050073, 53.506225 ], [ 10.050068, 53.506241 ], [ 10.050111, 53.506246 ], [ 10.050116, 53.50623 ], [ 10.050073, 53.506225 ] ] ], [ [ [ 10.050107, 53.506259 ], [ 10.050064, 53.506254 ], [ 10.050059, 53.506271 ], [ 10.050102, 53.506276 ], [ 10.050107, 53.506259 ] ] ], [ [ [ 10.050091, 53.506311 ], [ 10.050096, 53.506294 ], [ 10.050054, 53.50629 ], [ 10.050049, 53.506306 ], [ 10.050091, 53.506311 ] ] ] ] } },
{ "type": "Feature", "properties": { "oid": "DEHHALKA3ev000Gv", "gebaeudefunktion": 2580, "dachform": 1000.0, "dach_m2": 247.4, "gruen_m2": 100.2, "anteil": 40.5, "jahrgang": "2024", "quelle": "dachflaechen", "klasse": "gruendach", "herkunft": "modell_ungeprueft", "fehlerkategorie": null }, "geometry": { "type": "Polygon", "coordinates": [ [ [ 10.049536, 53.50643 ], [ 10.049514, 53.506402 ], [ 10.049488, 53.50639 ], [ 10.049464, 53.506384 ], [ 10.049438, 53.506382 ], [ 10.049405, 53.506387 ], [ 10.049364, 53.506405 ], [ 10.049347, 53.506429 ], [ 10.049349, 53.506454 ], [ 10.049368, 53.506477 ], [ 10.049397, 53.50649 ], [ 10.049393, 53.506504 ], [ 10.049341, 53.506498 ], [ 10.049313, 53.506593 ], [ 10.049472, 53.50661 ], [ 10.0495, 53.506515 ], [ 10.049459, 53.506511 ], [ 10.049464, 53.506495 ], [ 10.0495, 53.506485 ], [ 10.049523, 53.506469 ], [ 10.049535, 53.50645 ], [ 10.049536, 53.50643 ] ] ] } },
{ "type": "Feature", "properties": { "oid": "DEHHALKA4CP0008o", "gebaeudefunktion": 2020, "dachform": 1000.0, "dach_m2": 1003.6, "gruen_m2": 387.3, "anteil": 38.6, "jahrgang": "2024", "quelle": "dachflaechen", "klasse": "gruendach", "herkunft": "modell_bestaetigt", "fehlerkategorie": "korrekt" }, "geometry": { "type": "MultiPolygon", "coordinates": [ [ [ [ 9.990527, 53.496027 ], [ 9.990529, 53.496041 ], [ 9.990652, 53.496036 ], [ 9.990646, 53.495982 ], [ 9.990522, 53.495988 ], [ 9.990527, 53.496027 ] ] ], [ [ [ 9.990382, 53.495947 ], [ 9.990387, 53.495988 ], [ 9.990637, 53.495977 ], [ 9.990632, 53.495936 ], [ 9.990382, 53.495947 ] ] ], [ [ [ 9.990572, 53.495381 ], [ 9.990559, 53.495381 ], [ 9.990554, 53.495338 ], [ 9.990468, 53.495341 ], [ 9.990471, 53.495369 ], [ 9.990481, 53.495376 ], [ 9.990521, 53.495721 ], [ 9.990368, 53.495727 ], [ 9.990324, 53.495387 ], [ 9.990383, 53.495382 ], [ 9.990396, 53.495386 ], [ 9.990396, 53.495345 ], [ 9.990311, 53.495348 ], [ 9.990359, 53.495728 ], [ 9.990434, 53.495726 ], [ 9.990451, 53.49586 ], [ 9.990375, 53.495864 ], [ 9.990385, 53.495941 ], [ 9.990628, 53.495931 ], [ 9.990576, 53.495517 ], [ 9.990589, 53.495517 ], [ 9.990572, 53.495381 ] ], [ [ 9.990575, 53.495803 ], [ 9.990564, 53.495804 ], [ 9.990563, 53.495801 ], [ 9.990575, 53.495801 ], [ 9.990575, 53.495803 ] ], [ [ 9.990563, 53.495795 ], [ 9.990575, 53.495794 ], [ 9.990575, 53.495797 ], [ 9.990563, 53.495797 ], [ 9.990563, 53.495795 ] ], [ [ 9.990556, 53.495798 ], [ 9.990545, 53.495798 ], [ 9.990544, 53.495795 ], [ 9.990558, 53.495795 ], [ 9.990556, 53.495798 ] ], [ [ 9.990545, 53.495804 ], [ 9.990545, 53.495802 ], [ 9.990557, 53.495801 ], [ 9.990557, 53.495804 ], [ 9.990545, 53.495804 ] ], [ [ 9.990543, 53.495802 ], [ 9.990543, 53.495805 ], [ 9.99053, 53.495805 ], [ 9.99053, 53.495802 ], [ 9.990543, 53.495802 ] ], [ [ 9.990529, 53.495799 ], [ 9.990529, 53.495796 ], [ 9.990541, 53.495796 ], [ 9.990542, 53.495798 ], [ 9.990529, 53.495799 ] ], [ [ 9.990519, 53.495354 ], [ 9.99052, 53.495357 ], [ 9.990509, 53.495357 ], [ 9.990509, 53.495354 ], [ 9.990519, 53.495354 ] ], [ [ 9.990507, 53.495347 ], [ 9.990519, 53.495347 ], [ 9.990519, 53.495349 ], [ 9.990507, 53.49535 ], [ 9.990507, 53.495347 ] ], [ [ 9.990518, 53.495778 ], [ 9.990518, 53.49577 ], [ 9.990523, 53.49577 ], [ 9.990524, 53.495777 ], [ 9.990518, 53.495778 ] ], [ [ 9.990524, 53.495814 ], [ 9.99046, 53.495818 ], [ 9.990454, 53.49579 ], [ 9.990522, 53.495788 ], [ 9.990524, 53.495814 ] ], [ [ 9.990504, 53.495348 ], [ 9.990505, 53.495351 ], [ 9.99049, 53.495351 ], [ 9.99049, 53.495348 ], [ 9.990504, 53.495348 ] ], [ [ 9.990503, 53.495354 ], [ 9.990503, 53.495357 ], [ 9.990492, 53.495358 ], [ 9.990492, 53.495355 ], [ 9.990503, 53.495354 ] ], [ [ 9.990475, 53.495355 ], [ 9.990474, 53.495346 ], [ 9.990484, 53.495346 ], [ 9.990485, 53.495355 ], [ 9.990475, 53.495355 ] ] ], [ [ [ 9.990306, 53.495343 ], [ 9.990312, 53.495343 ], [ 9.99031, 53.495327 ], [ 9.990551, 53.495316 ], [ 9.990557, 53.495332 ], [ 9.990549, 53.495256 ], [ 9.990297, 53.495268 ], [ 9.990306, 53.495343 ] ] ], [ [ [ 9.990396, 53.49534 ], [ 9.990546, 53.495332 ], [ 9.990544, 53.495321 ], [ 9.990316, 53.495331 ], [ 9.990317, 53.495343 ], [ 9.990396, 53.49534 ] ] ], [ [ [ 9.99051, 53.495988 ], [ 9.990398, 53.495993 ], [ 9.990401, 53.496025 ], [ 9.990514, 53.49602 ], [ 9.99051, 53.495988 ] ] ], [ [ [ 9.990426, 53.495732 ], [ 9.990356, 53.495735 ], [ 9.99037, 53.495858 ], [ 9.990442, 53.495855 ], [ 9.990426, 53.495732 ] ] ], [ [ [ 9.990384, 53.495994 ], [ 9.990378, 53.495994 ], [ 9.990373, 53.495916 ], [ 9.990276, 53.495919 ], [ 9.99029, 53.49603 ], [ 9.990388, 53.496026 ], [ 9.990384, 53.495994 ] ] ] ] } },
{ "type": "Feature", "properties": { "oid": "DEHHALKA4Et00081", "gebaeudefunktion": 1110, "dachform": 1000.0, "dach_m2": 1939.3, "gruen_m2": 1151.7, "anteil": 59.4, "jahrgang": "2024", "quelle": "dachflaechen", "klasse": "gruendach", "herkunft": "modell_bestaetigt", "fehlerkategorie": "korrekt" }, "geometry": { "type": "Polygon", "coordinates": [ [ [ 10.001456, 53.498798 ], [ 10.000986, 53.498924 ], [ 10.000931, 53.498852 ], [ 10.000798, 53.498887 ], [ 10.000866, 53.498977 ], [ 10.000395, 53.499218 ], [ 10.000256, 53.499122 ], [ 10.000146, 53.499179 ], [ 10.000352, 53.499318 ], [ 10.000348, 53.49932 ], [ 10.000434, 53.499381 ], [ 10.001049, 53.499069 ], [ 10.001035, 53.499059 ], [ 10.001077, 53.499038 ], [ 10.001088, 53.49905 ], [ 10.001685, 53.49889 ], [ 10.001589, 53.49877 ], [ 10.001594, 53.498768 ], [ 10.001471, 53.498607 ], [ 10.001338, 53.498642 ], [ 10.001456, 53.498798 ] ], [ [ 10.001562, 53.498779 ], [ 10.001587, 53.498772 ], [ 10.001597, 53.498788 ], [ 10.001572, 53.498794 ], [ 10.001562, 53.498779 ] ], [ [ 10.001556, 53.498779 ], [ 10.001581, 53.498815 ], [ 10.001549, 53.498823 ], [ 10.001523, 53.498788 ], [ 10.001556, 53.498779 ] ], [ [ 10.001514, 53.498822 ], [ 10.001519, 53.498829 ], [ 10.001424, 53.498853 ], [ 10.00142, 53.498847 ], [ 10.001514, 53.498822 ] ], [ [ 10.001511, 53.498818 ], [ 10.001415, 53.498843 ], [ 10.001412, 53.498838 ], [ 10.001508, 53.498814 ], [ 10.001511, 53.498818 ] ], [ [ 10.001465, 53.498894 ], [ 10.001478, 53.498891 ], [ 10.001484, 53.498899 ], [ 10.001471, 53.498903 ], [ 10.001465, 53.498894 ] ], [ [ 10.00147, 53.498726 ], [ 10.001458, 53.498729 ], [ 10.001452, 53.498721 ], [ 10.001465, 53.498718 ], [ 10.00147, 53.498726 ] ], [ [ 10.001417, 53.498847 ], [ 10.001422, 53.498855 ], [ 10.001413, 53.498857 ], [ 10.001407, 53.498849 ], [ 10.001417, 53.498847 ] ], [ [ 10.001414, 53.498845 ], [ 10.001406, 53.498847 ], [ 10.001401, 53.498841 ], [ 10.001409, 53.498838 ], [ 10.001414, 53.498845 ] ], [ [ 10.00135, 53.498872 ], [ 10.001355, 53.498879 ], [ 10.001342, 53.498882 ], [ 10.001337, 53.498876 ], [ 10.00135, 53.498872 ] ], [ [ 10.001143, 53.498987 ], [ 10.00114, 53.498982 ], [ 10.001149, 53.49898 ], [ 10.001152, 53.498985 ], [ 10.001143, 53.498987 ] ], [ [ 10.00112, 53.498942 ], [ 10.001111, 53.498945 ], [ 10.001107, 53.498939 ], [ 10.001116, 53.498937 ], [ 10.00112, 53.498942 ] ], [ [ 10.001001, 53.499006 ], [ 10.001019, 53.499019 ], [ 10.000998, 53.49903 ], [ 10.000979, 53.499017 ], [ 10.001001, 53.499006 ] ], [ [ 10.000908, 53.498967 ], [ 10.000936, 53.498953 ], [ 10.000977, 53.498981 ], [ 10.000949, 53.498995 ], [ 10.000908, 53.498967 ] ], [ [ 10.000925, 53.498957 ], [ 10.000891, 53.498933 ], [ 10.000897, 53.498931 ], [ 10.00093, 53.498954 ], [ 10.000925, 53.498957 ] ], [ [ 10.000917, 53.498922 ], [ 10.000913, 53.498916 ], [ 10.000923, 53.498914 ], [ 10.000927, 53.49892 ], [ 10.000917, 53.498922 ] ], [ [ 10.000887, 53.498929 ], [ 10.000883, 53.498924 ], [ 10.000891, 53.498922 ], [ 10.000895, 53.498927 ], [ 10.000887, 53.498929 ] ], [ [ 10.00084, 53.499111 ], [ 10.00085, 53.499105 ], [ 10.000859, 53.499111 ], [ 10.000848, 53.499117 ], [ 10.00084, 53.499111 ] ], [ [ 10.000794, 53.499069 ], [ 10.000801, 53.499074 ], [ 10.000794, 53.499078 ], [ 10.000787, 53.499073 ], [ 10.000794, 53.499069 ] ], [ [ 10.000563, 53.499186 ], [ 10.000571, 53.499191 ], [ 10.000561, 53.499197 ], [ 10.000553, 53.499191 ], [ 10.000563, 53.499186 ] ], [ [ 10.000547, 53.499269 ], [ 10.000536, 53.499274 ], [ 10.000527, 53.499267 ], [ 10.000538, 53.499261 ], [ 10.000547, 53.499269 ] ], [ [ 10.000413, 53.49924 ], [ 10.000392, 53.499251 ], [ 10.000374, 53.499237 ], [ 10.000395, 53.499227 ], [ 10.000413, 53.49924 ] ], [ [ 10.00037, 53.49924 ], [ 10.00041, 53.499268 ], [ 10.000383, 53.499283 ], [ 10.000342, 53.499254 ], [ 10.00037, 53.49924 ] ], [ [ 10.000245, 53.4992 ], [ 10.000253, 53.499196 ], [ 10.00026, 53.499201 ], [ 10.000252, 53.499205 ], [ 10.000245, 53.4992 ] ] ] } },
{ "type": "Feature", "properties": { "oid": "DEHHALKA4ZA00051", "gebaeudefunktion": 3065, "dachform": 1000.0, "dach_m2": 412.4, "gruen_m2": 384.3, "anteil": 93.2, "jahrgang": "2024", "quelle": "dachflaechen", "klasse": "gruendach", "herkunft": "modell_bestaetigt", "fehlerkategorie": "korrekt" }, "geometry": { "type": "Polygon", "coordinates": [ [ [ 9.990199, 53.514649 ], [ 9.990184, 53.51465 ], [ 9.990195, 53.514736 ], [ 9.990361, 53.514728 ], [ 9.99036, 53.51472 ], [ 9.990396, 53.514718 ], [ 9.990397, 53.514727 ], [ 9.990538, 53.51472 ], [ 9.990532, 53.514666 ], [ 9.990513, 53.514667 ], [ 9.990508, 53.514635 ], [ 9.990528, 53.514634 ], [ 9.99052, 53.51458 ], [ 9.990501, 53.514581 ], [ 9.990498, 53.514552 ], [ 9.990374, 53.514558 ], [ 9.990375, 53.514567 ], [ 9.990276, 53.514571 ], [ 9.990272, 53.514549 ], [ 9.990172, 53.514554 ], [ 9.990182, 53.514627 ], [ 9.990196, 53.514626 ], [ 9.990199, 53.514649 ] ], [ [ 9.99032, 53.514608 ], [ 9.990323, 53.5146 ], [ 9.990336, 53.514603 ], [ 9.990331, 53.51461 ], [ 9.99032, 53.514608 ] ], [ [ 9.990329, 53.514721 ], [ 9.990328, 53.514713 ], [ 9.990337, 53.514713 ], [ 9.990338, 53.514721 ], [ 9.990329, 53.514721 ] ], [ [ 9.990245, 53.514646 ], [ 9.99024, 53.514618 ], [ 9.990187, 53.514621 ], [ 9.990186, 53.514614 ], [ 9.990248, 53.514614 ], [ 9.990255, 53.514646 ], [ 9.990245, 53.514646 ] ], [ [ 9.990201, 53.514587 ], [ 9.990202, 53.514594 ], [ 9.99019, 53.514595 ], [ 9.99019, 53.514587 ], [ 9.990201, 53.514587 ] ] ] } },
{ "type": "Feature", "properties": { "oid": "DEHHALKA4ZA00057", "gebaeudefunktion": 3044, "dachform": 1000.0, "dach_m2": 393.5, "gruen_m2": 291.2, "anteil": 74.0, "jahrgang": "2024", "quelle": "dachflaechen", "klasse": "gruendach", "herkunft": "modell_bestaetigt", "fehlerkategorie": "korrekt" }, "geometry": { "type": "MultiPolygon", "coordinates": [ [ [ [ 9.990441, 53.51437 ], [ 9.990432, 53.514303 ], [ 9.989856, 53.514329 ], [ 9.989847, 53.514335 ], [ 9.989855, 53.514396 ], [ 9.990441, 53.51437 ] ] ], [ [ [ 9.989947, 53.51432 ], [ 9.990324, 53.514303 ], [ 9.99032, 53.514269 ], [ 9.990042, 53.514282 ], [ 9.99004, 53.514265 ], [ 9.98994, 53.514269 ], [ 9.989947, 53.51432 ] ], [ [ 9.990311, 53.514284 ], [ 9.990296, 53.514284 ], [ 9.990295, 53.514273 ], [ 9.99031, 53.514273 ], [ 9.990311, 53.514284 ] ] ] ] } },
{ "type": "Feature", "properties": { "oid": "DEHHALKA4Zu000Qj", "gebaeudefunktion": 3022, "dachform": 3100.0, "dach_m2": 173.1, "gruen_m2": 106.3, "anteil": 61.4, "jahrgang": "2024", "quelle": "dachflaechen", "klasse": "gruendach", "herkunft": "modell_bestaetigt", "fehlerkategorie": "junge_vegetation" }, "geometry": { "type": "Polygon", "coordinates": [ [ [ 10.004839, 53.500647 ], [ 10.004833, 53.500595 ], [ 10.004806, 53.500597 ], [ 10.004812, 53.50064 ], [ 10.004805, 53.500644 ], [ 10.004677, 53.500571 ], [ 10.004572, 53.500636 ], [ 10.004747, 53.500738 ], [ 10.004853, 53.500672 ], [ 10.004824, 53.500655 ], [ 10.004839, 53.500647 ] ], [ [ 10.004741, 53.500704 ], [ 10.004731, 53.500699 ], [ 10.004747, 53.500689 ], [ 10.004757, 53.500695 ], [ 10.004741, 53.500704 ] ] ] } },
{ "type": "Feature", "properties": { "oid": "DEHHALKA4mZ000Lj", "gebaeudefunktion": 1120, "dachform": 1000.0, "dach_m2": 438.3, "gruen_m2": 366.7, "anteil": 83.7, "jahrgang": "2024", "quelle": "dachflaechen", "klasse": "gruendach", "herkunft": "modell_bestaetigt", "fehlerkategorie": "korrekt" }, "geometry": { "type": "MultiPolygon", "coordinates": [ [ [ [ 10.000611, 53.498445 ], [ 10.000603, 53.498465 ], [ 10.000754, 53.498646 ], [ 10.00085, 53.498644 ], [ 10.000858, 53.498647 ], [ 10.000889, 53.498684 ], [ 10.000906, 53.498677 ], [ 10.000867, 53.49863 ], [ 10.000769, 53.49863 ], [ 10.00061, 53.498442 ], [ 10.000611, 53.498445 ] ] ], [ [ [ 10.000608, 53.498442 ], [ 10.00059, 53.498421 ], [ 10.00044, 53.498466 ], [ 10.000693, 53.498769 ], [ 10.000886, 53.498683 ], [ 10.00085, 53.498646 ], [ 10.000752, 53.498648 ], [ 10.000743, 53.498637 ], [ 10.000711, 53.498646 ], [ 10.0007, 53.498632 ], [ 10.000694, 53.498634 ], [ 10.000683, 53.498622 ], [ 10.000721, 53.498611 ], [ 10.000599, 53.498465 ], [ 10.000608, 53.498442 ] ], [ [ 10.000808, 53.49868 ], [ 10.000796, 53.498684 ], [ 10.00079, 53.498677 ], [ 10.000802, 53.498673 ], [ 10.000808, 53.49868 ] ], [ [ 10.000787, 53.498654 ], [ 10.000788, 53.49865 ], [ 10.000795, 53.49865 ], [ 10.000795, 53.498654 ], [ 10.000787, 53.498654 ] ], [ [ 10.000753, 53.498661 ], [ 10.00075, 53.498658 ], [ 10.000755, 53.498657 ], [ 10.000757, 53.49866 ], [ 10.000753, 53.498661 ] ], [ [ 10.000739, 53.498661 ], [ 10.000744, 53.498659 ], [ 10.000747, 53.498663 ], [ 10.000742, 53.498664 ], [ 10.000739, 53.498661 ] ], [ [ 10.000727, 53.498686 ], [ 10.000721, 53.498679 ], [ 10.000733, 53.498676 ], [ 10.000739, 53.498683 ], [ 10.000727, 53.498686 ] ], [ [ 10.000688, 53.498601 ], [ 10.000695, 53.498609 ], [ 10.000674, 53.498615 ], [ 10.000668, 53.498607 ], [ 10.000688, 53.498601 ] ], [ [ 10.000664, 53.498555 ], [ 10.000669, 53.498554 ], [ 10.000671, 53.498557 ], [ 10.000666, 53.498558 ], [ 10.000664, 53.498555 ] ], [ [ 10.000658, 53.498645 ], [ 10.000652, 53.498638 ], [ 10.000664, 53.498634 ], [ 10.00067, 53.498641 ], [ 10.000658, 53.498645 ] ], [ [ 10.000655, 53.498623 ], [ 10.000643, 53.498627 ], [ 10.000637, 53.49862 ], [ 10.000649, 53.498616 ], [ 10.000655, 53.498623 ] ], [ [ 10.000626, 53.49851 ], [ 10.000631, 53.498509 ], [ 10.000634, 53.498513 ], [ 10.000629, 53.498514 ], [ 10.000626, 53.49851 ] ], [ [ 10.000619, 53.498574 ], [ 10.000625, 53.498573 ], [ 10.000627, 53.498575 ], [ 10.000621, 53.498577 ], [ 10.000619, 53.498574 ] ], [ [ 10.000588, 53.498461 ], [ 10.000594, 53.498462 ], [ 10.000593, 53.498466 ], [ 10.000587, 53.498465 ], [ 10.000588, 53.498461 ] ], [ [ 10.000556, 53.49852 ], [ 10.000567, 53.498517 ], [ 10.000572, 53.498523 ], [ 10.000561, 53.498527 ], [ 10.000556, 53.49852 ] ], [ [ 10.000526, 53.498478 ], [ 10.000537, 53.498475 ], [ 10.000542, 53.498481 ], [ 10.000531, 53.498484 ], [ 10.000526, 53.498478 ] ] ] ] } },
{ "type": "Feature", "properties": { "oid": "DEHHALKA4mZ000Lm", "gebaeudefunktion": 1010, "dachform": 1000.0, "dach_m2": 461.6, "gruen_m2": 337.9, "anteil": 73.2, "jahrgang": "2024", "quelle": "dachflaechen", "klasse": "gruendach", "herkunft": "modell_bestaetigt", "fehlerkategorie": "korrekt" }, "geometry": { "type": "MultiPolygon", "coordinates": [ [ [ [ 10.001029, 53.498565 ], [ 10.001019, 53.498588 ], [ 10.001042, 53.498615 ], [ 10.001175, 53.498556 ], [ 10.000984, 53.498304 ], [ 10.000627, 53.49841 ], [ 10.000655, 53.498442 ], [ 10.000719, 53.498481 ], [ 10.000728, 53.498483 ], [ 10.000776, 53.498469 ], [ 10.000788, 53.498449 ], [ 10.000903, 53.498416 ], [ 10.000923, 53.49844 ], [ 10.000969, 53.498426 ], [ 10.000986, 53.498446 ], [ 10.00094, 53.498459 ], [ 10.001029, 53.498565 ] ], [ [ 10.001121, 53.498567 ], [ 10.001109, 53.49857 ], [ 10.001103, 53.498563 ], [ 10.001115, 53.49856 ], [ 10.001121, 53.498567 ] ], [ [ 10.001074, 53.498553 ], [ 10.001077, 53.498557 ], [ 10.001072, 53.498558 ], [ 10.001069, 53.498554 ], [ 10.001074, 53.498553 ] ], [ [ 10.00107, 53.498524 ], [ 10.001065, 53.498526 ], [ 10.001063, 53.498523 ], [ 10.001067, 53.498522 ], [ 10.00107, 53.498524 ] ], [ [ 10.001031, 53.498516 ], [ 10.001028, 53.498512 ], [ 10.001032, 53.498511 ], [ 10.001035, 53.498515 ], [ 10.001031, 53.498516 ] ], [ [ 10.000992, 53.498425 ], [ 10.00098, 53.498429 ], [ 10.000975, 53.498422 ], [ 10.000987, 53.498419 ], [ 10.000992, 53.498425 ] ], [ [ 10.000983, 53.498495 ], [ 10.000981, 53.498492 ], [ 10.000986, 53.49849 ], [ 10.000988, 53.498493 ], [ 10.000983, 53.498495 ] ], [ [ 10.000978, 53.498491 ], [ 10.000974, 53.498493 ], [ 10.00097, 53.498489 ], [ 10.000974, 53.498488 ], [ 10.000978, 53.498491 ] ], [ [ 10.00092, 53.498405 ], [ 10.000941, 53.498399 ], [ 10.000948, 53.498407 ], [ 10.000927, 53.498413 ], [ 10.00092, 53.498405 ] ], [ [ 10.000936, 53.498337 ], [ 10.000932, 53.498338 ], [ 10.000939, 53.498347 ], [ 10.000835, 53.498377 ], [ 10.000848, 53.498392 ], [ 10.000823, 53.4984 ], [ 10.000804, 53.498368 ], [ 10.00093, 53.498329 ], [ 10.000936, 53.498337 ] ], [ [ 10.000905, 53.49838 ], [ 10.000911, 53.498387 ], [ 10.000899, 53.49839 ], [ 10.000893, 53.498383 ], [ 10.000905, 53.49838 ] ], [ [ 10.00084, 53.498402 ], [ 10.000837, 53.498399 ], [ 10.000841, 53.498397 ], [ 10.000844, 53.498401 ], [ 10.00084, 53.498402 ] ], [ [ 10.000747, 53.498424 ], [ 10.000752, 53.498422 ], [ 10.000755, 53.498426 ], [ 10.00075, 53.498427 ], [ 10.000747, 53.498424 ] ], [ [ 10.000742, 53.498418 ], [ 10.000748, 53.498417 ], [ 10.00075, 53.49842 ], [ 10.000744, 53.498422 ], [ 10.000742, 53.498418 ] ], [ [ 10.000727, 53.498438 ], [ 10.000738, 53.498435 ], [ 10.000744, 53.498442 ], [ 10.000733, 53.498445 ], [ 10.000727, 53.498438 ] ], [ [ 10.000737, 53.49842 ], [ 10.00074, 53.498423 ], [ 10.000735, 53.498425 ], [ 10.000732, 53.498421 ], [ 10.000737, 53.49842 ] ], [ [ 10.00071, 53.498465 ], [ 10.000704, 53.498469 ], [ 10.000699, 53.498465 ], [ 10.000706, 53.498462 ], [ 10.00071, 53.498465 ] ] ], [ [ [ 10.000793, 53.498451 ], [ 10.000781, 53.498469 ], [ 10.000894, 53.498439 ], [ 10.001017, 53.498588 ], [ 10.001026, 53.498567 ], [ 10.000901, 53.498418 ], [ 10.000793, 53.498451 ] ] ] ] } },
{ "type": "Feature", "properties": { "oid": "DEHHALKA58s0001b", "gebaeudefunktion": 1010, "dachform": 1000.0, "dach_m2": 358.1, "gruen_m2": 104.3, "anteil": 29.1, "jahrgang": "2024", "quelle": "dachflaechen", "klasse": "gruendach", "herkunft": "modell_bestaetigt", "fehlerkategorie": null }, "geometry": { "type": "MultiPolygon", "coordinates": [ [ [ [ 9.992821, 53.507587 ], [ 9.992661, 53.507628 ], [ 9.99281, 53.507838 ], [ 9.99297, 53.507798 ], [ 9.992913, 53.507717 ], [ 9.992899, 53.50772 ], [ 9.992893, 53.507712 ], [ 9.992906, 53.507707 ], [ 9.992874, 53.507715 ], [ 9.992841, 53.507667 ], [ 9.992872, 53.507659 ], [ 9.992821, 53.507587 ] ], [ [ 9.992867, 53.507788 ], [ 9.992865, 53.507785 ], [ 9.992881, 53.50778 ], [ 9.992884, 53.507785 ], [ 9.992867, 53.507788 ] ], [ [ 9.992845, 53.507729 ], [ 9.992827, 53.507733 ], [ 9.992825, 53.507729 ], [ 9.992843, 53.507725 ], [ 9.992845, 53.507729 ] ], [ [ 9.992817, 53.507677 ], [ 9.992805, 53.507661 ], [ 9.992826, 53.507655 ], [ 9.992838, 53.507672 ], [ 9.992817, 53.507677 ] ], [ [ 9.992801, 53.507679 ], [ 9.992789, 53.507679 ], [ 9.992807, 53.507673 ], [ 9.992809, 53.507678 ], [ 9.992801, 53.507679 ] ], [ [ 9.99277, 53.507636 ], [ 9.99276, 53.507638 ], [ 9.992757, 53.507634 ], [ 9.992775, 53.50763 ], [ 9.992778, 53.507634 ], [ 9.99277, 53.507636 ] ] ], [ [ [ 9.992884, 53.507663 ], [ 9.992853, 53.50767 ], [ 9.992879, 53.507708 ], [ 9.992915, 53.507699 ], [ 9.992884, 53.507663 ] ] ], [ [ [ 9.992789, 53.507869 ], [ 9.992858, 53.507852 ], [ 9.992847, 53.507835 ], [ 9.992805, 53.507846 ], [ 9.992649, 53.507625 ], [ 9.992689, 53.507615 ], [ 9.992678, 53.507598 ], [ 9.992609, 53.507615 ], [ 9.992789, 53.507869 ] ] ] ] } },
{ "type": "Feature", "properties": { "oid": "DEHHALKA58s0001g", "gebaeudefunktion": 1010, "dachform": 1000.0, "dach_m2": 378.6, "gruen_m2": 251.0, "anteil": 66.3, "jahrgang": "2024", "quelle": "dachflaechen", "klasse": "gruendach", "herkunft": "modell_bestaetigt", "fehlerkategorie": "korrekt" }, "geometry": { "type": "MultiPolygon", "coordinates": [ [ [ [ 9.992872, 53.507512 ], [ 9.993023, 53.507474 ], [ 9.99301, 53.507455 ], [ 9.99307, 53.50744 ], [ 9.993083, 53.507459 ], [ 9.99308, 53.50745 ], [ 9.993093, 53.507447 ], [ 9.993099, 53.507455 ], [ 9.993246, 53.507418 ], [ 9.993178, 53.507322 ], [ 9.992805, 53.507416 ], [ 9.992872, 53.507512 ] ], [ [ 9.993128, 53.507391 ], [ 9.993124, 53.507385 ], [ 9.99313, 53.507384 ], [ 9.993137, 53.507394 ], [ 9.993131, 53.507395 ], [ 9.993128, 53.507391 ] ], [ [ 9.993077, 53.507416 ], [ 9.993089, 53.507433 ], [ 9.993068, 53.507438 ], [ 9.993056, 53.507421 ], [ 9.993077, 53.507416 ] ], [ [ 9.993056, 53.507409 ], [ 9.993053, 53.507404 ], [ 9.993058, 53.507402 ], [ 9.993066, 53.507412 ], [ 9.993059, 53.507414 ], [ 9.993056, 53.507409 ] ], [ [ 9.992973, 53.50743 ], [ 9.992969, 53.507424 ], [ 9.992974, 53.507423 ], [ 9.992982, 53.507433 ], [ 9.992975, 53.507435 ], [ 9.992973, 53.50743 ] ], [ [ 9.992882, 53.507446 ], [ 9.992888, 53.507445 ], [ 9.992896, 53.507455 ], [ 9.992888, 53.507456 ], [ 9.992882, 53.507446 ] ] ], [ [ [ 9.992752, 53.507405 ], [ 9.992783, 53.507445 ], [ 9.99281, 53.507438 ], [ 9.992793, 53.507414 ], [ 9.993183, 53.507315 ], [ 9.9932, 53.507339 ], [ 9.993229, 53.507332 ], [ 9.993199, 53.507292 ], [ 9.992752, 53.507405 ] ] ], [ [ [ 9.993079, 53.507468 ], [ 9.993064, 53.507448 ], [ 9.993022, 53.507458 ], [ 9.993038, 53.507479 ], [ 9.993079, 53.507468 ] ] ] ] } },
{ "type": "Feature", "properties": { "oid": "DEHHALKA5N5000ML", "gebaeudefunktion": 1020, "dachform": 1000.0, "dach_m2": 973.3, "gruen_m2": 874.5, "anteil": 89.8, "jahrgang": "2024", "quelle": "dachflaechen", "klasse": "gruendach", "herkunft": "modell_bestaetigt", "fehlerkategorie": "korrekt" }, "geometry": { "type": "Polygon", "coordinates": [ [ [ 9.999962, 53.498701 ], [ 10.000184, 53.498948 ], [ 10.000365, 53.498871 ], [ 10.000098, 53.498573 ], [ 10.000016, 53.498597 ], [ 10.000018, 53.4986 ], [ 10.000012, 53.498602 ], [ 10.00001, 53.498598 ], [ 9.999588, 53.498722 ], [ 9.999571, 53.498777 ], [ 9.999914, 53.499016 ], [ 9.999949, 53.498997 ], [ 9.999882, 53.498952 ], [ 9.999937, 53.498923 ], [ 9.999723, 53.498773 ], [ 9.999962, 53.498701 ] ], [ [ 10.000209, 53.498798 ], [ 10.000234, 53.498793 ], [ 10.00024, 53.498801 ], [ 10.000217, 53.498809 ], [ 10.000209, 53.498798 ] ], [ [ 10.000233, 53.498847 ], [ 10.00023, 53.498843 ], [ 10.000236, 53.498842 ], [ 10.000238, 53.498845 ], [ 10.000233, 53.498847 ] ], [ [ 10.000216, 53.498869 ], [ 10.000223, 53.498867 ], [ 10.000225, 53.498871 ], [ 10.000219, 53.498872 ], [ 10.000216, 53.498869 ] ], [ [ 10.000199, 53.498842 ], [ 10.000209, 53.498854 ], [ 10.000189, 53.49886 ], [ 10.000179, 53.498848 ], [ 10.000199, 53.498842 ] ], [ [ 10.000188, 53.498862 ], [ 10.000142, 53.498876 ], [ 10.000124, 53.498856 ], [ 10.000171, 53.498841 ], [ 10.000188, 53.498862 ] ], [ [ 10.000175, 53.498782 ], [ 10.00018, 53.498781 ], [ 10.000183, 53.498784 ], [ 10.000178, 53.498786 ], [ 10.000175, 53.498782 ] ], [ [ 10.000175, 53.498823 ], [ 10.000181, 53.498821 ], [ 10.000184, 53.498825 ], [ 10.000178, 53.498827 ], [ 10.000175, 53.498823 ] ], [ [ 10.000171, 53.498778 ], [ 10.000177, 53.498776 ], [ 10.00018, 53.498779 ], [ 10.000174, 53.498781 ], [ 10.000171, 53.498778 ] ], [ [ 10.000108, 53.49874 ], [ 10.000102, 53.498742 ], [ 10.000099, 53.498739 ], [ 10.000105, 53.498737 ], [ 10.000108, 53.49874 ] ], [ [ 10.000073, 53.498661 ], [ 10.000067, 53.498663 ], [ 10.000064, 53.498659 ], [ 10.00007, 53.498657 ], [ 10.000073, 53.498661 ] ], [ [ 10.000042, 53.498634 ], [ 10.000066, 53.49863 ], [ 10.000072, 53.498637 ], [ 10.000051, 53.498645 ], [ 10.000042, 53.498634 ] ], [ [ 10.000015, 53.498645 ], [ 10.000021, 53.498643 ], [ 10.000024, 53.498646 ], [ 10.000018, 53.498648 ], [ 10.000015, 53.498645 ] ], [ [ 9.999836, 53.498929 ], [ 9.999841, 53.498927 ], [ 9.999845, 53.49893 ], [ 9.99984, 53.498932 ], [ 9.999836, 53.498929 ] ], [ [ 9.999833, 53.498672 ], [ 9.999836, 53.498675 ], [ 9.99983, 53.498677 ], [ 9.999827, 53.498673 ], [ 9.999833, 53.498672 ] ], [ [ 9.999785, 53.498907 ], [ 9.99979, 53.498905 ], [ 9.999794, 53.498908 ], [ 9.999789, 53.49891 ], [ 9.999785, 53.498907 ] ], [ [ 9.999698, 53.498819 ], [ 9.999716, 53.498809 ], [ 9.999726, 53.498816 ], [ 9.99971, 53.498827 ], [ 9.999698, 53.498819 ] ], [ [ 9.999677, 53.49871 ], [ 9.999681, 53.498713 ], [ 9.999675, 53.498715 ], [ 9.999672, 53.498712 ], [ 9.999677, 53.49871 ] ], [ [ 9.999666, 53.498753 ], [ 9.999662, 53.498765 ], [ 9.999643, 53.498762 ], [ 9.999646, 53.498751 ], [ 9.999666, 53.498753 ] ], [ [ 9.999643, 53.498807 ], [ 9.999648, 53.498805 ], [ 9.999652, 53.498808 ], [ 9.999647, 53.49881 ], [ 9.999643, 53.498807 ] ], [ [ 9.999634, 53.498767 ], [ 9.999594, 53.498763 ], [ 9.999601, 53.49874 ], [ 9.999641, 53.498744 ], [ 9.999634, 53.498767 ] ] ] } },
{ "type": "Feature", "properties": { "oid": "DEHHALKA5ep000AI", "gebaeudefunktion": 3212, "dachform": 1000.0, "dach_m2": 53.8, "gruen_m2": 46.6, "anteil": 86.7, "jahrgang": "2024", "quelle": "dachflaechen", "klasse": "gruendach", "herkunft": "modell_bestaetigt", "fehlerkategorie": null }, "geometry": { "type": "Polygon", "coordinates": [ [ [ 10.025648, 53.487037 ], [ 10.02563, 53.486957 ], [ 10.025541, 53.486964 ], [ 10.025559, 53.487044 ], [ 10.025648, 53.487037 ] ] ] } },
{ "type": "Feature", "properties": { "oid": "DEHHALKA5ep000AK", "gebaeudefunktion": 3062, "dachform": 1000.0, "dach_m2": 546.5, "gruen_m2": 420.2, "anteil": 76.9, "jahrgang": "2024", "quelle": "dachflaechen", "klasse": "gruendach", "herkunft": "modell_bestaetigt", "fehlerkategorie": "korrekt" }, "geometry": { "type": "Polygon", "coordinates": [ [ [ 10.025788, 53.487685 ], [ 10.02587, 53.488064 ], [ 10.026187, 53.488038 ], [ 10.025854, 53.48768 ], [ 10.025788, 53.487685 ] ] ] } },
{ "type": "Feature", "properties": { "oid": "DEHHALKA5nB000Ga", "gebaeudefunktion": 2440, "dachform": 1000.0, "dach_m2": 154.5, "gruen_m2": 154.3, "anteil": 99.8, "jahrgang": "2024", "quelle": "dachflaechen", "klasse": "gruendach", "herkunft": "modell_bestaetigt", "fehlerkategorie": "korrekt" }, "geometry": { "type": "Polygon", "coordinates": [ [ [ 9.953937, 53.49526 ], [ 9.953993, 53.495189 ], [ 9.953751, 53.495121 ], [ 9.953695, 53.495193 ], [ 9.953937, 53.49526 ] ], [ [ 9.95396, 53.495183 ], [ 9.953965, 53.495185 ], [ 9.953962, 53.495187 ], [ 9.953957, 53.495186 ], [ 9.95396, 53.495183 ] ] ] } },
{ "type": "Feature", "properties": { "oid": "DEHHALKA62z000Pc", "gebaeudefunktion": 1010, "dachform": 1000.0, "dach_m2": 1061.8, "gruen_m2": 815.1, "anteil": 76.8, "jahrgang": "2024", "quelle": "alkis", "klasse": "gruendach", "herkunft": "modell_bestaetigt", "fehlerkategorie": "korrekt" }, "geometry": { "type": "Polygon", "coordinates": [ [ [ 10.006217, 53.490169 ], [ 10.006204, 53.490119 ], [ 10.006227, 53.490117 ], [ 10.006203, 53.490032 ], [ 10.00618, 53.490034 ], [ 10.006143, 53.489898 ], [ 10.006166, 53.489896 ], [ 10.006142, 53.489811 ], [ 10.00612, 53.489813 ], [ 10.006082, 53.489677 ], [ 10.006105, 53.489675 ], [ 10.006081, 53.48959 ], [ 10.006059, 53.489592 ], [ 10.006047, 53.489549 ], [ 10.005844, 53.489568 ], [ 10.005857, 53.489613 ], [ 10.005819, 53.489617 ], [ 10.00583, 53.489658 ], [ 10.005868, 53.489654 ], [ 10.005879, 53.489694 ], [ 10.005841, 53.489697 ], [ 10.005847, 53.489718 ], [ 10.005884, 53.489714 ], [ 10.005901, 53.489774 ], [ 10.005863, 53.489778 ], [ 10.005869, 53.489799 ], [ 10.005906, 53.489795 ], [ 10.005917, 53.489835 ], [ 10.00588, 53.489838 ], [ 10.005891, 53.489879 ], [ 10.005929, 53.489875 ], [ 10.005939, 53.489915 ], [ 10.005902, 53.489918 ], [ 10.005907, 53.489939 ], [ 10.005945, 53.489935 ], [ 10.005962, 53.489996 ], [ 10.005924, 53.489999 ], [ 10.00593, 53.49002 ], [ 10.005967, 53.490016 ], [ 10.005978, 53.490056 ], [ 10.00594, 53.490059 ], [ 10.005952, 53.4901 ], [ 10.005989, 53.490096 ], [ 10.006, 53.490136 ], [ 10.005962, 53.49014 ], [ 10.005968, 53.49016 ], [ 10.006006, 53.490156 ], [ 10.006015, 53.490189 ], [ 10.006217, 53.490169 ] ] ] } },
{ "type": "Feature", "properties": { "oid": "DEHHALKA6zV000EA", "gebaeudefunktion": 2140, "dachform": 1000.0, "dach_m2": 151.1, "gruen_m2": 140.3, "anteil": 92.8, "jahrgang": "2024", "quelle": "alkis", "klasse": "gruendach", "herkunft": "modell_bestaetigt", "fehlerkategorie": "korrekt" }, "geometry": { "type": "Polygon", "coordinates": [ [ [ 10.04973, 53.506904 ], [ 10.049427, 53.506871 ], [ 10.049407, 53.506937 ], [ 10.04971, 53.506969 ], [ 10.04973, 53.506904 ] ] ] } },
{ "type": "Feature", "properties": { "oid": "DEHHALKA7000CRSR", "gebaeudefunktion": 2570, "dachform": 1000.0, "dach_m2": 52.2, "gruen_m2": null, "anteil": null, "jahrgang": "2024", "quelle": "dachflaechen", "klasse": "gruendach", "herkunft": "haendisch_ergaenzt", "fehlerkategorie": "korrekt" }, "geometry": { "type": "Polygon", "coordinates": [ [ [ 9.940697, 53.535407 ], [ 9.940664, 53.535417 ], [ 9.940668, 53.535422 ], [ 9.940652, 53.535426 ], [ 9.940648, 53.535421 ], [ 9.940625, 53.535431 ], [ 9.940606, 53.535433 ], [ 9.940604, 53.535438 ], [ 9.940583, 53.53544 ], [ 9.940587, 53.535446 ], [ 9.940571, 53.53545 ], [ 9.940566, 53.535445 ], [ 9.940533, 53.535455 ], [ 9.940562, 53.535491 ], [ 9.940727, 53.535444 ], [ 9.940697, 53.535407 ] ], [ [ 9.940702, 53.535433 ], [ 9.940705, 53.535434 ], [ 9.940704, 53.535435 ], [ 9.9407, 53.535435 ], [ 9.940702, 53.535433 ] ], [ [ 9.940668, 53.535446 ], [ 9.940664, 53.535445 ], [ 9.940667, 53.535442 ], [ 9.940671, 53.535444 ], [ 9.940668, 53.535446 ] ] ] } },
{ "type": "Feature", "properties": { "oid": "DEHHALKA7000CRSV", "gebaeudefunktion": 2570, "dachform": 1000.0, "dach_m2": 49.9, "gruen_m2": null, "anteil": null, "jahrgang": "2024", "quelle": "dachflaechen", "klasse": "gruendach", "herkunft": "haendisch_ergaenzt", "fehlerkategorie": null }, "geometry": { "type": "Polygon", "coordinates": [ [ [ 9.940563, 53.535441 ], [ 9.940579, 53.535436 ], [ 9.940583, 53.53544 ], [ 9.940598, 53.535432 ], [ 9.940617, 53.53543 ], [ 9.940619, 53.535424 ], [ 9.940629, 53.535427 ], [ 9.940648, 53.535421 ], [ 9.940644, 53.535417 ], [ 9.94066, 53.535412 ], [ 9.940664, 53.535417 ], [ 9.940697, 53.535407 ], [ 9.940668, 53.535372 ], [ 9.940504, 53.535419 ], [ 9.940533, 53.535455 ], [ 9.940566, 53.535445 ], [ 9.940563, 53.535441 ] ], [ [ 9.940664, 53.535386 ], [ 9.94067, 53.535389 ], [ 9.940664, 53.535392 ], [ 9.940659, 53.535389 ], [ 9.940664, 53.535386 ] ], [ [ 9.940538, 53.535425 ], [ 9.940547, 53.535436 ], [ 9.94054, 53.535438 ], [ 9.940531, 53.535427 ], [ 9.940538, 53.535425 ] ], [ [ 9.940536, 53.535418 ], [ 9.940525, 53.535421 ], [ 9.940523, 53.535419 ], [ 9.940534, 53.535416 ], [ 9.940536, 53.535418 ] ] ] } },
{ "type": "Feature", "properties": { "oid": "DEHHALKA7Fi000EQ", "gebaeudefunktion": 1010, "dachform": 1000.0, "dach_m2": 365.2, "gruen_m2": 328.7, "anteil": 90.0, "jahrgang": "2024", "quelle": "alkis", "klasse": "gruendach", "herkunft": "modell_bestaetigt", "fehlerkategorie": "junge_vegetation" }, "geometry": { "type": "Polygon", "coordinates": [ [ [ 9.991216, 53.512576 ], [ 9.991205, 53.512493 ], [ 9.990806, 53.512511 ], [ 9.990822, 53.512635 ], [ 9.991221, 53.512617 ], [ 9.991216, 53.512576 ] ] ] } },
{ "type": "Feature", "properties": { "oid": "DEHHALKA7Fi000ET", "gebaeudefunktion": 1010, "dachform": 1000.0, "dach_m2": 613.7, "gruen_m2": 425.7, "anteil": 69.4, "jahrgang": "2024", "quelle": "alkis", "klasse": "gruendach", "herkunft": "modell_bestaetigt", "fehlerkategorie": "junge_vegetation" }, "geometry": { "type": "Polygon", "coordinates": [ [ [ 9.991244, 53.512575 ], [ 9.991187, 53.51212 ], [ 9.99097, 53.51213 ], [ 9.991018, 53.512502 ], [ 9.991205, 53.512493 ], [ 9.991216, 53.512576 ], [ 9.991244, 53.512575 ] ] ] } },
{ "type": "Feature", "properties": { "oid": "DEHHALKA7O00009Q", "gebaeudefunktion": 1010, "dachform": 1000.0, "dach_m2": 292.6, "gruen_m2": 260.6, "anteil": 89.1, "jahrgang": "2024", "quelle": "dachflaechen", "klasse": "gruendach", "herkunft": "modell_ungeprueft", "fehlerkategorie": null }, "geometry": { "type": "MultiPolygon", "coordinates": [ [ [ [ 10.002212, 53.497373 ], [ 10.001961, 53.497495 ], [ 10.002109, 53.497603 ], [ 10.00236, 53.497481 ], [ 10.002212, 53.497373 ] ], [ [ 10.00197, 53.497496 ], [ 10.002211, 53.49738 ], [ 10.002348, 53.49748 ], [ 10.00211, 53.497596 ], [ 10.00197, 53.497496 ] ] ], [ [ [ 10.00221, 53.497385 ], [ 10.001982, 53.497497 ], [ 10.002111, 53.497591 ], [ 10.00234, 53.497479 ], [ 10.00221, 53.497385 ] ], [ [ 10.002185, 53.497501 ], [ 10.00217, 53.497508 ], [ 10.002158, 53.4975 ], [ 10.002173, 53.497492 ], [ 10.002185, 53.497501 ] ], [ [ 10.002149, 53.497488 ], [ 10.002118, 53.497466 ], [ 10.002151, 53.49745 ], [ 10.002182, 53.497472 ], [ 10.002149, 53.497488 ] ] ] ] } },
{ "type": "Feature", "properties": { "oid": "DEHHALKA7Sa00035", "gebaeudefunktion": 3021, "dachform": 1000.0, "dach_m2": 1609.8, "gruen_m2": 1137.3, "anteil": 70.6, "jahrgang": "2024", "quelle": "alkis", "klasse": "gruendach", "herkunft": "modell_bestaetigt", "fehlerkategorie": "junge_vegetation" }, "geometry": { "type": "Polygon", "coordinates": [ [ [ 10.015627, 53.483926 ], [ 10.015566, 53.483744 ], [ 10.015269, 53.483779 ], [ 10.015236, 53.483749 ], [ 10.015256, 53.483741 ], [ 10.014849, 53.483372 ], [ 10.014682, 53.483438 ], [ 10.014709, 53.483462 ], [ 10.01464, 53.483489 ], [ 10.015019, 53.483834 ], [ 10.015062, 53.483817 ], [ 10.015124, 53.483874 ], [ 10.0151, 53.483883 ], [ 10.015134, 53.483985 ], [ 10.015627, 53.483926 ] ] ] } },
{ "type": "Feature", "properties": { "oid": "DEHHALKA7Sa0003J", "gebaeudefunktion": 3021, "dachform": 1000.0, "dach_m2": 1511.0, "gruen_m2": 325.4, "anteil": 21.5, "jahrgang": "2024", "quelle": "alkis", "klasse": "gruendach", "herkunft": "modell_bestaetigt", "fehlerkategorie": "korrekt" }, "geometry": { "type": "Polygon", "coordinates": [ [ [ 10.015242, 53.483609 ], [ 10.015464, 53.483546 ], [ 10.015486, 53.483573 ], [ 10.016102, 53.4834 ], [ 10.016211, 53.483399 ], [ 10.016211, 53.483351 ], [ 10.0162, 53.483351 ], [ 10.016162, 53.483305 ], [ 10.016039, 53.48334 ], [ 10.015951, 53.483226 ], [ 10.01571, 53.48329 ], [ 10.015712, 53.483293 ], [ 10.015597, 53.483325 ], [ 10.015568, 53.483287 ], [ 10.015441, 53.483324 ], [ 10.015439, 53.483321 ], [ 10.015188, 53.483394 ], [ 10.015223, 53.483437 ], [ 10.015076, 53.483479 ], [ 10.015128, 53.483543 ], [ 10.015179, 53.483529 ], [ 10.015242, 53.483609 ] ] ] } },
{ "type": "Feature", "properties": { "oid": "DEHHALKA7i000054", "gebaeudefunktion": 1010, "dachform": 1000.0, "dach_m2": 434.3, "gruen_m2": 261.4, "anteil": 60.2, "jahrgang": "2024", "quelle": "dachflaechen", "klasse": "gruendach", "herkunft": "modell_bestaetigt", "fehlerkategorie": "korrekt" }, "geometry": { "type": "Polygon", "coordinates": [ [ [ 10.001242, 53.497676 ], [ 10.001144, 53.497702 ], [ 10.001161, 53.497723 ], [ 10.00117, 53.497721 ], [ 10.00127, 53.497852 ], [ 10.001602, 53.497763 ], [ 10.001516, 53.497649 ], [ 10.001523, 53.497647 ], [ 10.001506, 53.497624 ], [ 10.001242, 53.497676 ] ], [ [ 10.001408, 53.497796 ], [ 10.001398, 53.497783 ], [ 10.001412, 53.497779 ], [ 10.001422, 53.497792 ], [ 10.001408, 53.497796 ] ] ] } },
{ "type": "Feature", "properties": { "oid": "DEHHALKA7i000095", "gebaeudefunktion": 1010, "dachform": 1000.0, "dach_m2": 142.2, "gruen_m2": 111.7, "anteil": 78.5, "jahrgang": "2024", "quelle": "dachflaechen", "klasse": "gruendach", "herkunft": "modell_bestaetigt", "fehlerkategorie": "korrekt" }, "geometry": { "type": "MultiPolygon", "coordinates": [ [ [ [ 10.000143, 53.49539 ], [ 9.999939, 53.495392 ], [ 9.999942, 53.49549 ], [ 10.000062, 53.495489 ], [ 10.000061, 53.495464 ], [ 10.000145, 53.495463 ], [ 10.000143, 53.49539 ] ] ], [ [ [ 9.999929, 53.495441 ], [ 9.999902, 53.495442 ], [ 9.999903, 53.495494 ], [ 9.999931, 53.495494 ], [ 9.999929, 53.495441 ] ] ] ] } },
{ "type": "Feature", "properties": { "oid": "DEHHALKA7i00009A", "gebaeudefunktion": 1010, "dachform": 1000.0, "dach_m2": 135.9, "gruen_m2": 35.3, "anteil": 26.0, "jahrgang": "2024", "quelle": "dachflaechen", "klasse": "gruendach", "herkunft": "modell_bestaetigt", "fehlerkategorie": "solaranlage" }, "geometry": { "type": "Polygon", "coordinates": [ [ [ 10.000607, 53.495934 ], [ 10.000607, 53.495978 ], [ 10.000741, 53.495978 ], [ 10.000739, 53.495928 ], [ 10.000799, 53.495927 ], [ 10.000798, 53.495854 ], [ 10.000634, 53.495855 ], [ 10.000636, 53.495934 ], [ 10.000607, 53.495934 ] ] ] } },
{ "type": "Feature", "properties": { "oid": "DEHHALKA7i00009F", "gebaeudefunktion": 1010, "dachform": 1000.0, "dach_m2": 135.9, "gruen_m2": 57.5, "anteil": 42.3, "jahrgang": "2024", "quelle": "dachflaechen", "klasse": "gruendach", "herkunft": "modell_bestaetigt", "fehlerkategorie": "korrekt" }, "geometry": { "type": "Polygon", "coordinates": [ [ [ 10.000156, 53.495666 ], [ 10.00029, 53.495665 ], [ 10.000288, 53.495616 ], [ 10.000348, 53.495616 ], [ 10.000347, 53.495542 ], [ 10.000184, 53.495543 ], [ 10.000185, 53.495622 ], [ 10.000155, 53.495622 ], [ 10.000156, 53.495666 ] ] ] } },
{ "type": "Feature", "properties": { "oid": "DEHHALKA7i00009I", "gebaeudefunktion": 1010, "dachform": 1000.0, "dach_m2": 217.5, "gruen_m2": 203.8, "anteil": 93.7, "jahrgang": "2024", "quelle": "dachflaechen", "klasse": "gruendach", "herkunft": "modell_bestaetigt", "fehlerkategorie": "korrekt" }, "geometry": { "type": "MultiPolygon", "coordinates": [ [ [ [ 10.001042, 53.496223 ], [ 10.001042, 53.496215 ], [ 10.001059, 53.496216 ], [ 10.001059, 53.496222 ], [ 10.001084, 53.496222 ], [ 10.001084, 53.49624 ], [ 10.001134, 53.496239 ], [ 10.001134, 53.496267 ], [ 10.001101, 53.496267 ], [ 10.001101, 53.496285 ], [ 10.001093, 53.496285 ], [ 10.001093, 53.496263 ], [ 10.001128, 53.496264 ], [ 10.001128, 53.49626 ], [ 10.001046, 53.49626 ], [ 10.001046, 53.496247 ], [ 10.001039, 53.496247 ], [ 10.001039, 53.496268 ], [ 10.001068, 53.496267 ], [ 10.001069, 53.496319 ], [ 10.001224, 53.496318 ], [ 10.001223, 53.49627 ], [ 10.001187, 53.49627 ], [ 10.001187, 53.496233 ], [ 10.001287, 53.496232 ], [ 10.001286, 53.496166 ], [ 10.001014, 53.496168 ], [ 10.001015, 53.496233 ], [ 10.001031, 53.496234 ], [ 10.001031, 53.496222 ], [ 10.001042, 53.496223 ] ], [ [ 10.001132, 53.496302 ], [ 10.001133, 53.496313 ], [ 10.001115, 53.496313 ], [ 10.001115, 53.496302 ], [ 10.001132, 53.496302 ] ] ], [ [ [ 10.001063, 53.496321 ], [ 10.00106, 53.496272 ], [ 10.00102, 53.49627 ], [ 10.001021, 53.496321 ], [ 10.001063, 53.496321 ] ] ] ] } },
{ "type": "Feature", "properties": { "oid": "DEHHALKA7i00009P", "gebaeudefunktion": 1010, "dachform": 1000.0, "dach_m2": 141.8, "gruen_m2": 72.0, "anteil": 50.7, "jahrgang": "2024", "quelle": "dachflaechen", "klasse": "gruendach", "herkunft": "modell_bestaetigt", "fehlerkategorie": "korrekt" }, "geometry": { "type": "MultiPolygon", "coordinates": [ [ [ [ 10.000598, 53.495705 ], [ 10.000394, 53.495707 ], [ 10.000396, 53.495804 ], [ 10.000518, 53.495804 ], [ 10.000518, 53.495778 ], [ 10.0006, 53.495778 ], [ 10.000598, 53.495705 ] ] ], [ [ [ 10.000383, 53.495755 ], [ 10.000358, 53.495755 ], [ 10.000359, 53.495808 ], [ 10.000385, 53.495809 ], [ 10.000383, 53.495755 ] ] ] ] } },
{ "type": "Feature", "properties": { "oid": "DEHHALKA7m0000Kl", "gebaeudefunktion": 1010, "dachform": 1000.0, "dach_m2": 503.4, "gruen_m2": 304.4, "anteil": 60.5, "jahrgang": "2024", "quelle": "dachflaechen", "klasse": "gruendach", "herkunft": "modell_bestaetigt", "fehlerkategorie": "korrekt" }, "geometry": { "type": "MultiPolygon", "coordinates": [ [ [ [ 10.000457, 53.49762 ], [ 10.000169, 53.497695 ], [ 10.000172, 53.497699 ], [ 10.00046, 53.497625 ], [ 10.000457, 53.49762 ] ] ], [ [ [ 10.000449, 53.497619 ], [ 10.000362, 53.4975 ], [ 10.000087, 53.497572 ], [ 10.000172, 53.49769 ], [ 10.000449, 53.497619 ] ], [ [ 10.000327, 53.497517 ], [ 10.000367, 53.497572 ], [ 10.00028, 53.497594 ], [ 10.000263, 53.49757 ], [ 10.000294, 53.497562 ], [ 10.000271, 53.497531 ], [ 10.000327, 53.497517 ] ], [ [ 10.000249, 53.497663 ], [ 10.000223, 53.497628 ], [ 10.00033, 53.4976 ], [ 10.000357, 53.497636 ], [ 10.000249, 53.497663 ] ], [ [ 10.000251, 53.49756 ], [ 10.000244, 53.497562 ], [ 10.000233, 53.497548 ], [ 10.00024, 53.497546 ], [ 10.000251, 53.49756 ] ], [ [ 10.000102, 53.497575 ], [ 10.000212, 53.497546 ], [ 10.000238, 53.497581 ], [ 10.000128, 53.497609 ], [ 10.000102, 53.497575 ] ], [ [ 10.00019, 53.497639 ], [ 10.000187, 53.497635 ], [ 10.000207, 53.497629 ], [ 10.00021, 53.497633 ], [ 10.00019, 53.497639 ] ] ], [ [ [ 10.000276, 53.497532 ], [ 10.000298, 53.497561 ], [ 10.000326, 53.497554 ], [ 10.000341, 53.497576 ], [ 10.000362, 53.49757 ], [ 10.000325, 53.49752 ], [ 10.000276, 53.497532 ] ] ], [ [ [ 10.000355, 53.497476 ], [ 10.000328, 53.497439 ], [ 10.000291, 53.497449 ], [ 10.000317, 53.497486 ], [ 10.000355, 53.497476 ] ], [ [ 10.000312, 53.497458 ], [ 10.000319, 53.497456 ], [ 10.000323, 53.497461 ], [ 10.000315, 53.497463 ], [ 10.000312, 53.497458 ] ] ], [ [ [ 10.000291, 53.497623 ], [ 10.000302, 53.497636 ], [ 10.000244, 53.497651 ], [ 10.000251, 53.49766 ], [ 10.000352, 53.497635 ], [ 10.000329, 53.497603 ], [ 10.000287, 53.497614 ], [ 10.000291, 53.497623 ] ] ], [ [ [ 10.000026, 53.497499 ], [ 10.000279, 53.497434 ], [ 10.000288, 53.497447 ], [ 10.000324, 53.497437 ], [ 10.000312, 53.497421 ], [ 10.000024, 53.497496 ], [ 10.000026, 53.497499 ] ] ], [ [ [ 10.000304, 53.497419 ], [ 10.000217, 53.497301 ], [ 9.999942, 53.497372 ], [ 10.000027, 53.49749 ], [ 10.000304, 53.497419 ] ], [ [ 10.000149, 53.497363 ], [ 10.000126, 53.49733 ], [ 10.000182, 53.497316 ], [ 10.000222, 53.497372 ], [ 10.000137, 53.497394 ], [ 10.000119, 53.497371 ], [ 10.000149, 53.497363 ] ], [ [ 10.000222, 53.497393 ], [ 10.000206, 53.497397 ], [ 10.000203, 53.497394 ], [ 10.000219, 53.497389 ], [ 10.000222, 53.497393 ] ], [ [ 10.000187, 53.4974 ], [ 10.000212, 53.497436 ], [ 10.000104, 53.497463 ], [ 10.000079, 53.497428 ], [ 10.000187, 53.4974 ] ], [ [ 10.000099, 53.497362 ], [ 10.000088, 53.497347 ], [ 10.000095, 53.497345 ], [ 10.000105, 53.49736 ], [ 10.000099, 53.497362 ] ], [ [ 10.000066, 53.497347 ], [ 10.000092, 53.497382 ], [ 9.999984, 53.49741 ], [ 9.999958, 53.497375 ], [ 10.000066, 53.497347 ] ], [ [ 10.000066, 53.497433 ], [ 10.000044, 53.497439 ], [ 10.000041, 53.497435 ], [ 10.000063, 53.497429 ], [ 10.000066, 53.497433 ] ] ], [ [ [ 10.000183, 53.497583 ], [ 10.000189, 53.497591 ], [ 10.000233, 53.49758 ], [ 10.00021, 53.497549 ], [ 10.000108, 53.497576 ], [ 10.000114, 53.497585 ], [ 10.000173, 53.49757 ], [ 10.000183, 53.497583 ] ] ], [ [ [ 10.000197, 53.497376 ], [ 10.000217, 53.497371 ], [ 10.000179, 53.497319 ], [ 10.000131, 53.497332 ], [ 10.000153, 53.497362 ], [ 10.000181, 53.497355 ], [ 10.000197, 53.497376 ] ] ], [ [ [ 10.000143, 53.497414 ], [ 10.000158, 53.497435 ], [ 10.0001, 53.497451 ], [ 10.000107, 53.49746 ], [ 10.000206, 53.497435 ], [ 10.000184, 53.497404 ], [ 10.000143, 53.497414 ] ] ], [ [ [ 10.00003, 53.497373 ], [ 10.000044, 53.497392 ], [ 10.000086, 53.497381 ], [ 10.000065, 53.49735 ], [ 9.999963, 53.497376 ], [ 9.99997, 53.497385 ], [ 10.00003, 53.497373 ] ] ] ] } },
{ "type": "Feature", "properties": { "oid": "DEHHALKA80000XPo", "gebaeudefunktion": 1010, "dachform": 1000.0, "dach_m2": 258.4, "gruen_m2": 238.6, "anteil": 92.3, "jahrgang": "2024", "quelle": "dachflaechen", "klasse": "gruendach", "herkunft": "modell_bestaetigt", "fehlerkategorie": "korrekt" }, "geometry": { "type": "MultiPolygon", "coordinates": [ [ [ [ 10.001975, 53.497235 ], [ 10.001906, 53.497186 ], [ 10.001773, 53.497251 ], [ 10.0018, 53.497269 ], [ 10.001753, 53.497292 ], [ 10.001726, 53.497274 ], [ 10.001692, 53.497291 ], [ 10.001758, 53.49734 ], [ 10.00179, 53.497325 ], [ 10.001827, 53.497352 ], [ 10.001796, 53.497367 ], [ 10.00183, 53.497392 ], [ 10.002045, 53.497287 ], [ 10.002011, 53.497262 ], [ 10.001982, 53.497276 ], [ 10.001944, 53.49725 ], [ 10.001975, 53.497235 ] ], [ [ 10.001876, 53.497307 ], [ 10.001861, 53.497296 ], [ 10.001873, 53.49729 ], [ 10.001888, 53.497301 ], [ 10.001876, 53.497307 ] ] ], [ [ [ 10.001955, 53.49725 ], [ 10.001983, 53.49727 ], [ 10.002013, 53.497255 ], [ 10.001985, 53.497235 ], [ 10.001955, 53.49725 ] ] ], [ [ [ 10.001817, 53.497351 ], [ 10.001789, 53.497331 ], [ 10.001757, 53.497347 ], [ 10.001785, 53.497367 ], [ 10.001817, 53.497351 ] ] ], [ [ [ 10.001789, 53.497269 ], [ 10.001762, 53.497251 ], [ 10.001728, 53.497267 ], [ 10.001754, 53.497286 ], [ 10.001789, 53.497269 ] ] ] ] } },
{ "type": "Feature", "properties": { "oid": "DEHHALKA82f000IB", "gebaeudefunktion": 3212, "dachform": 1000.0, "dach_m2": 229.6, "gruen_m2": 178.5, "anteil": 77.8, "jahrgang": "2024", "quelle": "alkis", "klasse": "gruendach", "herkunft": "modell_bestaetigt", "fehlerkategorie": "gebaeude_fehlt" }, "geometry": { "type": "Polygon", "coordinates": [ [ [ 10.00213, 53.501228 ], [ 10.002017, 53.501121 ], [ 10.001809, 53.501199 ], [ 10.001923, 53.501306 ], [ 10.00213, 53.501228 ] ] ] } },
{ "type": "Feature", "properties": { "oid": "DEHHALKA88h0005N", "gebaeudefunktion": 1010, "dachform": 1000.0, "dach_m2": 778.6, "gruen_m2": 559.1, "anteil": 71.8, "jahrgang": "2024", "quelle": "alkis", "klasse": "gruendach", "herkunft": "modell_bestaetigt", "fehlerkategorie": "junge_vegetation" }, "geometry": { "type": "Polygon", "coordinates": [ [ [ 10.012308, 53.498 ], [ 10.012491, 53.497782 ], [ 10.01231, 53.497728 ], [ 10.01218, 53.497884 ], [ 10.011709, 53.4979 ], [ 10.011721, 53.498021 ], [ 10.012308, 53.498 ] ] ] } },
{ "type": "Feature", "properties": { "oid": "DEHHALKA900004Fo", "gebaeudefunktion": 3021, "dachform": 1000.0, "dach_m2": 2568.9, "gruen_m2": null, "anteil": null, "jahrgang": "2024", "quelle": "dachflaechen", "klasse": "gruendach", "herkunft": "haendisch_ergaenzt", "fehlerkategorie": "korrekt" }, "geometry": { "type": "MultiPolygon", "coordinates": [ [ [ [ 10.016657, 53.482971 ], [ 10.016748, 53.482971 ], [ 10.016748, 53.482987 ], [ 10.016819, 53.482987 ], [ 10.016811, 53.482947 ], [ 10.016574, 53.482958 ], [ 10.016573, 53.482948 ], [ 10.016453, 53.482954 ], [ 10.016453, 53.482959 ], [ 10.016421, 53.482968 ], [ 10.016647, 53.483252 ], [ 10.016567, 53.483377 ], [ 10.016583, 53.483352 ], [ 10.01652, 53.483352 ], [ 10.01652, 53.483401 ], [ 10.016552, 53.483401 ], [ 10.016339, 53.483736 ], [ 10.016871, 53.483856 ], [ 10.017035, 53.483597 ], [ 10.017027, 53.483595 ], [ 10.017051, 53.483556 ], [ 10.016968, 53.483538 ], [ 10.016957, 53.483556 ], [ 10.016948, 53.483554 ], [ 10.016963, 53.48353 ], [ 10.016997, 53.483538 ], [ 10.017006, 53.483523 ], [ 10.016972, 53.483515 ], [ 10.016972, 53.483519 ], [ 10.01693, 53.483519 ], [ 10.0169, 53.483566 ], [ 10.016891, 53.483564 ], [ 10.01692, 53.483519 ], [ 10.016653, 53.483518 ], [ 10.016657, 53.482971 ] ], [ [ 10.016934, 53.483609 ], [ 10.016942, 53.483596 ], [ 10.016985, 53.483606 ], [ 10.016977, 53.483619 ], [ 10.016934, 53.483609 ] ], [ [ 10.016906, 53.483653 ], [ 10.016917, 53.483636 ], [ 10.016959, 53.483646 ], [ 10.016949, 53.483663 ], [ 10.016906, 53.483653 ] ], [ [ 10.016881, 53.483693 ], [ 10.016889, 53.48368 ], [ 10.016931, 53.48369 ], [ 10.016923, 53.483703 ], [ 10.016881, 53.483693 ] ], [ [ 10.016904, 53.483733 ], [ 10.016896, 53.483745 ], [ 10.016854, 53.483736 ], [ 10.016862, 53.483723 ], [ 10.016904, 53.483733 ] ], [ [ 10.016896, 53.483586 ], [ 10.016888, 53.483599 ], [ 10.016845, 53.483589 ], [ 10.016854, 53.483576 ], [ 10.016896, 53.483586 ] ], [ [ 10.016868, 53.48379 ], [ 10.016826, 53.48378 ], [ 10.016836, 53.483763 ], [ 10.016879, 53.483773 ], [ 10.016868, 53.48379 ] ], [ [ 10.016871, 53.483626 ], [ 10.01686, 53.483643 ], [ 10.016817, 53.483633 ], [ 10.016828, 53.483616 ], [ 10.016871, 53.483626 ] ], [ [ 10.0168, 53.48382 ], [ 10.016808, 53.483807 ], [ 10.016851, 53.483817 ], [ 10.016842, 53.48383 ], [ 10.0168, 53.48382 ] ], [ [ 10.0168, 53.48366 ], [ 10.016842, 53.48367 ], [ 10.016834, 53.483683 ], [ 10.016792, 53.483673 ], [ 10.0168, 53.48366 ] ], [ [ 10.016765, 53.483716 ], [ 10.016773, 53.483703 ], [ 10.016815, 53.483713 ], [ 10.016807, 53.483725 ], [ 10.016765, 53.483716 ] ], [ [ 10.016765, 53.483556 ], [ 10.016807, 53.483566 ], [ 10.016799, 53.483578 ], [ 10.016757, 53.483569 ], [ 10.016765, 53.483556 ] ], [ [ 10.016779, 53.48377 ], [ 10.016737, 53.48376 ], [ 10.016747, 53.483743 ], [ 10.01679, 53.483753 ], [ 10.016779, 53.48377 ] ], [ [ 10.01674, 53.483596 ], [ 10.016782, 53.483606 ], [ 10.016771, 53.483623 ], [ 10.016729, 53.483613 ], [ 10.01674, 53.483596 ] ], [ [ 10.016754, 53.48381 ], [ 10.016711, 53.4838 ], [ 10.016719, 53.483787 ], [ 10.016762, 53.483797 ], [ 10.016754, 53.48381 ] ], [ [ 10.016703, 53.483653 ], [ 10.016711, 53.48364 ], [ 10.016754, 53.48365 ], [ 10.016746, 53.483663 ], [ 10.016703, 53.483653 ] ], [ [ 10.016719, 53.483705 ], [ 10.016676, 53.483696 ], [ 10.016684, 53.483683 ], [ 10.016727, 53.483692 ], [ 10.016719, 53.483705 ] ], [ [ 10.016718, 53.483546 ], [ 10.01671, 53.483558 ], [ 10.016668, 53.483549 ], [ 10.016676, 53.483536 ], [ 10.016718, 53.483546 ] ], [ [ 10.016648, 53.48374 ], [ 10.016659, 53.483723 ], [ 10.016701, 53.483733 ], [ 10.01669, 53.48375 ], [ 10.016648, 53.48374 ] ], [ [ 10.016682, 53.483603 ], [ 10.01664, 53.483593 ], [ 10.016651, 53.483576 ], [ 10.016693, 53.483585 ], [ 10.016682, 53.483603 ] ], [ [ 10.016665, 53.48379 ], [ 10.016623, 53.48378 ], [ 10.016631, 53.483767 ], [ 10.016673, 53.483777 ], [ 10.016665, 53.48379 ] ], [ [ 10.016629, 53.483636 ], [ 10.016614, 53.483633 ], [ 10.016622, 53.48362 ], [ 10.016665, 53.48363 ], [ 10.016657, 53.483642 ], [ 10.016629, 53.483636 ] ], [ [ 10.016587, 53.483676 ], [ 10.016595, 53.483663 ], [ 10.016638, 53.483672 ], [ 10.01663, 53.483685 ], [ 10.016587, 53.483676 ] ], [ [ 10.016601, 53.48373 ], [ 10.016559, 53.48372 ], [ 10.01657, 53.483703 ], [ 10.016612, 53.483712 ], [ 10.016601, 53.48373 ] ], [ [ 10.016533, 53.48376 ], [ 10.016542, 53.483747 ], [ 10.016584, 53.483757 ], [ 10.016576, 53.48377 ], [ 10.016533, 53.48376 ] ], [ [ 10.016514, 53.483678 ], [ 10.016527, 53.483652 ], [ 10.016542, 53.483655 ], [ 10.016525, 53.483681 ], [ 10.016514, 53.483678 ] ] ], [ [ [ 10.016765, 53.483513 ], [ 10.016963, 53.483514 ], [ 10.016967, 53.482993 ], [ 10.016665, 53.482992 ], [ 10.016661, 53.483513 ], [ 10.016765, 53.483513 ] ], [ [ 10.016797, 53.483037 ], [ 10.016798, 53.482996 ], [ 10.016865, 53.482996 ], [ 10.016864, 53.483037 ], [ 10.016797, 53.483037 ] ], [ [ 10.016797, 53.483145 ], [ 10.016797, 53.483067 ], [ 10.016864, 53.483068 ], [ 10.016864, 53.483145 ], [ 10.016797, 53.483145 ] ], [ [ 10.016796, 53.483217 ], [ 10.016796, 53.483175 ], [ 10.016863, 53.483175 ], [ 10.016863, 53.483217 ], [ 10.016796, 53.483217 ] ], [ [ 10.016795, 53.483423 ], [ 10.016796, 53.483246 ], [ 10.016863, 53.483246 ], [ 10.016862, 53.483423 ], [ 10.016795, 53.483423 ] ], [ [ 10.01686, 53.48346 ], [ 10.016776, 53.48346 ], [ 10.016776, 53.483437 ], [ 10.016861, 53.483437 ], [ 10.01686, 53.48346 ] ], [ [ 10.016794, 53.4835 ], [ 10.016794, 53.483476 ], [ 10.016861, 53.483476 ], [ 10.016861, 53.4835 ], [ 10.016794, 53.4835 ] ] ] ] } },
{ "type": "Feature", "properties": { "oid": "DEHHALKAAO00005X", "gebaeudefunktion": 1010, "dachform": 1000.0, "dach_m2": 285.1, "gruen_m2": 125.6, "anteil": 44.0, "jahrgang": "2024", "quelle": "dachflaechen", "klasse": "gruendach", "herkunft": "modell_bestaetigt", "fehlerkategorie": "korrekt" }, "geometry": { "type": "MultiPolygon", "coordinates": [ [ [ [ 10.003526, 53.496577 ], [ 10.003501, 53.49659 ], [ 10.003528, 53.496608 ], [ 10.003517, 53.496614 ], [ 10.003485, 53.496593 ], [ 10.003355, 53.496658 ], [ 10.003402, 53.496691 ], [ 10.003538, 53.496623 ], [ 10.003627, 53.496686 ], [ 10.003663, 53.496667 ], [ 10.003579, 53.496607 ], [ 10.003585, 53.496603 ], [ 10.003665, 53.496661 ], [ 10.003752, 53.496618 ], [ 10.00362, 53.496525 ], [ 10.003533, 53.496568 ], [ 10.003576, 53.496597 ], [ 10.00357, 53.4966 ], [ 10.003579, 53.496606 ], [ 10.003526, 53.496577 ] ], [ [ 10.003599, 53.496597 ], [ 10.003618, 53.496587 ], [ 10.00364, 53.496603 ], [ 10.003609, 53.496614 ], [ 10.003592, 53.496603 ], [ 10.003599, 53.496597 ] ] ], [ [ [ 10.003617, 53.496686 ], [ 10.003537, 53.496629 ], [ 10.003407, 53.496695 ], [ 10.003486, 53.496751 ], [ 10.003617, 53.496686 ] ], [ [ 10.003533, 53.496663 ], [ 10.003523, 53.496656 ], [ 10.003527, 53.496654 ], [ 10.003543, 53.496665 ], [ 10.003537, 53.496668 ], [ 10.003533, 53.496663 ] ] ] ] } },
{ "type": "Feature", "properties": { "oid": "DEHHALKAAO00005b", "gebaeudefunktion": 1010, "dachform": 1000.0, "dach_m2": 284.0, "gruen_m2": 95.6, "anteil": 33.7, "jahrgang": "2024", "quelle": "dachflaechen", "klasse": "gruendach", "herkunft": "modell_bestaetigt", "fehlerkategorie": "korrekt" }, "geometry": { "type": "MultiPolygon", "coordinates": [ [ [ [ 10.003237, 53.496372 ], [ 10.003212, 53.496385 ], [ 10.003239, 53.496403 ], [ 10.003227, 53.496409 ], [ 10.003196, 53.496388 ], [ 10.003065, 53.496453 ], [ 10.003113, 53.496486 ], [ 10.003184, 53.496451 ], [ 10.003179, 53.496447 ], [ 10.003193, 53.49644 ], [ 10.003198, 53.496443 ], [ 10.003249, 53.496418 ], [ 10.003338, 53.496481 ], [ 10.003374, 53.496462 ], [ 10.00329, 53.496402 ], [ 10.003296, 53.496398 ], [ 10.003376, 53.496457 ], [ 10.003462, 53.496413 ], [ 10.003331, 53.49632 ], [ 10.003244, 53.496363 ], [ 10.003287, 53.496392 ], [ 10.003281, 53.496395 ], [ 10.00327, 53.496388 ], [ 10.003264, 53.496391 ], [ 10.003237, 53.496372 ] ], [ [ 10.003351, 53.496398 ], [ 10.003332, 53.496408 ], [ 10.00331, 53.496392 ], [ 10.003329, 53.496382 ], [ 10.003351, 53.496398 ] ], [ [ 10.003124, 53.496425 ], [ 10.003148, 53.496414 ], [ 10.003155, 53.496419 ], [ 10.003132, 53.496431 ], [ 10.003124, 53.496425 ] ] ], [ [ [ 10.003328, 53.496481 ], [ 10.003248, 53.496425 ], [ 10.003117, 53.49649 ], [ 10.003197, 53.496546 ], [ 10.003328, 53.496481 ] ], [ [ 10.003249, 53.496463 ], [ 10.003234, 53.496452 ], [ 10.003239, 53.496449 ], [ 10.003254, 53.49646 ], [ 10.003249, 53.496463 ] ] ] ] } },
{ "type": "Feature", "properties": { "oid": "DEHHALKAHR0000Z3", "gebaeudefunktion": 1010, "dachform": 1000.0, "dach_m2": 339.3, "gruen_m2": 306.8, "anteil": 90.4, "jahrgang": "2024", "quelle": "dachflaechen", "klasse": "gruendach", "herkunft": "modell_bestaetigt", "fehlerkategorie": "korrekt" }, "geometry": { "type": "MultiPolygon", "coordinates": [ [ [ [ 9.994003, 53.493917 ], [ 9.994111, 53.493912 ], [ 9.994117, 53.493964 ], [ 9.994097, 53.493965 ], [ 9.99411, 53.494067 ], [ 9.994138, 53.494066 ], [ 9.994144, 53.494118 ], [ 9.994042, 53.494122 ], [ 9.994049, 53.494175 ], [ 9.994239, 53.494166 ], [ 9.9942, 53.493855 ], [ 9.993996, 53.493864 ], [ 9.994003, 53.493917 ] ], [ [ 9.994161, 53.493897 ], [ 9.994179, 53.493897 ], [ 9.99418, 53.493907 ], [ 9.994162, 53.493908 ], [ 9.994161, 53.493897 ] ], [ [ 9.99412, 53.493898 ], [ 9.994121, 53.493909 ], [ 9.994103, 53.493909 ], [ 9.994102, 53.493899 ], [ 9.99412, 53.493898 ] ] ], [ [ [ 9.994113, 53.494116 ], [ 9.994139, 53.494115 ], [ 9.994133, 53.494069 ], [ 9.994107, 53.49407 ], [ 9.994113, 53.494116 ] ] ], [ [ [ 9.994088, 53.493917 ], [ 9.994093, 53.493961 ], [ 9.994112, 53.493961 ], [ 9.994107, 53.493916 ], [ 9.994088, 53.493917 ] ] ], [ [ [ 9.994044, 53.494177 ], [ 9.994037, 53.494121 ], [ 9.994013, 53.494122 ], [ 9.994021, 53.494178 ], [ 9.994044, 53.494177 ] ] ], [ [ [ 9.993991, 53.493862 ], [ 9.993981, 53.493863 ], [ 9.993988, 53.493919 ], [ 9.993998, 53.493919 ], [ 9.993991, 53.493862 ] ] ] ] } },
{ "type": "Feature", "properties": { "oid": "DEHHALKAHR0000Ze", "gebaeudefunktion": 1010, "dachform": 1000.0, "dach_m2": 409.8, "gruen_m2": 360.1, "anteil": 87.9, "jahrgang": "2024", "quelle": "dachflaechen", "klasse": "gruendach", "herkunft": "modell_bestaetigt", "fehlerkategorie": "korrekt" }, "geometry": { "type": "MultiPolygon", "coordinates": [ [ [ [ 9.994176, 53.494498 ], [ 9.994152, 53.494499 ], [ 9.994158, 53.494547 ], [ 9.994174, 53.494546 ], [ 9.99418, 53.494594 ], [ 9.994091, 53.494598 ], [ 9.994097, 53.494646 ], [ 9.994298, 53.494637 ], [ 9.994268, 53.494394 ], [ 9.994259, 53.494395 ], [ 9.994264, 53.494443 ], [ 9.994178, 53.494446 ], [ 9.994174, 53.494418 ], [ 9.994154, 53.494419 ], [ 9.994152, 53.494399 ], [ 9.994139, 53.4944 ], [ 9.994143, 53.494426 ], [ 9.994166, 53.494426 ], [ 9.994176, 53.494498 ] ], [ [ 9.994211, 53.494534 ], [ 9.99421, 53.494522 ], [ 9.99423, 53.494521 ], [ 9.994231, 53.494533 ], [ 9.994211, 53.494534 ] ], [ [ 9.994229, 53.49461 ], [ 9.994211, 53.494611 ], [ 9.994211, 53.4946 ], [ 9.994228, 53.4946 ], [ 9.994229, 53.49461 ] ] ], [ [ [ 9.994122, 53.494259 ], [ 9.994139, 53.494396 ], [ 9.994267, 53.49439 ], [ 9.994251, 53.494253 ], [ 9.994122, 53.494259 ] ], [ [ 9.994223, 53.494375 ], [ 9.994214, 53.494376 ], [ 9.994214, 53.49437 ], [ 9.994222, 53.49437 ], [ 9.994223, 53.494375 ] ], [ [ 9.994207, 53.494359 ], [ 9.994209, 53.494369 ], [ 9.994193, 53.494369 ], [ 9.994192, 53.49436 ], [ 9.994207, 53.494359 ] ] ], [ [ [ 9.994262, 53.494441 ], [ 9.994257, 53.494395 ], [ 9.994184, 53.494398 ], [ 9.994187, 53.494417 ], [ 9.994176, 53.494418 ], [ 9.99418, 53.494445 ], [ 9.994262, 53.494441 ] ] ], [ [ [ 9.994161, 53.494592 ], [ 9.994175, 53.494591 ], [ 9.99417, 53.494549 ], [ 9.994155, 53.49455 ], [ 9.994161, 53.494592 ] ] ], [ [ [ 9.994162, 53.494429 ], [ 9.994141, 53.49443 ], [ 9.994149, 53.494497 ], [ 9.994171, 53.494496 ], [ 9.994162, 53.494429 ] ] ], [ [ [ 9.994122, 53.494308 ], [ 9.994116, 53.494259 ], [ 9.994065, 53.494262 ], [ 9.994071, 53.49431 ], [ 9.994122, 53.494308 ] ] ], [ [ [ 9.994086, 53.494597 ], [ 9.994072, 53.494597 ], [ 9.994079, 53.494649 ], [ 9.994093, 53.494648 ], [ 9.994086, 53.494597 ] ] ], [ [ [ 9.99406, 53.49426 ], [ 9.994031, 53.494261 ], [ 9.994037, 53.494313 ], [ 9.994067, 53.494312 ], [ 9.99406, 53.49426 ] ] ] ] } },
{ "type": "Feature", "properties": { "oid": "DEHHALKAHR0000Zn", "gebaeudefunktion": 1010, "dachform": 1000.0, "dach_m2": 410.2, "gruen_m2": 351.7, "anteil": 85.7, "jahrgang": "2024", "quelle": "dachflaechen", "klasse": "gruendach", "herkunft": "modell_bestaetigt", "fehlerkategorie": "korrekt" }, "geometry": { "type": "MultiPolygon", "coordinates": [ [ [ [ 9.994692, 53.494379 ], [ 9.994474, 53.494388 ], [ 9.994522, 53.494771 ], [ 9.994757, 53.494761 ], [ 9.994751, 53.494713 ], [ 9.994625, 53.494718 ], [ 9.994601, 53.494527 ], [ 9.994616, 53.494526 ], [ 9.99461, 53.494479 ], [ 9.994595, 53.49448 ], [ 9.994589, 53.494431 ], [ 9.994698, 53.494427 ], [ 9.994692, 53.494379 ] ], [ [ 9.994591, 53.494736 ], [ 9.99459, 53.494725 ], [ 9.994607, 53.494724 ], [ 9.994608, 53.494735 ], [ 9.994591, 53.494736 ] ], [ [ 9.994549, 53.494625 ], [ 9.994542, 53.49458 ], [ 9.994597, 53.494578 ], [ 9.994602, 53.494623 ], [ 9.994575, 53.494624 ], [ 9.994576, 53.49463 ], [ 9.99455, 53.494631 ], [ 9.994549, 53.494625 ] ], [ [ 9.994494, 53.494447 ], [ 9.994494, 53.494444 ], [ 9.994578, 53.49444 ], [ 9.994584, 53.494482 ], [ 9.9945, 53.494486 ], [ 9.994494, 53.494447 ] ], [ [ 9.994556, 53.494517 ], [ 9.994539, 53.494518 ], [ 9.994538, 53.494508 ], [ 9.994555, 53.494507 ], [ 9.994556, 53.494517 ] ], [ [ 9.994523, 53.494417 ], [ 9.994524, 53.494427 ], [ 9.994507, 53.494428 ], [ 9.994506, 53.494418 ], [ 9.994523, 53.494417 ] ] ], [ [ [ 9.994718, 53.494428 ], [ 9.994712, 53.494375 ], [ 9.994697, 53.494376 ], [ 9.994704, 53.494428 ], [ 9.994718, 53.494428 ] ] ], [ [ [ 9.994607, 53.49453 ], [ 9.99463, 53.494714 ], [ 9.994643, 53.494714 ], [ 9.99462, 53.494529 ], [ 9.994607, 53.49453 ] ] ], [ [ [ 9.994594, 53.494435 ], [ 9.994599, 53.494476 ], [ 9.994613, 53.494476 ], [ 9.994608, 53.494434 ], [ 9.994594, 53.494435 ] ] ], [ [ [ 9.994549, 53.494625 ], [ 9.994575, 53.494623 ], [ 9.9946, 53.494622 ], [ 9.994595, 53.494579 ], [ 9.994544, 53.494581 ], [ 9.994549, 53.494625 ] ] ], [ [ [ 9.994502, 53.494485 ], [ 9.994582, 53.494482 ], [ 9.994576, 53.494441 ], [ 9.994496, 53.494445 ], [ 9.994502, 53.494485 ] ], [ [ 9.994548, 53.494482 ], [ 9.994547, 53.494475 ], [ 9.994579, 53.494474 ], [ 9.994579, 53.494481 ], [ 9.994548, 53.494482 ] ], [ [ 9.994503, 53.494457 ], [ 9.994501, 53.494447 ], [ 9.994546, 53.494445 ], [ 9.994547, 53.494455 ], [ 9.994503, 53.494457 ] ], [ [ 9.994538, 53.494467 ], [ 9.994539, 53.494475 ], [ 9.994508, 53.494476 ], [ 9.994507, 53.494468 ], [ 9.994538, 53.494467 ] ] ] ] } },
{ "type": "Feature", "properties": { "oid": "DEHHALKAHR0000ab", "gebaeudefunktion": 1010, "dachform": 1000.0, "dach_m2": 340.2, "gruen_m2": 313.1, "anteil": 92.0, "jahrgang": "2024", "quelle": "dachflaechen", "klasse": "gruendach", "herkunft": "modell_bestaetigt", "fehlerkategorie": "korrekt" }, "geometry": { "type": "MultiPolygon", "coordinates": [ [ [ [ 9.994667, 53.494101 ], [ 9.994673, 53.494149 ], [ 9.994684, 53.494149 ], [ 9.994677, 53.4941 ], [ 9.994667, 53.494101 ] ] ], [ [ [ 9.99455, 53.494018 ], [ 9.994544, 53.493974 ], [ 9.994524, 53.493975 ], [ 9.99452, 53.493934 ], [ 9.994419, 53.493938 ], [ 9.994445, 53.494157 ], [ 9.994667, 53.494147 ], [ 9.994662, 53.494103 ], [ 9.99454, 53.494109 ], [ 9.994529, 53.494019 ], [ 9.99455, 53.494018 ] ], [ [ 9.994525, 53.494115 ], [ 9.994542, 53.494114 ], [ 9.994543, 53.494124 ], [ 9.994527, 53.494125 ], [ 9.994525, 53.494115 ] ], [ [ 9.994466, 53.494124 ], [ 9.994465, 53.494114 ], [ 9.994482, 53.494113 ], [ 9.994483, 53.494124 ], [ 9.994466, 53.494124 ] ] ], [ [ [ 9.994534, 53.49384 ], [ 9.994534, 53.493846 ], [ 9.994559, 53.493845 ], [ 9.994563, 53.493878 ], [ 9.994538, 53.493879 ], [ 9.994539, 53.493884 ], [ 9.994647, 53.49388 ], [ 9.994642, 53.493836 ], [ 9.994534, 53.49384 ] ] ], [ [ [ 9.994535, 53.493847 ], [ 9.994538, 53.493878 ], [ 9.994561, 53.493877 ], [ 9.994557, 53.493846 ], [ 9.994535, 53.493847 ] ] ], [ [ [ 9.994553, 53.494021 ], [ 9.994535, 53.494022 ], [ 9.994545, 53.494105 ], [ 9.994563, 53.494104 ], [ 9.994553, 53.494021 ] ] ], [ [ [ 9.994546, 53.493971 ], [ 9.994543, 53.493933 ], [ 9.994524, 53.493934 ], [ 9.994529, 53.493972 ], [ 9.994546, 53.493971 ] ] ], [ [ [ 9.994527, 53.49384 ], [ 9.994467, 53.493843 ], [ 9.994469, 53.493857 ], [ 9.994409, 53.49386 ], [ 9.994418, 53.493935 ], [ 9.994538, 53.493929 ], [ 9.994527, 53.49384 ] ] ], [ [ [ 9.994405, 53.493857 ], [ 9.994464, 53.493855 ], [ 9.994462, 53.493841 ], [ 9.994403, 53.493844 ], [ 9.994405, 53.493857 ] ] ] ] } },
{ "type": "Feature", "properties": { "oid": "DEHHALKAIi0000Kf", "gebaeudefunktion": 1120, "dachform": 2100.0, "dach_m2": 345.4, "gruen_m2": null, "anteil": null, "jahrgang": "2024", "quelle": "dachflaechen", "klasse": "gruendach", "herkunft": "modell_bestaetigt", "fehlerkategorie": "solaranlage" }, "geometry": { "type": "MultiPolygon", "coordinates": [ [ [ [ 10.003974, 53.496875 ], [ 10.00405, 53.496837 ], [ 10.004003, 53.496803 ], [ 10.003926, 53.496841 ], [ 10.003974, 53.496875 ] ] ], [ [ [ 10.003995, 53.496797 ], [ 10.0039, 53.49673 ], [ 10.003625, 53.496869 ], [ 10.003719, 53.496936 ], [ 10.003995, 53.496797 ] ] ], [ [ [ 10.003728, 53.496941 ], [ 10.003759, 53.496963 ], [ 10.003768, 53.496958 ], [ 10.003784, 53.49697 ], [ 10.003966, 53.496879 ], [ 10.003918, 53.496846 ], [ 10.003728, 53.496941 ] ] ] ] } },
{ "type": "Feature", "properties": { "oid": "DEHHALKAIi0000Ko", "gebaeudefunktion": 2310, "dachform": 1000.0, "dach_m2": 705.6, "gruen_m2": 264.4, "anteil": 37.5, "jahrgang": "2024", "quelle": "dachflaechen", "klasse": "gruendach", "herkunft": "modell_bestaetigt", "fehlerkategorie": null }, "geometry": { "type": "MultiPolygon", "coordinates": [ [ [ [ 10.004114, 53.497038 ], [ 10.00412, 53.497044 ], [ 10.003964, 53.497099 ], [ 10.003992, 53.497119 ], [ 10.00456, 53.496919 ], [ 10.004523, 53.496881 ], [ 10.0045, 53.49687 ], [ 10.004495, 53.496874 ], [ 10.004487, 53.496871 ], [ 10.004492, 53.496867 ], [ 10.004407, 53.496829 ], [ 10.004172, 53.496912 ], [ 10.00421, 53.496939 ], [ 10.004152, 53.497034 ], [ 10.003906, 53.49703 ], [ 10.003849, 53.496988 ], [ 10.003826, 53.497 ], [ 10.003897, 53.49705 ], [ 10.00393, 53.497034 ], [ 10.003994, 53.49708 ], [ 10.004114, 53.497038 ] ], [ [ 10.004464, 53.496876 ], [ 10.004471, 53.496883 ], [ 10.004467, 53.496885 ], [ 10.00446, 53.496878 ], [ 10.004464, 53.496876 ] ], [ [ 10.004211, 53.496918 ], [ 10.004221, 53.496913 ], [ 10.004224, 53.496915 ], [ 10.004214, 53.49692 ], [ 10.004211, 53.496918 ] ], [ [ 10.004199, 53.496924 ], [ 10.004208, 53.496919 ], [ 10.004211, 53.496921 ], [ 10.004202, 53.496926 ], [ 10.004199, 53.496924 ] ] ], [ [ [ 10.004166, 53.496906 ], [ 10.00421, 53.496891 ], [ 10.004029, 53.496797 ], [ 10.004018, 53.496803 ], [ 10.004166, 53.496906 ] ] ], [ [ [ 10.004132, 53.496926 ], [ 10.004181, 53.496961 ], [ 10.004195, 53.496941 ], [ 10.004158, 53.496913 ], [ 10.004132, 53.496926 ] ] ], [ [ [ 10.004044, 53.496957 ], [ 10.004068, 53.496949 ], [ 10.00406, 53.496941 ], [ 10.004076, 53.496936 ], [ 10.004083, 53.496943 ], [ 10.004109, 53.496934 ], [ 10.004041, 53.496899 ], [ 10.004045, 53.496895 ], [ 10.004034, 53.496889 ], [ 10.003846, 53.496983 ], [ 10.003909, 53.497027 ], [ 10.004141, 53.497031 ], [ 10.004178, 53.49697 ], [ 10.00415, 53.49695 ], [ 10.004048, 53.496987 ], [ 10.004044, 53.496983 ], [ 10.004039, 53.496986 ], [ 10.00402, 53.496974 ], [ 10.004027, 53.496971 ], [ 10.004022, 53.496968 ], [ 10.004044, 53.496957 ] ], [ [ 10.004039, 53.496899 ], [ 10.004061, 53.496914 ], [ 10.004053, 53.496918 ], [ 10.004065, 53.496927 ], [ 10.004058, 53.496931 ], [ 10.004046, 53.496922 ], [ 10.004034, 53.496928 ], [ 10.004046, 53.496937 ], [ 10.00404, 53.49694 ], [ 10.004027, 53.496931 ], [ 10.004014, 53.496938 ], [ 10.004031, 53.49695 ], [ 10.004009, 53.496961 ], [ 10.00397, 53.496933 ], [ 10.004039, 53.496899 ] ], [ [ 10.003908, 53.497002 ], [ 10.00398, 53.496965 ], [ 10.003983, 53.496961 ], [ 10.003974, 53.496954 ], [ 10.003986, 53.496949 ], [ 10.004007, 53.496964 ], [ 10.003919, 53.497007 ], [ 10.003928, 53.497013 ], [ 10.003919, 53.497017 ], [ 10.003906, 53.497009 ], [ 10.003908, 53.497002 ] ], [ [ 10.003974, 53.496937 ], [ 10.003985, 53.496944 ], [ 10.00398, 53.496948 ], [ 10.003968, 53.496948 ], [ 10.003895, 53.496985 ], [ 10.003884, 53.496979 ], [ 10.003957, 53.496941 ], [ 10.003974, 53.496937 ] ], [ [ 10.00391, 53.496998 ], [ 10.003906, 53.497 ], [ 10.003897, 53.496993 ], [ 10.003901, 53.496991 ], [ 10.00391, 53.496998 ] ], [ [ 10.0039, 53.497004 ], [ 10.003891, 53.497003 ], [ 10.003893, 53.496997 ], [ 10.003902, 53.496998 ], [ 10.0039, 53.497004 ] ], [ [ 10.003865, 53.496991 ], [ 10.003871, 53.496984 ], [ 10.003882, 53.496988 ], [ 10.003876, 53.496994 ], [ 10.003865, 53.496991 ] ] ], [ [ [ 10.004148, 53.496907 ], [ 10.004058, 53.496843 ], [ 10.004032, 53.496856 ], [ 10.004123, 53.49692 ], [ 10.004148, 53.496907 ] ] ], [ [ [ 10.004034, 53.496886 ], [ 10.004109, 53.496927 ], [ 10.004113, 53.496925 ], [ 10.004023, 53.496861 ], [ 10.003915, 53.496915 ], [ 10.003941, 53.496933 ], [ 10.004034, 53.496886 ] ] ], [ [ [ 10.003928, 53.497044 ], [ 10.003905, 53.497056 ], [ 10.003957, 53.497092 ], [ 10.003984, 53.497083 ], [ 10.003928, 53.497044 ] ] ], [ [ [ 10.003883, 53.496962 ], [ 10.003931, 53.496938 ], [ 10.003906, 53.496919 ], [ 10.003856, 53.496944 ], [ 10.003883, 53.496962 ] ] ], [ [ [ 10.003818, 53.496994 ], [ 10.003878, 53.496964 ], [ 10.003852, 53.496946 ], [ 10.003793, 53.496976 ], [ 10.003818, 53.496994 ] ] ] ] } },
{ "type": "Feature", "properties": { "oid": "DEHHALKAIi0000L0", "gebaeudefunktion": 1020, "dachform": 1000.0, "dach_m2": 1461.6, "gruen_m2": null, "anteil": null, "jahrgang": "2024", "quelle": "dachflaechen", "klasse": "gruendach", "herkunft": "haendisch_ergaenzt", "fehlerkategorie": "junge_vegetation" }, "geometry": { "type": "MultiPolygon", "coordinates": [ [ [ [ 10.00433, 53.496595 ], [ 10.00417, 53.496644 ], [ 10.00417, 53.496651 ], [ 10.00421, 53.496698 ], [ 10.004297, 53.496759 ], [ 10.004395, 53.496803 ], [ 10.004409, 53.496795 ], [ 10.004443, 53.49681 ], [ 10.004437, 53.496815 ], [ 10.004419, 53.496806 ], [ 10.004425, 53.49681 ], [ 10.004411, 53.496821 ], [ 10.004533, 53.496875 ], [ 10.004571, 53.496914 ], [ 10.004754, 53.496851 ], [ 10.004585, 53.496732 ], [ 10.004593, 53.496727 ], [ 10.004312, 53.496528 ], [ 10.004303, 53.496532 ], [ 10.004135, 53.496413 ], [ 10.004117, 53.496428 ], [ 10.004127, 53.496433 ], [ 10.004093, 53.496454 ], [ 10.004095, 53.49646 ], [ 10.004061, 53.496487 ], [ 10.004115, 53.496524 ], [ 10.004114, 53.496529 ], [ 10.004079, 53.496548 ], [ 10.004096, 53.496559 ], [ 10.004161, 53.496635 ], [ 10.004216, 53.496619 ], [ 10.004126, 53.496512 ], [ 10.004161, 53.496501 ], [ 10.004256, 53.496607 ], [ 10.004323, 53.496587 ], [ 10.004258, 53.496523 ], [ 10.004244, 53.496527 ], [ 10.004231, 53.496511 ], [ 10.004256, 53.496503 ], [ 10.004296, 53.496552 ], [ 10.004307, 53.496555 ], [ 10.004385, 53.496645 ], [ 10.004401, 53.496657 ], [ 10.004405, 53.496672 ], [ 10.004416, 53.496678 ], [ 10.004436, 53.496677 ], [ 10.004524, 53.496717 ], [ 10.00452, 53.49672 ], [ 10.004432, 53.49668 ], [ 10.004414, 53.496682 ], [ 10.004396, 53.496675 ], [ 10.004392, 53.496659 ], [ 10.004375, 53.496648 ], [ 10.004333, 53.496598 ], [ 10.00433, 53.496595 ] ], [ [ 10.004488, 53.496822 ], [ 10.004502, 53.496828 ], [ 10.004492, 53.496836 ], [ 10.004479, 53.49683 ], [ 10.004488, 53.496822 ] ], [ [ 10.004485, 53.496773 ], [ 10.004495, 53.496778 ], [ 10.004487, 53.496784 ], [ 10.004477, 53.49678 ], [ 10.004485, 53.496773 ] ], [ [ 10.004224, 53.496517 ], [ 10.00422, 53.496512 ], [ 10.004228, 53.49651 ], [ 10.004232, 53.496515 ], [ 10.004224, 53.496517 ] ], [ [ 10.004141, 53.496488 ], [ 10.004094, 53.496454 ], [ 10.004134, 53.496434 ], [ 10.004186, 53.496466 ], [ 10.004141, 53.496488 ] ] ], [ [ [ 10.004038, 53.49649 ], [ 10.004087, 53.496456 ], [ 10.004117, 53.496428 ], [ 10.004038, 53.49649 ] ] ], [ [ [ 10.004399, 53.496808 ], [ 10.004387, 53.496807 ], [ 10.00429, 53.496764 ], [ 10.004201, 53.496701 ], [ 10.004085, 53.496563 ], [ 10.004066, 53.496549 ], [ 10.004066, 53.496543 ], [ 10.004103, 53.496525 ], [ 10.004054, 53.496492 ], [ 10.00404, 53.496503 ], [ 10.004028, 53.496498 ], [ 10.004007, 53.496514 ], [ 10.00408, 53.496565 ], [ 10.004197, 53.496702 ], [ 10.004288, 53.496766 ], [ 10.004395, 53.496814 ], [ 10.004408, 53.496802 ], [ 10.004399, 53.496808 ] ], [ [ 10.004044, 53.496519 ], [ 10.004029, 53.496509 ], [ 10.004043, 53.496502 ], [ 10.004057, 53.496512 ], [ 10.004044, 53.496519 ] ] ], [ [ [ 10.00419, 53.496561 ], [ 10.004234, 53.496613 ], [ 10.004238, 53.496612 ], [ 10.004205, 53.496576 ], [ 10.00419, 53.496561 ] ] ], [ [ [ 10.003821, 53.49618 ], [ 10.003814, 53.496184 ], [ 10.003677, 53.496088 ], [ 10.003613, 53.496119 ], [ 10.003648, 53.496158 ], [ 10.003562, 53.496184 ], [ 10.003578, 53.496202 ], [ 10.003601, 53.496196 ], [ 10.003614, 53.496211 ], [ 10.0036, 53.496199 ], [ 10.003579, 53.496204 ], [ 10.003706, 53.496354 ], [ 10.003796, 53.496417 ], [ 10.004001, 53.496509 ], [ 10.00402, 53.496494 ], [ 10.004008, 53.496501 ], [ 10.004001, 53.496497 ], [ 10.004, 53.496498 ], [ 10.003808, 53.496411 ], [ 10.003724, 53.496351 ], [ 10.00365, 53.496266 ], [ 10.003655, 53.496265 ], [ 10.003729, 53.496349 ], [ 10.003813, 53.496408 ], [ 10.004005, 53.496494 ], [ 10.004008, 53.496492 ], [ 10.003949, 53.496465 ], [ 10.003959, 53.496457 ], [ 10.004018, 53.496485 ], [ 10.004021, 53.496482 ], [ 10.00403, 53.496486 ], [ 10.004054, 53.496467 ], [ 10.004036, 53.496459 ], [ 10.004097, 53.496412 ], [ 10.004105, 53.496416 ], [ 10.004112, 53.496411 ], [ 10.004119, 53.496414 ], [ 10.004115, 53.496419 ], [ 10.004129, 53.496408 ], [ 10.004087, 53.496379 ], [ 10.004095, 53.496375 ], [ 10.003821, 53.49618 ] ], [ [ 10.003763, 53.496162 ], [ 10.003881, 53.496299 ], [ 10.003913, 53.496323 ], [ 10.00411, 53.496409 ], [ 10.004104, 53.496414 ], [ 10.003909, 53.496325 ], [ 10.003876, 53.496301 ], [ 10.003758, 53.496163 ], [ 10.003763, 53.496162 ] ], [ [ 10.004041, 53.496389 ], [ 10.00403, 53.4964 ], [ 10.004066, 53.496416 ], [ 10.004082, 53.496407 ], [ 10.004066, 53.496419 ], [ 10.004026, 53.496401 ], [ 10.004041, 53.496389 ] ], [ [ 10.003915, 53.496385 ], [ 10.003875, 53.496367 ], [ 10.003882, 53.496361 ], [ 10.003953, 53.496394 ], [ 10.004047, 53.496435 ], [ 10.00404, 53.49644 ], [ 10.003946, 53.4964 ], [ 10.003926, 53.496414 ], [ 10.003896, 53.496399 ], [ 10.003915, 53.496385 ] ], [ [ 10.003909, 53.496329 ], [ 10.003898, 53.496341 ], [ 10.003999, 53.496387 ], [ 10.004016, 53.496378 ], [ 10.004, 53.49639 ], [ 10.003893, 53.496342 ], [ 10.003909, 53.496329 ] ], [ [ 10.003922, 53.496454 ], [ 10.003814, 53.496405 ], [ 10.003822, 53.496398 ], [ 10.003931, 53.496446 ], [ 10.003922, 53.496454 ] ], [ [ 10.003821, 53.496242 ], [ 10.003811, 53.496247 ], [ 10.003859, 53.496304 ], [ 10.003873, 53.496303 ], [ 10.003858, 53.496307 ], [ 10.003807, 53.496246 ], [ 10.003821, 53.496242 ] ], [ [ 10.00378, 53.496345 ], [ 10.003763, 53.496328 ], [ 10.003827, 53.496309 ], [ 10.003841, 53.496325 ], [ 10.00378, 53.496345 ] ], [ [ 10.003695, 53.496186 ], [ 10.003681, 53.49617 ], [ 10.003697, 53.496183 ], [ 10.003745, 53.496169 ], [ 10.003794, 53.496226 ], [ 10.003806, 53.496225 ], [ 10.003792, 53.496229 ], [ 10.003743, 53.496172 ], [ 10.003695, 53.496186 ] ], [ [ 10.003747, 53.496358 ], [ 10.003746, 53.496359 ], [ 10.00373, 53.496348 ], [ 10.003698, 53.496311 ], [ 10.003715, 53.496306 ], [ 10.003762, 53.496353 ], [ 10.003747, 53.496358 ] ], [ [ 10.0037, 53.496289 ], [ 10.003682, 53.496294 ], [ 10.003632, 53.496237 ], [ 10.003651, 53.496231 ], [ 10.0037, 53.496289 ] ], [ [ 10.003677, 53.496191 ], [ 10.003619, 53.49621 ], [ 10.003673, 53.496191 ], [ 10.003661, 53.496178 ], [ 10.003677, 53.496191 ] ] ], [ [ [ 10.003767, 53.496328 ], [ 10.003781, 53.496342 ], [ 10.003836, 53.496324 ], [ 10.003824, 53.496311 ], [ 10.003767, 53.496328 ] ] ], [ [ [ 10.003714, 53.496309 ], [ 10.003702, 53.496312 ], [ 10.003733, 53.496348 ], [ 10.003747, 53.496358 ], [ 10.003757, 53.496353 ], [ 10.003714, 53.496309 ] ] ], [ [ [ 10.00365, 53.496233 ], [ 10.003637, 53.496237 ], [ 10.003684, 53.496292 ], [ 10.003696, 53.496288 ], [ 10.00365, 53.496233 ] ] ] ] } },
{ "type": "Feature", "properties": { "oid": "DEHHALKAJ0000nbq", "gebaeudefunktion": 1120, "dachform": 3400.0, "dach_m2": 436.1, "gruen_m2": null, "anteil": null, "jahrgang": "2024", "quelle": "dachflaechen", "klasse": "gruendach", "herkunft": "haendisch_ergaenzt", "fehlerkategorie": "schatten" }, "geometry": { "type": "Polygon", "coordinates": [ [ [ 9.987568, 53.515981 ], [ 9.987569, 53.515992 ], [ 9.987557, 53.516001 ], [ 9.987547, 53.516002 ], [ 9.987564, 53.516128 ], [ 9.987573, 53.516127 ], [ 9.987587, 53.516134 ], [ 9.987589, 53.516146 ], [ 9.987577, 53.516155 ], [ 9.987571, 53.516155 ], [ 9.98757, 53.516147 ], [ 9.987567, 53.516155 ], [ 9.987576, 53.516224 ], [ 9.987649, 53.516221 ], [ 9.987653, 53.516214 ], [ 9.987666, 53.516214 ], [ 9.987666, 53.51622 ], [ 9.987915, 53.516207 ], [ 9.987907, 53.516145 ], [ 9.987747, 53.516152 ], [ 9.987744, 53.516114 ], [ 9.987728, 53.516114 ], [ 9.987717, 53.516028 ], [ 9.987732, 53.516028 ], [ 9.987725, 53.51597 ], [ 9.987709, 53.515971 ], [ 9.9877, 53.5159 ], [ 9.98761, 53.515906 ], [ 9.987541, 53.515907 ], [ 9.987541, 53.515904 ], [ 9.987535, 53.515904 ], [ 9.987547, 53.515974 ], [ 9.987568, 53.515981 ] ], [ [ 9.987723, 53.515972 ], [ 9.987723, 53.515976 ], [ 9.987716, 53.515976 ], [ 9.987716, 53.515972 ], [ 9.987723, 53.515972 ] ], [ [ 9.987695, 53.516157 ], [ 9.987695, 53.516161 ], [ 9.987667, 53.516163 ], [ 9.987666, 53.516159 ], [ 9.987695, 53.516157 ] ], [ [ 9.987662, 53.516128 ], [ 9.987691, 53.516126 ], [ 9.987691, 53.516131 ], [ 9.987663, 53.516132 ], [ 9.987662, 53.516128 ] ], [ [ 9.987648, 53.516016 ], [ 9.987677, 53.516014 ], [ 9.987678, 53.516019 ], [ 9.987652, 53.51602 ], [ 9.987648, 53.516016 ] ], [ [ 9.987673, 53.515988 ], [ 9.987645, 53.515989 ], [ 9.987645, 53.515985 ], [ 9.987667, 53.515984 ], [ 9.987673, 53.515988 ] ], [ [ 9.987646, 53.516161 ], [ 9.987664, 53.51616 ], [ 9.98767, 53.516207 ], [ 9.987656, 53.516208 ], [ 9.987646, 53.516161 ] ], [ [ 9.987655, 53.51607 ], [ 9.987666, 53.51607 ], [ 9.987667, 53.516075 ], [ 9.987657, 53.516076 ], [ 9.987655, 53.51607 ] ], [ [ 9.987664, 53.516156 ], [ 9.987645, 53.516157 ], [ 9.987643, 53.516136 ], [ 9.987661, 53.516135 ], [ 9.987664, 53.516156 ] ], [ [ 9.987658, 53.516101 ], [ 9.987661, 53.51613 ], [ 9.987642, 53.516131 ], [ 9.987643, 53.516101 ], [ 9.987658, 53.516101 ] ], [ [ 9.987645, 53.515938 ], [ 9.987638, 53.515938 ], [ 9.987638, 53.515932 ], [ 9.987644, 53.515931 ], [ 9.987645, 53.515938 ] ], [ [ 9.98764, 53.516187 ], [ 9.98764, 53.516181 ], [ 9.987646, 53.516181 ], [ 9.987646, 53.516187 ], [ 9.98764, 53.516187 ] ], [ [ 9.98762, 53.515932 ], [ 9.987632, 53.515931 ], [ 9.987633, 53.515939 ], [ 9.987621, 53.51594 ], [ 9.98762, 53.515932 ] ], [ [ 9.987622, 53.516038 ], [ 9.987621, 53.516027 ], [ 9.987627, 53.516027 ], [ 9.987628, 53.516038 ], [ 9.987622, 53.516038 ] ], [ [ 9.987609, 53.51594 ], [ 9.987608, 53.515933 ], [ 9.987614, 53.515933 ], [ 9.987615, 53.51594 ], [ 9.987609, 53.51594 ] ], [ [ 9.987605, 53.515972 ], [ 9.98758, 53.515973 ], [ 9.987579, 53.515969 ], [ 9.987604, 53.515968 ], [ 9.987605, 53.515972 ] ], [ [ 9.987581, 53.516195 ], [ 9.987599, 53.516194 ], [ 9.987601, 53.516209 ], [ 9.987583, 53.51621 ], [ 9.987582, 53.516206 ], [ 9.987581, 53.516195 ] ], [ [ 9.987584, 53.516101 ], [ 9.987586, 53.516116 ], [ 9.987575, 53.516117 ], [ 9.987569, 53.516117 ], [ 9.987568, 53.516102 ], [ 9.987584, 53.516101 ] ], [ [ 9.987577, 53.516182 ], [ 9.987575, 53.516167 ], [ 9.987592, 53.516166 ], [ 9.987594, 53.516179 ], [ 9.987587, 53.516182 ], [ 9.987577, 53.516182 ] ], [ [ 9.987567, 53.516082 ], [ 9.987566, 53.516074 ], [ 9.987584, 53.516073 ], [ 9.987585, 53.516081 ], [ 9.987567, 53.516082 ] ], [ [ 9.987581, 53.516048 ], [ 9.987582, 53.516055 ], [ 9.987578, 53.516056 ], [ 9.987564, 53.516056 ], [ 9.987563, 53.516049 ], [ 9.987581, 53.516048 ] ], [ [ 9.98758, 53.516072 ], [ 9.987567, 53.516073 ], [ 9.987561, 53.516057 ], [ 9.987578, 53.516056 ], [ 9.98758, 53.516072 ] ], [ [ 9.987556, 53.516027 ], [ 9.987554, 53.516012 ], [ 9.987572, 53.516011 ], [ 9.987574, 53.516026 ], [ 9.987556, 53.516027 ] ], [ [ 9.987548, 53.515962 ], [ 9.987546, 53.515946 ], [ 9.987565, 53.515945 ], [ 9.987567, 53.515961 ], [ 9.987548, 53.515962 ] ], [ [ 9.987554, 53.515926 ], [ 9.987546, 53.515926 ], [ 9.987545, 53.515919 ], [ 9.987552, 53.515918 ], [ 9.987554, 53.515926 ] ] ] } },
{ "type": "Feature", "properties": { "oid": "DEHHALKAJ0000nqd", "gebaeudefunktion": 1120, "dachform": 3200.0, "dach_m2": 619.7, "gruen_m2": 141.0, "anteil": 22.8, "jahrgang": "2024", "quelle": "dachflaechen", "klasse": "gruendach", "herkunft": "modell_bestaetigt", "fehlerkategorie": "korrekt" }, "geometry": { "type": "Polygon", "coordinates": [ [ [ 9.985889, 53.51767 ], [ 9.985896, 53.517678 ], [ 9.985876, 53.517687 ], [ 9.985851, 53.517691 ], [ 9.985926, 53.517782 ], [ 9.985937, 53.517779 ], [ 9.985923, 53.517763 ], [ 9.985935, 53.517756 ], [ 9.98595, 53.517755 ], [ 9.985961, 53.517772 ], [ 9.98599, 53.517764 ], [ 9.985975, 53.517748 ], [ 9.985988, 53.517741 ], [ 9.986003, 53.51774 ], [ 9.986014, 53.517757 ], [ 9.986034, 53.517751 ], [ 9.98602, 53.517735 ], [ 9.986032, 53.517728 ], [ 9.986047, 53.517727 ], [ 9.986058, 53.517744 ], [ 9.986079, 53.517738 ], [ 9.986065, 53.517722 ], [ 9.986073, 53.517716 ], [ 9.986086, 53.517716 ], [ 9.986098, 53.517733 ], [ 9.986161, 53.517715 ], [ 9.986147, 53.517699 ], [ 9.986159, 53.517692 ], [ 9.986174, 53.517691 ], [ 9.986186, 53.517708 ], [ 9.986215, 53.517699 ], [ 9.986201, 53.517683 ], [ 9.986213, 53.517676 ], [ 9.986228, 53.517675 ], [ 9.98624, 53.517692 ], [ 9.986306, 53.517673 ], [ 9.986291, 53.517657 ], [ 9.986304, 53.51765 ], [ 9.986319, 53.517649 ], [ 9.986331, 53.517666 ], [ 9.986353, 53.51766 ], [ 9.986338, 53.517644 ], [ 9.986351, 53.517637 ], [ 9.986366, 53.517636 ], [ 9.986378, 53.517653 ], [ 9.986389, 53.51765 ], [ 9.986376, 53.517634 ], [ 9.986389, 53.51763 ], [ 9.986314, 53.517537 ], [ 9.986307, 53.517539 ], [ 9.986262, 53.517484 ], [ 9.985885, 53.517593 ], [ 9.985865, 53.517628 ], [ 9.985812, 53.517643 ], [ 9.985844, 53.517683 ], [ 9.985889, 53.51767 ] ], [ [ 9.986281, 53.517567 ], [ 9.986273, 53.517557 ], [ 9.986307, 53.517547 ], [ 9.986316, 53.517558 ], [ 9.986301, 53.517565 ], [ 9.986281, 53.517567 ] ], [ [ 9.98627, 53.517571 ], [ 9.986248, 53.51758 ], [ 9.986222, 53.517584 ], [ 9.986216, 53.517577 ], [ 9.986264, 53.517563 ], [ 9.98627, 53.517571 ] ], [ [ 9.986205, 53.517577 ], [ 9.986213, 53.517587 ], [ 9.986202, 53.517593 ], [ 9.986185, 53.517595 ], [ 9.986177, 53.517585 ], [ 9.986182, 53.517583 ], [ 9.986205, 53.517577 ] ], [ [ 9.986156, 53.517607 ], [ 9.986129, 53.517611 ], [ 9.986122, 53.517603 ], [ 9.986171, 53.517589 ], [ 9.986178, 53.517597 ], [ 9.986156, 53.517607 ] ], [ [ 9.986074, 53.517614 ], [ 9.986108, 53.517604 ], [ 9.986117, 53.517615 ], [ 9.986102, 53.517622 ], [ 9.986082, 53.517624 ], [ 9.986074, 53.517614 ] ], [ [ 9.986042, 53.517636 ], [ 9.986034, 53.517626 ], [ 9.986061, 53.517618 ], [ 9.98607, 53.517628 ], [ 9.986058, 53.517635 ], [ 9.986042, 53.517636 ] ], [ [ 9.986033, 53.517638 ], [ 9.986016, 53.517647 ], [ 9.985993, 53.51765 ], [ 9.985986, 53.517642 ], [ 9.986026, 53.517631 ], [ 9.986033, 53.517638 ] ], [ [ 9.985949, 53.51765 ], [ 9.985976, 53.517642 ], [ 9.985984, 53.517652 ], [ 9.985973, 53.517659 ], [ 9.985957, 53.51766 ], [ 9.985949, 53.51765 ] ], [ [ 9.985952, 53.517723 ], [ 9.985944, 53.517726 ], [ 9.98594, 53.517721 ], [ 9.985948, 53.517718 ], [ 9.985952, 53.517723 ] ], [ [ 9.985937, 53.517653 ], [ 9.985945, 53.517664 ], [ 9.985931, 53.517671 ], [ 9.985911, 53.517673 ], [ 9.985906, 53.517662 ], [ 9.985937, 53.517653 ] ] ] } },
{ "type": "Feature", "properties": { "oid": "DEHHALKAJ0000oKE", "gebaeudefunktion": 2140, "dachform": 9999.0, "dach_m2": 41.7, "gruen_m2": null, "anteil": null, "jahrgang": "2024", "quelle": "dachflaechen", "klasse": "gruendach", "herkunft": "haendisch_ergaenzt", "fehlerkategorie": "korrekt" }, "geometry": { "type": "Polygon", "coordinates": [ [ [ 9.98725, 53.517628 ], [ 9.987301, 53.517689 ], [ 9.987376, 53.517666 ], [ 9.987326, 53.517607 ], [ 9.98725, 53.517628 ] ] ] } },
{ "type": "Feature", "properties": { "oid": "DEHHALKAJ0000oPu", "gebaeudefunktion": 2120, "dachform": 1000.0, "dach_m2": 953.8, "gruen_m2": 225.9, "anteil": 23.7, "jahrgang": "2024", "quelle": "dachflaechen", "klasse": "gruendach", "herkunft": "modell_bestaetigt", "fehlerkategorie": "junge_vegetation" }, "geometry": { "type": "Polygon", "coordinates": [ [ [ 9.979797, 53.520145 ], [ 9.979437, 53.519878 ], [ 9.979142, 53.520017 ], [ 9.979491, 53.52028 ], [ 9.979587, 53.520234 ], [ 9.979595, 53.52024 ], [ 9.979797, 53.520145 ] ], [ [ 9.979669, 53.520143 ], [ 9.979663, 53.520138 ], [ 9.97967, 53.520135 ], [ 9.979676, 53.520139 ], [ 9.979669, 53.520143 ] ] ] } },
{ "type": "Feature", "properties": { "oid": "DEHHALKAJ0000oSQ", "gebaeudefunktion": 1120, "dachform": 3200.0, "dach_m2": 194.1, "gruen_m2": null, "anteil": null, "jahrgang": "2024", "quelle": "dachflaechen", "klasse": "gruendach", "herkunft": "haendisch_ergaenzt", "fehlerkategorie": "schatten" }, "geometry": { "type": "Polygon", "coordinates": [ [ [ 9.985691, 53.517722 ], [ 9.98572, 53.517758 ], [ 9.985774, 53.517825 ], [ 9.985792, 53.51782 ], [ 9.985777, 53.517804 ], [ 9.985789, 53.517798 ], [ 9.985804, 53.517797 ], [ 9.985816, 53.517813 ], [ 9.985844, 53.517805 ], [ 9.985829, 53.517789 ], [ 9.985842, 53.517783 ], [ 9.985857, 53.517782 ], [ 9.985869, 53.517798 ], [ 9.985926, 53.517782 ], [ 9.98585, 53.517691 ], [ 9.985812, 53.517643 ], [ 9.985749, 53.517632 ], [ 9.985649, 53.517661 ], [ 9.985697, 53.51772 ], [ 9.985691, 53.517722 ] ], [ [ 9.98572, 53.517752 ], [ 9.985733, 53.517751 ], [ 9.985732, 53.517758 ], [ 9.98572, 53.517758 ], [ 9.98572, 53.517752 ] ], [ [ 9.985835, 53.517683 ], [ 9.985843, 53.517693 ], [ 9.985832, 53.517699 ], [ 9.985816, 53.517701 ], [ 9.985811, 53.517689 ], [ 9.985835, 53.517683 ] ], [ [ 9.985806, 53.517704 ], [ 9.985785, 53.517713 ], [ 9.985759, 53.517717 ], [ 9.985752, 53.517709 ], [ 9.985799, 53.517696 ], [ 9.985806, 53.517704 ] ], [ [ 9.985712, 53.51773 ], [ 9.985704, 53.51772 ], [ 9.985738, 53.51771 ], [ 9.985747, 53.517721 ], [ 9.98574, 53.517724 ], [ 9.985712, 53.51773 ] ] ] } },
{ "type": "Feature", "properties": { "oid": "DEHHALKAJ0000oW7", "gebaeudefunktion": 2140, "dachform": 1000.0, "dach_m2": 190.5, "gruen_m2": null, "anteil": null, "jahrgang": "2024", "quelle": "dachflaechen", "klasse": "gruendach", "herkunft": "haendisch_ergaenzt", "fehlerkategorie": "schatten" }, "geometry": { "type": "Polygon", "coordinates": [ [ [ 9.9877, 53.515898 ], [ 9.987706, 53.51595 ], [ 9.987724, 53.515949 ], [ 9.987727, 53.515987 ], [ 9.98778, 53.515984 ], [ 9.987795, 53.516058 ], [ 9.987809, 53.516057 ], [ 9.987828, 53.51612 ], [ 9.987936, 53.516107 ], [ 9.987886, 53.515941 ], [ 9.9877, 53.515898 ] ], [ [ 9.987858, 53.516033 ], [ 9.987854, 53.516022 ], [ 9.987878, 53.51602 ], [ 9.987881, 53.516031 ], [ 9.987858, 53.516033 ] ], [ [ 9.987835, 53.516089 ], [ 9.987845, 53.516078 ], [ 9.987857, 53.516076 ], [ 9.98786, 53.516087 ], [ 9.987835, 53.516089 ] ], [ [ 9.987745, 53.51596 ], [ 9.987766, 53.515958 ], [ 9.987767, 53.515966 ], [ 9.987747, 53.515968 ], [ 9.987745, 53.51596 ] ], [ [ 9.987762, 53.515935 ], [ 9.987741, 53.515936 ], [ 9.98774, 53.515928 ], [ 9.987761, 53.515926 ], [ 9.987762, 53.515935 ] ] ] } },
{ "type": "Feature", "properties": { "oid": "DEHHALKAJ0000oYX", "gebaeudefunktion": 2463, "dachform": 1000.0, "dach_m2": 78.3, "gruen_m2": null, "anteil": null, "jahrgang": "2024", "quelle": "dachflaechen", "klasse": "gruendach", "herkunft": "haendisch_ergaenzt", "fehlerkategorie": "schatten" }, "geometry": { "type": "Polygon", "coordinates": [ [ [ 9.988899, 53.517345 ], [ 9.988738, 53.517392 ], [ 9.988782, 53.517445 ], [ 9.988943, 53.517398 ], [ 9.988899, 53.517345 ] ] ] } },
{ "type": "Feature", "properties": { "oid": "DEHHALKAJ0000oZp", "gebaeudefunktion": 1010, "dachform": 3400.0, "dach_m2": 403.0, "gruen_m2": 283.5, "anteil": 70.3, "jahrgang": "2024", "quelle": "dachflaechen", "klasse": "gruendach", "herkunft": "modell_bestaetigt", "fehlerkategorie": null }, "geometry": { "type": "Polygon", "coordinates": [ [ [ 9.9908, 53.516416 ], [ 9.990876, 53.516536 ], [ 9.990921, 53.516549 ], [ 9.991364, 53.51648 ], [ 9.991323, 53.516381 ], [ 9.991254, 53.516392 ], [ 9.99125, 53.516383 ], [ 9.991146, 53.516399 ], [ 9.99115, 53.516409 ], [ 9.991007, 53.516431 ], [ 9.990981, 53.516423 ], [ 9.990954, 53.516381 ], [ 9.9908, 53.516416 ] ], [ [ 9.9913, 53.516473 ], [ 9.991337, 53.516467 ], [ 9.99134, 53.516475 ], [ 9.991304, 53.516481 ], [ 9.9913, 53.516473 ] ], [ [ 9.991265, 53.516487 ], [ 9.991261, 53.516479 ], [ 9.991292, 53.516474 ], [ 9.991295, 53.516483 ], [ 9.991265, 53.516487 ] ], [ [ 9.991235, 53.516493 ], [ 9.991246, 53.516481 ], [ 9.991266, 53.516488 ], [ 9.991268, 53.516493 ], [ 9.991237, 53.516498 ], [ 9.991235, 53.516493 ] ], [ [ 9.991223, 53.516454 ], [ 9.99122, 53.516447 ], [ 9.99124, 53.516444 ], [ 9.991243, 53.516451 ], [ 9.991223, 53.516454 ] ], [ [ 9.991187, 53.5165 ], [ 9.991183, 53.516491 ], [ 9.991219, 53.516486 ], [ 9.991222, 53.516494 ], [ 9.991187, 53.5165 ] ], [ [ 9.991169, 53.516508 ], [ 9.991108, 53.516518 ], [ 9.991116, 53.516511 ], [ 9.991081, 53.516516 ], [ 9.991078, 53.516508 ], [ 9.991115, 53.516502 ], [ 9.991118, 53.516509 ], [ 9.991132, 53.516498 ], [ 9.991173, 53.516493 ], [ 9.991176, 53.516501 ], [ 9.991157, 53.516504 ], [ 9.991169, 53.516508 ] ], [ [ 9.991034, 53.516523 ], [ 9.991029, 53.516516 ], [ 9.991065, 53.51651 ], [ 9.991069, 53.516518 ], [ 9.991034, 53.516523 ] ], [ [ 9.991012, 53.516522 ], [ 9.991015, 53.516518 ], [ 9.991035, 53.516524 ], [ 9.991037, 53.516529 ], [ 9.991006, 53.516534 ], [ 9.991012, 53.516522 ] ], [ [ 9.990987, 53.516522 ], [ 9.990991, 53.51653 ], [ 9.990961, 53.516535 ], [ 9.990963, 53.516539 ], [ 9.990953, 53.516541 ], [ 9.99095, 53.516533 ], [ 9.99096, 53.516532 ], [ 9.990957, 53.516527 ], [ 9.990987, 53.516522 ] ], [ [ 9.990957, 53.516485 ], [ 9.990946, 53.516482 ], [ 9.990952, 53.516476 ], [ 9.99097, 53.516481 ], [ 9.990964, 53.516488 ], [ 9.990957, 53.516485 ] ], [ [ 9.990944, 53.516542 ], [ 9.990935, 53.516544 ], [ 9.990931, 53.516536 ], [ 9.990941, 53.516534 ], [ 9.990944, 53.516542 ] ], [ [ 9.990902, 53.516525 ], [ 9.990921, 53.516531 ], [ 9.990915, 53.516546 ], [ 9.990883, 53.516536 ], [ 9.990902, 53.516525 ] ], [ [ 9.990879, 53.51647 ], [ 9.990876, 53.516466 ], [ 9.990897, 53.516461 ], [ 9.9909, 53.516466 ], [ 9.990879, 53.51647 ] ], [ [ 9.990878, 53.516518 ], [ 9.990873, 53.516511 ], [ 9.990886, 53.516508 ], [ 9.990898, 53.516525 ], [ 9.990885, 53.516528 ], [ 9.990878, 53.516518 ] ], [ [ 9.990873, 53.51651 ], [ 9.990862, 53.516493 ], [ 9.990874, 53.51649 ], [ 9.990885, 53.516507 ], [ 9.990873, 53.51651 ] ], [ [ 9.990861, 53.516492 ], [ 9.99085, 53.516474 ], [ 9.990862, 53.516471 ], [ 9.990873, 53.516489 ], [ 9.990861, 53.516492 ] ], [ [ 9.990854, 53.516469 ], [ 9.990848, 53.516471 ], [ 9.990837, 53.516454 ], [ 9.990849, 53.516451 ], [ 9.99086, 53.516468 ], [ 9.990854, 53.516469 ] ], [ [ 9.990831, 53.516437 ], [ 9.990828, 53.516443 ], [ 9.99082, 53.516445 ], [ 9.990809, 53.516428 ], [ 9.990817, 53.516426 ], [ 9.990837, 53.516432 ], [ 9.990831, 53.516437 ] ] ] } },
{ "type": "Feature", "properties": { "oid": "DEHHALKAJ0000olG", "gebaeudefunktion": 2463, "dachform": null, "dach_m2": 71.4, "gruen_m2": null, "anteil": null, "jahrgang": "2024", "quelle": "dachflaechen", "klasse": "gruendach", "herkunft": "haendisch_ergaenzt", "fehlerkategorie": null }, "geometry": { "type": "Polygon", "coordinates": [ [ [ 9.965345, 53.541467 ], [ 9.965266, 53.541469 ], [ 9.965273, 53.54159 ], [ 9.965353, 53.541589 ], [ 9.965345, 53.541467 ] ] ] } },
{ "type": "Feature", "properties": { "oid": "DEHHALKAJ0000pmu", "gebaeudefunktion": 2020, "dachform": 1000.0, "dach_m2": 231.8, "gruen_m2": 220.0, "anteil": 94.9, "jahrgang": "2024", "quelle": "dachflaechen", "klasse": "gruendach", "herkunft": "modell_bestaetigt", "fehlerkategorie": "korrekt" }, "geometry": { "type": "Polygon", "coordinates": [ [ [ 9.995951, 53.479128 ], [ 9.995784, 53.47912 ], [ 9.995761, 53.479308 ], [ 9.995928, 53.479315 ], [ 9.995951, 53.479128 ] ] ] } },
{ "type": "Feature", "properties": { "oid": "DEHHALKAJ0000pxa", "gebaeudefunktion": 2463, "dachform": 9999.0, "dach_m2": 84.0, "gruen_m2": 25.1, "anteil": 29.9, "jahrgang": "2024", "quelle": "dachflaechen", "klasse": "gruendach", "herkunft": "modell_bestaetigt", "fehlerkategorie": "korrekt" }, "geometry": { "type": "Polygon", "coordinates": [ [ [ 10.008943, 53.486885 ], [ 10.00884, 53.486907 ], [ 10.008866, 53.486952 ], [ 10.009092, 53.486903 ], [ 10.009057, 53.48686 ], [ 10.008943, 53.486885 ] ], [ [ 10.009056, 53.486881 ], [ 10.009064, 53.48688 ], [ 10.009066, 53.486884 ], [ 10.009058, 53.486886 ], [ 10.009056, 53.486881 ] ] ] } },
{ "type": "Feature", "properties": { "oid": "DEHHALKAJ0000q20", "gebaeudefunktion": 1010, "dachform": 3100.0, "dach_m2": 263.4, "gruen_m2": 155.9, "anteil": 59.2, "jahrgang": "2024", "quelle": "dachflaechen", "klasse": "gruendach", "herkunft": "modell_bestaetigt", "fehlerkategorie": "korrekt" }, "geometry": { "type": "Polygon", "coordinates": [ [ [ 10.028774, 53.478908 ], [ 10.028764, 53.47909 ], [ 10.028959, 53.479094 ], [ 10.02897, 53.478912 ], [ 10.028774, 53.478908 ] ] ] } },
{ "type": "Feature", "properties": { "oid": "DEHHALKAJ0000qFa", "gebaeudefunktion": 3062, "dachform": 3100.0, "dach_m2": 345.6, "gruen_m2": null, "anteil": null, "jahrgang": "2024", "quelle": "dachflaechen", "klasse": "gruendach", "herkunft": "haendisch_ergaenzt", "fehlerkategorie": "dunkles_dach" }, "geometry": { "type": "Polygon", "coordinates": [ [ [ 10.017975, 53.48188 ], [ 10.017854, 53.481913 ], [ 10.017882, 53.481966 ], [ 10.017932, 53.482013 ], [ 10.018049, 53.481981 ], [ 10.018106, 53.481975 ], [ 10.018149, 53.481954 ], [ 10.018174, 53.481789 ], [ 10.018081, 53.481777 ], [ 10.01799, 53.481779 ], [ 10.017975, 53.48188 ] ] ] } },
{ "type": "Feature", "properties": { "oid": "DEHHALKAJ0000qV5", "gebaeudefunktion": 1120, "dachform": 5000.0, "dach_m2": 186.8, "gruen_m2": 50.2, "anteil": 26.9, "jahrgang": "2024", "quelle": "dachflaechen", "klasse": "gruendach", "herkunft": "modell_bestaetigt", "fehlerkategorie": "schatten" }, "geometry": { "type": "Polygon", "coordinates": [ [ [ 10.011891, 53.486887 ], [ 10.011723, 53.486812 ], [ 10.011628, 53.486887 ], [ 10.011795, 53.486963 ], [ 10.011801, 53.486958 ], [ 10.011818, 53.486966 ], [ 10.011846, 53.486944 ], [ 10.011923, 53.486978 ], [ 10.011982, 53.486932 ], [ 10.011891, 53.486887 ] ], [ [ 10.011888, 53.486889 ], [ 10.011882, 53.486894 ], [ 10.011802, 53.486958 ], [ 10.011884, 53.486893 ], [ 10.011888, 53.486889 ] ], [ [ 10.011784, 53.486867 ], [ 10.011794, 53.486859 ], [ 10.011805, 53.486864 ], [ 10.011794, 53.486872 ], [ 10.011784, 53.486867 ] ], [ [ 10.011754, 53.48685 ], [ 10.011767, 53.486839 ], [ 10.0118, 53.486854 ], [ 10.011787, 53.486864 ], [ 10.011757, 53.486868 ], [ 10.011754, 53.48685 ] ], [ [ 10.011792, 53.486934 ], [ 10.011782, 53.486942 ], [ 10.011767, 53.486936 ], [ 10.011778, 53.486927 ], [ 10.011792, 53.486934 ] ], [ [ 10.011767, 53.486906 ], [ 10.01178, 53.486912 ], [ 10.011774, 53.486917 ], [ 10.011761, 53.486911 ], [ 10.011767, 53.486906 ] ], [ [ 10.011726, 53.486892 ], [ 10.011729, 53.486911 ], [ 10.011718, 53.48692 ], [ 10.011684, 53.486904 ], [ 10.011695, 53.486895 ], [ 10.011726, 53.486892 ] ] ] } },
{ "type": "Feature", "properties": { "oid": "DEHHALKAJ0000qg1", "gebaeudefunktion": 1010, "dachform": 3200.0, "dach_m2": 60.1, "gruen_m2": 51.0, "anteil": 85.0, "jahrgang": "2024", "quelle": "dachflaechen", "klasse": "gruendach", "herkunft": "modell_bestaetigt", "fehlerkategorie": "korrekt" }, "geometry": { "type": "Polygon", "coordinates": [ [ [ 10.009101, 53.486818 ], [ 10.009084, 53.486827 ], [ 10.009075, 53.486846 ], [ 10.009051, 53.486852 ], [ 10.009092, 53.486903 ], [ 10.009133, 53.486893 ], [ 10.009121, 53.486877 ], [ 10.009143, 53.486876 ], [ 10.009164, 53.486868 ], [ 10.00917, 53.486875 ], [ 10.009195, 53.486868 ], [ 10.009201, 53.486857 ], [ 10.009194, 53.486842 ], [ 10.009202, 53.48684 ], [ 10.009182, 53.486814 ], [ 10.009159, 53.486821 ], [ 10.009144, 53.486816 ], [ 10.009122, 53.486814 ], [ 10.009101, 53.486818 ] ], [ [ 10.009177, 53.486844 ], [ 10.009167, 53.486845 ], [ 10.009164, 53.486834 ], [ 10.009174, 53.486833 ], [ 10.009177, 53.486844 ] ] ] } },
{ "type": "Feature", "properties": { "oid": "DEHHALKAJ0000qiQ", "gebaeudefunktion": 1010, "dachform": 3100.0, "dach_m2": 47.2, "gruen_m2": 10.5, "anteil": 22.3, "jahrgang": "2024", "quelle": "dachflaechen", "klasse": "gruendach", "herkunft": "modell_bestaetigt", "fehlerkategorie": "vegetation_daneben" }, "geometry": { "type": "Polygon", "coordinates": [ [ [ 9.992443, 53.486673 ], [ 9.992392, 53.486618 ], [ 9.992302, 53.486648 ], [ 9.992354, 53.486703 ], [ 9.992443, 53.486673 ] ] ] } },
{ "type": "Feature", "properties": { "oid": "DEHHALKAJ0000qls", "gebaeudefunktion": 2410, "dachform": 1000.0, "dach_m2": 2023.7, "gruen_m2": 578.3, "anteil": 28.6, "jahrgang": "2024", "quelle": "dachflaechen", "klasse": "gruendach", "herkunft": "modell_bestaetigt", "fehlerkategorie": "junge_vegetation" }, "geometry": { "type": "MultiPolygon", "coordinates": [ [ [ [ 9.989878, 53.486111 ], [ 9.989914, 53.486116 ], [ 9.989909, 53.486131 ], [ 9.989873, 53.486126 ], [ 9.989858, 53.486168 ], [ 9.990236, 53.486214 ], [ 9.990426, 53.485653 ], [ 9.990048, 53.485608 ], [ 9.989878, 53.486111 ] ], [ [ 9.990285, 53.485789 ], [ 9.990281, 53.485802 ], [ 9.990239, 53.485797 ], [ 9.990244, 53.485784 ], [ 9.990285, 53.485789 ] ], [ [ 9.990268, 53.485842 ], [ 9.990263, 53.485855 ], [ 9.990221, 53.48585 ], [ 9.990226, 53.485837 ], [ 9.990268, 53.485842 ] ], [ [ 9.990237, 53.48593 ], [ 9.990232, 53.485944 ], [ 9.990191, 53.485939 ], [ 9.990196, 53.485925 ], [ 9.990237, 53.48593 ] ], [ [ 9.99021, 53.486013 ], [ 9.990205, 53.486027 ], [ 9.990163, 53.486022 ], [ 9.990167, 53.486008 ], [ 9.99021, 53.486013 ] ], [ [ 9.990193, 53.48606 ], [ 9.990188, 53.486074 ], [ 9.990146, 53.486069 ], [ 9.990151, 53.486055 ], [ 9.990193, 53.48606 ] ], [ [ 9.990176, 53.486113 ], [ 9.990171, 53.486127 ], [ 9.990129, 53.486122 ], [ 9.990134, 53.486108 ], [ 9.990176, 53.486113 ] ], [ [ 9.99015, 53.485756 ], [ 9.990145, 53.485759 ], [ 9.990141, 53.485756 ], [ 9.990147, 53.485754 ], [ 9.99015, 53.485756 ] ], [ [ 9.990123, 53.485769 ], [ 9.990118, 53.485783 ], [ 9.990076, 53.485778 ], [ 9.990081, 53.485764 ], [ 9.990123, 53.485769 ] ], [ [ 9.990059, 53.485831 ], [ 9.990063, 53.485817 ], [ 9.990105, 53.485822 ], [ 9.9901, 53.485836 ], [ 9.990059, 53.485831 ] ], [ [ 9.990082, 53.486077 ], [ 9.990088, 53.486076 ], [ 9.990091, 53.48608 ], [ 9.990085, 53.486082 ], [ 9.990082, 53.486077 ] ], [ [ 9.990071, 53.485925 ], [ 9.990028, 53.48592 ], [ 9.990033, 53.485906 ], [ 9.990075, 53.485911 ], [ 9.990071, 53.485925 ] ], [ [ 9.990055, 53.486134 ], [ 9.990064, 53.486135 ], [ 9.990063, 53.486138 ], [ 9.990054, 53.486137 ], [ 9.990055, 53.486134 ] ], [ [ 9.990005, 53.485989 ], [ 9.990046, 53.485994 ], [ 9.990041, 53.486007 ], [ 9.99, 53.486003 ], [ 9.990005, 53.485989 ] ], [ [ 9.990034, 53.485875 ], [ 9.990021, 53.485873 ], [ 9.990025, 53.485863 ], [ 9.990038, 53.485864 ], [ 9.990034, 53.485875 ] ], [ [ 9.989988, 53.486036 ], [ 9.99003, 53.486041 ], [ 9.990026, 53.486055 ], [ 9.989983, 53.48605 ], [ 9.989988, 53.486036 ] ], [ [ 9.989971, 53.486089 ], [ 9.990013, 53.486094 ], [ 9.990009, 53.486107 ], [ 9.989966, 53.486102 ], [ 9.989971, 53.486089 ] ] ], [ [ [ 9.989937, 53.485597 ], [ 9.989749, 53.486151 ], [ 9.989856, 53.486164 ], [ 9.990043, 53.48561 ], [ 9.989937, 53.485597 ] ], [ [ 9.989932, 53.485858 ], [ 9.989947, 53.48586 ], [ 9.989944, 53.485869 ], [ 9.989929, 53.485867 ], [ 9.989932, 53.485858 ] ] ] ] } },
{ "type": "Feature", "properties": { "oid": "DEHHALKAJ0000qri", "gebaeudefunktion": 2112, "dachform": 1000.0, "dach_m2": 82.7, "gruen_m2": 39.9, "anteil": 48.3, "jahrgang": "2024", "quelle": "dachflaechen", "klasse": "gruendach", "herkunft": "modell_bestaetigt", "fehlerkategorie": "junge_vegetation" }, "geometry": { "type": "Polygon", "coordinates": [ [ [ 9.989069, 53.488759 ], [ 9.989206, 53.488745 ], [ 9.989183, 53.488665 ], [ 9.989045, 53.48868 ], [ 9.989069, 53.488759 ] ], [ [ 9.98916, 53.488735 ], [ 9.989159, 53.488733 ], [ 9.989166, 53.488732 ], [ 9.989167, 53.488735 ], [ 9.98916, 53.488735 ] ], [ [ 9.989152, 53.488682 ], [ 9.989153, 53.488685 ], [ 9.989146, 53.488686 ], [ 9.989145, 53.488683 ], [ 9.989152, 53.488682 ] ] ] } },
{ "type": "Feature", "properties": { "oid": "DEHHALKAJ0000rJe", "gebaeudefunktion": 2020, "dachform": 1000.0, "dach_m2": 803.0, "gruen_m2": 287.2, "anteil": 35.8, "jahrgang": "2024", "quelle": "dachflaechen", "klasse": "gruendach", "herkunft": "modell_bestaetigt", "fehlerkategorie": "korrekt" }, "geometry": { "type": "MultiPolygon", "coordinates": [ [ [ [ 9.989671, 53.494774 ], [ 9.989675, 53.494799 ], [ 9.989994, 53.494785 ], [ 9.989978, 53.494659 ], [ 9.989588, 53.494676 ], [ 9.989594, 53.494715 ], [ 9.989664, 53.494712 ], [ 9.989671, 53.494774 ] ], [ [ 9.989845, 53.494689 ], [ 9.989845, 53.494685 ], [ 9.989861, 53.494685 ], [ 9.989861, 53.494688 ], [ 9.989845, 53.494689 ] ], [ [ 9.989844, 53.494716 ], [ 9.989844, 53.494723 ], [ 9.98983, 53.494723 ], [ 9.989829, 53.494716 ], [ 9.989844, 53.494716 ] ], [ [ 9.989827, 53.49469 ], [ 9.98981, 53.49469 ], [ 9.98981, 53.494687 ], [ 9.989827, 53.494686 ], [ 9.989827, 53.49469 ] ], [ [ 9.989805, 53.494688 ], [ 9.989806, 53.49469 ], [ 9.989789, 53.494691 ], [ 9.989789, 53.494688 ], [ 9.989805, 53.494688 ] ], [ [ 9.989795, 53.494762 ], [ 9.989781, 53.494763 ], [ 9.98978, 53.49476 ], [ 9.989795, 53.494759 ], [ 9.989795, 53.494762 ] ], [ [ 9.989771, 53.494689 ], [ 9.989783, 53.494689 ], [ 9.989784, 53.494692 ], [ 9.989771, 53.494692 ], [ 9.989771, 53.494689 ] ], [ [ 9.989695, 53.494681 ], [ 9.989708, 53.49468 ], [ 9.989709, 53.494683 ], [ 9.989696, 53.494684 ], [ 9.989695, 53.494681 ] ], [ [ 9.98969, 53.494703 ], [ 9.989689, 53.494697 ], [ 9.9897, 53.494697 ], [ 9.9897, 53.494703 ], [ 9.98969, 53.494703 ] ], [ [ 9.989681, 53.494694 ], [ 9.989681, 53.494691 ], [ 9.989688, 53.494691 ], [ 9.989687, 53.494694 ], [ 9.989681, 53.494694 ] ], [ [ 9.98968, 53.494685 ], [ 9.989669, 53.494685 ], [ 9.989669, 53.494682 ], [ 9.989682, 53.494682 ], [ 9.98968, 53.494685 ] ], [ [ 9.989629, 53.494691 ], [ 9.989628, 53.494681 ], [ 9.989662, 53.494679 ], [ 9.989663, 53.49469 ], [ 9.989629, 53.494691 ] ], [ [ 9.989617, 53.494687 ], [ 9.989618, 53.49469 ], [ 9.989612, 53.494691 ], [ 9.989611, 53.494688 ], [ 9.989617, 53.494687 ] ], [ [ 9.989614, 53.494685 ], [ 9.989608, 53.494683 ], [ 9.989611, 53.49468 ], [ 9.989617, 53.494682 ], [ 9.989614, 53.494685 ] ] ], [ [ [ 9.989725, 53.494606 ], [ 9.989733, 53.494665 ], [ 9.989977, 53.494654 ], [ 9.98997, 53.494594 ], [ 9.989725, 53.494606 ] ] ], [ [ [ 9.989579, 53.494672 ], [ 9.989725, 53.494665 ], [ 9.989718, 53.494606 ], [ 9.989507, 53.494616 ], [ 9.989515, 53.494675 ], [ 9.989579, 53.494672 ] ], [ [ 9.989554, 53.494619 ], [ 9.989672, 53.494614 ], [ 9.989674, 53.494631 ], [ 9.989557, 53.494637 ], [ 9.989554, 53.494619 ] ] ], [ [ [ 9.989666, 53.494778 ], [ 9.989603, 53.494781 ], [ 9.989606, 53.494807 ], [ 9.989669, 53.494804 ], [ 9.989666, 53.494778 ] ] ], [ [ [ 9.989665, 53.494774 ], [ 9.989659, 53.494716 ], [ 9.989594, 53.494719 ], [ 9.989603, 53.494777 ], [ 9.989665, 53.494774 ] ], [ [ 9.989643, 53.494749 ], [ 9.989616, 53.49475 ], [ 9.989615, 53.494739 ], [ 9.989642, 53.494738 ], [ 9.989643, 53.494749 ] ], [ [ 9.989636, 53.494761 ], [ 9.989636, 53.494767 ], [ 9.989626, 53.494767 ], [ 9.989625, 53.494761 ], [ 9.989636, 53.494761 ] ] ], [ [ [ 9.989325, 53.494721 ], [ 9.989507, 53.494713 ], [ 9.989508, 53.494721 ], [ 9.989585, 53.494717 ], [ 9.989579, 53.494678 ], [ 9.989262, 53.494692 ], [ 9.989279, 53.494818 ], [ 9.989596, 53.494802 ], [ 9.989588, 53.49474 ], [ 9.989511, 53.494743 ], [ 9.989518, 53.494803 ], [ 9.989337, 53.494811 ], [ 9.989325, 53.494721 ] ] ], [ [ [ 9.989254, 53.494628 ], [ 9.989261, 53.494686 ], [ 9.989505, 53.494675 ], [ 9.989499, 53.494616 ], [ 9.989254, 53.494628 ] ] ] ] } },
{ "type": "Feature", "properties": { "oid": "DEHHALKAJ0000rjA", "gebaeudefunktion": 2110, "dachform": 1000.0, "dach_m2": 29.3, "gruen_m2": 27.4, "anteil": 93.3, "jahrgang": "2024", "quelle": "dachflaechen", "klasse": "gruendach", "herkunft": "modell_bestaetigt", "fehlerkategorie": "korrekt" }, "geometry": { "type": "Polygon", "coordinates": [ [ [ 9.952438, 53.500506 ], [ 9.9525, 53.500534 ], [ 9.952552, 53.500494 ], [ 9.95249, 53.500466 ], [ 9.952438, 53.500506 ] ] ] } },
{ "type": "Feature", "properties": { "oid": "DEHHALKAJ0000sCn", "gebaeudefunktion": 3051, "dachform": 1000.0, "dach_m2": 1444.6, "gruen_m2": 1073.8, "anteil": 74.3, "jahrgang": "2024", "quelle": "dachflaechen", "klasse": "gruendach", "herkunft": "modell_bestaetigt", "fehlerkategorie": "korrekt" }, "geometry": { "type": "Polygon", "coordinates": [ [ [ 9.98498, 53.503798 ], [ 9.98504, 53.503853 ], [ 9.984863, 53.504082 ], [ 9.984842, 53.504125 ], [ 9.984839, 53.504156 ], [ 9.98485, 53.504191 ], [ 9.984879, 53.504233 ], [ 9.985005, 53.504357 ], [ 9.985048, 53.504342 ], [ 9.985045, 53.504338 ], [ 9.985063, 53.504332 ], [ 9.985102, 53.504358 ], [ 9.985278, 53.504294 ], [ 9.985284, 53.504295 ], [ 9.985286, 53.504274 ], [ 9.985266, 53.504266 ], [ 9.985244, 53.504271 ], [ 9.985147, 53.50417 ], [ 9.985358, 53.503832 ], [ 9.985291, 53.503817 ], [ 9.98532, 53.50378 ], [ 9.985323, 53.50375 ], [ 9.985316, 53.503736 ], [ 9.985294, 53.503717 ], [ 9.98525, 53.503703 ], [ 9.9852, 53.503704 ], [ 9.985177, 53.503709 ], [ 9.985166, 53.503713 ], [ 9.985164, 53.503714 ], [ 9.985156, 53.503718 ], [ 9.985141, 53.50373 ], [ 9.985098, 53.503787 ], [ 9.985092, 53.503785 ], [ 9.985137, 53.503728 ], [ 9.985168, 53.503709 ], [ 9.985121, 53.503666 ], [ 9.985079, 53.503687 ], [ 9.985049, 53.503709 ], [ 9.98502, 53.503745 ], [ 9.98498, 53.503798 ] ], [ [ 9.985206, 53.503724 ], [ 9.985171, 53.50374 ], [ 9.985164, 53.503714 ], [ 9.985206, 53.503724 ] ], [ [ 9.98514, 53.503767 ], [ 9.985245, 53.50379 ], [ 9.98522, 53.50383 ], [ 9.985174, 53.50382 ], [ 9.985182, 53.503808 ], [ 9.985124, 53.503794 ], [ 9.98514, 53.503767 ] ], [ [ 9.98528, 53.50374 ], [ 9.985322, 53.50375 ], [ 9.985286, 53.503766 ], [ 9.98528, 53.50374 ] ], [ [ 9.985223, 53.503728 ], [ 9.985265, 53.503737 ], [ 9.98523, 53.503754 ], [ 9.985223, 53.503728 ] ], [ [ 9.985239, 53.504297 ], [ 9.985229, 53.504287 ], [ 9.985246, 53.504282 ], [ 9.985255, 53.504291 ], [ 9.985239, 53.504297 ] ], [ [ 9.985191, 53.503776 ], [ 9.985227, 53.50376 ], [ 9.985233, 53.503786 ], [ 9.985191, 53.503776 ] ], [ [ 9.985211, 53.504311 ], [ 9.985195, 53.504295 ], [ 9.985209, 53.50429 ], [ 9.985225, 53.504306 ], [ 9.985211, 53.504311 ] ] ] } },
{ "type": "Feature", "properties": { "oid": "DEHHALKAJ0000sIE", "gebaeudefunktion": 2020, "dachform": 1000.0, "dach_m2": 651.2, "gruen_m2": null, "anteil": null, "jahrgang": "2024", "quelle": "dachflaechen", "klasse": "gruendach", "herkunft": "haendisch_ergaenzt", "fehlerkategorie": "baumueberschirmung" }, "geometry": { "type": "Polygon", "coordinates": [ [ [ 9.978286, 53.51087 ], [ 9.978245, 53.510683 ], [ 9.977781, 53.510719 ], [ 9.977822, 53.510906 ], [ 9.978286, 53.51087 ] ] ] } },
{ "type": "Feature", "properties": { "oid": "DEHHALKAJ0000sTG", "gebaeudefunktion": 3050, "dachform": 1000.0, "dach_m2": 746.6, "gruen_m2": 323.8, "anteil": 43.4, "jahrgang": "2024", "quelle": "dachflaechen", "klasse": "gruendach", "herkunft": "modell_bestaetigt", "fehlerkategorie": "korrekt" }, "geometry": { "type": "Polygon", "coordinates": [ [ [ 9.986093, 53.503031 ], [ 9.986053, 53.503038 ], [ 9.986021, 53.50305 ], [ 9.985993, 53.503069 ], [ 9.985974, 53.503089 ], [ 9.985965, 53.503112 ], [ 9.985977, 53.503159 ], [ 9.985999, 53.503179 ], [ 9.986029, 53.503196 ], [ 9.98607, 53.503208 ], [ 9.986001, 53.503319 ], [ 9.986015, 53.503322 ], [ 9.986091, 53.50321 ], [ 9.985975, 53.503393 ], [ 9.986004, 53.5034 ], [ 9.98612, 53.503212 ], [ 9.986049, 53.50333 ], [ 9.986119, 53.503346 ], [ 9.986129, 53.503331 ], [ 9.986242, 53.503357 ], [ 9.986351, 53.503184 ], [ 9.986413, 53.503198 ], [ 9.986469, 53.50311 ], [ 9.98623, 53.503056 ], [ 9.986237, 53.503065 ], [ 9.986207, 53.503047 ], [ 9.986174, 53.503037 ], [ 9.986135, 53.503031 ], [ 9.986093, 53.503031 ] ], [ [ 9.986432, 53.503164 ], [ 9.986428, 53.503171 ], [ 9.986417, 53.503168 ], [ 9.986421, 53.503162 ], [ 9.986432, 53.503164 ] ], [ [ 9.986425, 53.503176 ], [ 9.98642, 53.503183 ], [ 9.98641, 53.503181 ], [ 9.986415, 53.503174 ], [ 9.986425, 53.503176 ] ], [ [ 9.986365, 53.503176 ], [ 9.986372, 53.503165 ], [ 9.986391, 53.503169 ], [ 9.986384, 53.50318 ], [ 9.986365, 53.503176 ] ] ] } },
{ "type": "Feature", "properties": { "oid": "DEHHALKAJ0000sem", "gebaeudefunktion": 2050, "dachform": null, "dach_m2": 1817.7, "gruen_m2": 871.1, "anteil": 47.9, "jahrgang": "2024", "quelle": "dachflaechen", "klasse": "gruendach", "herkunft": "modell_bestaetigt", "fehlerkategorie": "korrekt" }, "geometry": { "type": "MultiPolygon", "coordinates": [ [ [ [ 9.992332, 53.501358 ], [ 9.992334, 53.5014 ], [ 9.992353, 53.501401 ], [ 9.993326, 53.501385 ], [ 9.993318, 53.501198 ], [ 9.99316, 53.501202 ], [ 9.993155, 53.50111 ], [ 9.992695, 53.501117 ], [ 9.992697, 53.501164 ], [ 9.992272, 53.501171 ], [ 9.992274, 53.501221 ], [ 9.992346, 53.50122 ], [ 9.992352, 53.501357 ], [ 9.992348, 53.501357 ], [ 9.992332, 53.501358 ] ], [ [ 9.993272, 53.501332 ], [ 9.993272, 53.501321 ], [ 9.993292, 53.501321 ], [ 9.993291, 53.501332 ], [ 9.993272, 53.501332 ] ], [ [ 9.992481, 53.501347 ], [ 9.99248, 53.501335 ], [ 9.9925, 53.501335 ], [ 9.9925, 53.501347 ], [ 9.992481, 53.501347 ] ], [ [ 9.992466, 53.501258 ], [ 9.992465, 53.501249 ], [ 9.992471, 53.501249 ], [ 9.992472, 53.501258 ], [ 9.992466, 53.501258 ] ], [ [ 9.992465, 53.501243 ], [ 9.992465, 53.501235 ], [ 9.992471, 53.501234 ], [ 9.992471, 53.501243 ], [ 9.992465, 53.501243 ] ], [ [ 9.99247, 53.501228 ], [ 9.992464, 53.501228 ], [ 9.992464, 53.501219 ], [ 9.992469, 53.501219 ], [ 9.99247, 53.501228 ] ], [ [ 9.992462, 53.501204 ], [ 9.992468, 53.501204 ], [ 9.992468, 53.501213 ], [ 9.992463, 53.501213 ], [ 9.992462, 53.501204 ] ] ], [ [ [ 9.993172, 53.501179 ], [ 9.993169, 53.501193 ], [ 9.9932, 53.501192 ], [ 9.993199, 53.501178 ], [ 9.99321, 53.501178 ], [ 9.993208, 53.501123 ], [ 9.99317, 53.501124 ], [ 9.993172, 53.501179 ] ] ], [ [ [ 9.993168, 53.501172 ], [ 9.993163, 53.501172 ], [ 9.993164, 53.501198 ], [ 9.993169, 53.501198 ], [ 9.993169, 53.501193 ], [ 9.993168, 53.501172 ] ] ] ] } },
{ "type": "Feature", "properties": { "oid": "DEHHALKAJ0000t4j", "gebaeudefunktion": 2463, "dachform": 9999.0, "dach_m2": 67.2, "gruen_m2": 36.2, "anteil": 53.8, "jahrgang": "2024", "quelle": "dachflaechen", "klasse": "gruendach", "herkunft": "modell_bestaetigt", "fehlerkategorie": "junge_vegetation" }, "geometry": { "type": "Polygon", "coordinates": [ [ [ 9.987758, 53.512211 ], [ 9.987748, 53.512102 ], [ 9.987664, 53.512104 ], [ 9.987679, 53.512214 ], [ 9.987758, 53.512211 ] ] ] } },
{ "type": "Feature", "properties": { "oid": "DEHHALKAJ0000tSh", "gebaeudefunktion": 1010, "dachform": 1000.0, "dach_m2": 129.0, "gruen_m2": null, "anteil": null, "jahrgang": "2024", "quelle": "dachflaechen", "klasse": "gruendach", "herkunft": "haendisch_ergaenzt", "fehlerkategorie": "schatten" }, "geometry": { "type": "MultiPolygon", "coordinates": [ [ [ [ 9.99362, 53.508804 ], [ 9.993617, 53.508809 ], [ 9.993626, 53.508817 ], [ 9.993655, 53.508792 ], [ 9.993684, 53.508782 ], [ 9.993753, 53.508775 ], [ 9.993817, 53.50879 ], [ 9.993841, 53.508804 ], [ 9.993865, 53.508826 ], [ 9.993878, 53.508823 ], [ 9.993852, 53.508799 ], [ 9.993824, 53.508783 ], [ 9.993754, 53.508767 ], [ 9.99368, 53.508774 ], [ 9.993647, 53.508787 ], [ 9.99362, 53.508804 ] ] ], [ [ [ 9.993776, 53.508967 ], [ 9.993768, 53.508945 ], [ 9.993776, 53.508944 ], [ 9.993725, 53.508854 ], [ 9.99386, 53.508827 ], [ 9.993813, 53.508792 ], [ 9.993752, 53.508778 ], [ 9.993719, 53.508779 ], [ 9.99366, 53.508795 ], [ 9.993629, 53.50882 ], [ 9.993756, 53.508922 ], [ 9.993733, 53.508931 ], [ 9.993776, 53.508967 ] ] ], [ [ [ 9.993716, 53.50892 ], [ 9.993729, 53.508929 ], [ 9.993748, 53.508921 ], [ 9.993741, 53.508915 ], [ 9.993716, 53.50892 ] ] ] ] } },
{ "type": "Feature", "properties": { "oid": "DEHHALKAJ0000tSy", "gebaeudefunktion": 2150, "dachform": 1000.0, "dach_m2": 1037.1, "gruen_m2": 550.3, "anteil": 53.1, "jahrgang": "2024", "quelle": "dachflaechen", "klasse": "gruendach", "herkunft": "modell_bestaetigt", "fehlerkategorie": "korrekt" }, "geometry": { "type": "MultiPolygon", "coordinates": [ [ [ [ 9.98176, 53.511537 ], [ 9.981698, 53.511407 ], [ 9.981364, 53.511464 ], [ 9.981361, 53.511457 ], [ 9.981261, 53.511474 ], [ 9.981298, 53.511554 ], [ 9.981312, 53.511552 ], [ 9.981349, 53.51163 ], [ 9.981474, 53.511609 ], [ 9.981466, 53.511592 ], [ 9.981496, 53.511587 ], [ 9.981493, 53.51158 ], [ 9.98176, 53.511537 ] ], [ [ 9.981588, 53.511502 ], [ 9.981568, 53.511504 ], [ 9.981566, 53.511499 ], [ 9.981586, 53.511497 ], [ 9.981588, 53.511502 ] ], [ [ 9.981517, 53.511534 ], [ 9.981521, 53.511542 ], [ 9.98151, 53.511544 ], [ 9.981506, 53.511536 ], [ 9.981517, 53.511534 ] ], [ [ 9.98146, 53.511563 ], [ 9.981456, 53.511555 ], [ 9.981479, 53.511551 ], [ 9.981484, 53.511559 ], [ 9.98146, 53.511563 ] ], [ [ 9.98143, 53.511539 ], [ 9.981435, 53.511549 ], [ 9.981418, 53.511552 ], [ 9.981413, 53.511542 ], [ 9.98143, 53.511539 ] ], [ [ 9.981374, 53.51156 ], [ 9.981381, 53.511575 ], [ 9.981367, 53.511577 ], [ 9.98136, 53.511562 ], [ 9.981374, 53.51156 ] ], [ [ 9.981341, 53.511527 ], [ 9.981338, 53.511521 ], [ 9.981361, 53.511517 ], [ 9.981364, 53.511524 ], [ 9.981341, 53.511527 ] ] ], [ [ [ 9.981511, 53.511605 ], [ 9.981477, 53.511612 ], [ 9.981481, 53.511622 ], [ 9.981353, 53.511643 ], [ 9.981489, 53.51193 ], [ 9.981737, 53.511888 ], [ 9.981596, 53.511591 ], [ 9.981511, 53.511605 ] ], [ [ 9.981701, 53.511861 ], [ 9.981704, 53.511868 ], [ 9.9817, 53.511868 ], [ 9.981696, 53.511862 ], [ 9.981701, 53.511861 ] ], [ [ 9.981587, 53.511607 ], [ 9.981575, 53.511609 ], [ 9.981573, 53.511606 ], [ 9.981586, 53.511604 ], [ 9.981587, 53.511607 ] ], [ [ 9.98156, 53.51161 ], [ 9.981568, 53.511626 ], [ 9.981556, 53.511628 ], [ 9.981549, 53.511611 ], [ 9.98156, 53.51161 ] ], [ [ 9.981549, 53.511629 ], [ 9.981538, 53.511631 ], [ 9.98153, 53.511614 ], [ 9.981541, 53.511613 ], [ 9.981549, 53.511629 ] ] ] ] } },
{ "type": "Feature", "properties": { "oid": "DEHHALKAJ0000tYD", "gebaeudefunktion": 2140, "dachform": 1000.0, "dach_m2": 679.5, "gruen_m2": 156.0, "anteil": 23.0, "jahrgang": "2024", "quelle": "dachflaechen", "klasse": "gruendach", "herkunft": "modell_bestaetigt", "fehlerkategorie": "korrekt" }, "geometry": { "type": "MultiPolygon", "coordinates": [ [ [ [ 9.982512, 53.515292 ], [ 9.982644, 53.515295 ], [ 9.982643, 53.515299 ], [ 9.98311, 53.51531 ], [ 9.983117, 53.515205 ], [ 9.982506, 53.51519 ], [ 9.982512, 53.515292 ] ] ], [ [ [ 9.983094, 53.515313 ], [ 9.98297, 53.51531 ], [ 9.982966, 53.515368 ], [ 9.98309, 53.515371 ], [ 9.983094, 53.515313 ] ] ], [ [ [ 9.982961, 53.515339 ], [ 9.982963, 53.51531 ], [ 9.9826, 53.515301 ], [ 9.982597, 53.515361 ], [ 9.982959, 53.51537 ], [ 9.982961, 53.515339 ] ] ] ] } },
{ "type": "Feature", "properties": { "oid": "DEHHALKAJ0000taK", "gebaeudefunktion": 2612, "dachform": 1000.0, "dach_m2": 87.4, "gruen_m2": null, "anteil": null, "jahrgang": "2024", "quelle": "dachflaechen", "klasse": "gruendach", "herkunft": "haendisch_ergaenzt", "fehlerkategorie": "baumueberschirmung" }, "geometry": { "type": "Polygon", "coordinates": [ [ [ 9.988871, 53.510283 ], [ 9.98905, 53.510274 ], [ 9.989041, 53.510208 ], [ 9.988862, 53.510216 ], [ 9.988871, 53.510283 ] ], [ [ 9.98901, 53.510228 ], [ 9.989011, 53.510233 ], [ 9.989002, 53.510233 ], [ 9.989002, 53.510228 ], [ 9.98901, 53.510228 ] ], [ [ 9.988959, 53.510237 ], [ 9.988947, 53.510237 ], [ 9.988947, 53.510232 ], [ 9.988959, 53.510232 ], [ 9.988959, 53.510237 ] ], [ [ 9.988929, 53.510244 ], [ 9.988929, 53.510249 ], [ 9.988921, 53.51025 ], [ 9.98892, 53.510244 ], [ 9.988929, 53.510244 ] ] ] } },
{ "type": "Feature", "properties": { "oid": "DEHHALKAJ0000uK3", "gebaeudefunktion": 2020, "dachform": 9999.0, "dach_m2": 487.4, "gruen_m2": null, "anteil": null, "jahrgang": "2024", "quelle": "dachflaechen", "klasse": "gruendach", "herkunft": "haendisch_ergaenzt", "fehlerkategorie": "schatten" }, "geometry": { "type": "MultiPolygon", "coordinates": [ [ [ [ 9.984172, 53.514001 ], [ 9.984029, 53.514007 ], [ 9.984035, 53.514057 ], [ 9.984012, 53.514058 ], [ 9.984022, 53.514145 ], [ 9.984045, 53.514144 ], [ 9.984052, 53.514194 ], [ 9.98423, 53.514187 ], [ 9.984208, 53.514 ], [ 9.984172, 53.514001 ] ] ], [ [ [ 9.983958, 53.514234 ], [ 9.983982, 53.514235 ], [ 9.983986, 53.514198 ], [ 9.984019, 53.514197 ], [ 9.98401, 53.514051 ], [ 9.983998, 53.514051 ], [ 9.984004, 53.51398 ], [ 9.983897, 53.513976 ], [ 9.983876, 53.514232 ], [ 9.983958, 53.514234 ] ] ] ] } },
{ "type": "Feature", "properties": { "oid": "DEHHALKAJ0000uYq", "gebaeudefunktion": 2444, "dachform": 1000.0, "dach_m2": 304.6, "gruen_m2": 66.2, "anteil": 21.8, "jahrgang": "2024", "quelle": "dachflaechen", "klasse": "gruendach", "herkunft": "modell_bestaetigt", "fehlerkategorie": null }, "geometry": { "type": "Polygon", "coordinates": [ [ [ 9.941498, 53.525515 ], [ 9.941529, 53.525652 ], [ 9.941594, 53.525647 ], [ 9.941562, 53.52551 ], [ 9.941568, 53.525509 ], [ 9.9416, 53.525651 ], [ 9.941888, 53.525628 ], [ 9.941849, 53.525456 ], [ 9.941484, 53.525488 ], [ 9.941491, 53.525516 ], [ 9.941498, 53.525515 ] ], [ [ 9.941754, 53.525493 ], [ 9.94179, 53.525504 ], [ 9.941817, 53.525523 ], [ 9.94183, 53.525546 ], [ 9.941827, 53.52557 ], [ 9.941808, 53.525592 ], [ 9.941777, 53.525608 ], [ 9.941738, 53.525616 ], [ 9.941697, 53.525614 ], [ 9.94166, 53.525603 ], [ 9.941633, 53.525584 ], [ 9.941621, 53.525561 ], [ 9.941624, 53.525536 ], [ 9.941642, 53.525514 ], [ 9.941674, 53.525499 ], [ 9.941713, 53.525491 ], [ 9.941754, 53.525493 ] ] ] } },
{ "type": "Feature", "properties": { "oid": "DEHHALKAJ0000uuH", "gebaeudefunktion": 1110, "dachform": 5000.0, "dach_m2": 474.8, "gruen_m2": null, "anteil": null, "jahrgang": "2024", "quelle": "dachflaechen", "klasse": "gruendach", "herkunft": "haendisch_ergaenzt", "fehlerkategorie": "schatten" }, "geometry": { "type": "Polygon", "coordinates": [ [ [ 9.991536, 53.516654 ], [ 9.991545, 53.516653 ], [ 9.991533, 53.516638 ], [ 9.991434, 53.516653 ], [ 9.991429, 53.51664 ], [ 9.991342, 53.516653 ], [ 9.991348, 53.516667 ], [ 9.991226, 53.516685 ], [ 9.99122, 53.516672 ], [ 9.991133, 53.516685 ], [ 9.991139, 53.516698 ], [ 9.991044, 53.516713 ], [ 9.991049, 53.516723 ], [ 9.991042, 53.516724 ], [ 9.991044, 53.516728 ], [ 9.991053, 53.516727 ], [ 9.991069, 53.516765 ], [ 9.991088, 53.516809 ], [ 9.991079, 53.51681 ], [ 9.991081, 53.516814 ], [ 9.991186, 53.516798 ], [ 9.991182, 53.516789 ], [ 9.991207, 53.516785 ], [ 9.991229, 53.516782 ], [ 9.991233, 53.516791 ], [ 9.991427, 53.516761 ], [ 9.991423, 53.516752 ], [ 9.991471, 53.516745 ], [ 9.991516, 53.516858 ], [ 9.991623, 53.516841 ], [ 9.991575, 53.516739 ], [ 9.991583, 53.516738 ], [ 9.991581, 53.516733 ], [ 9.991571, 53.516735 ], [ 9.991538, 53.51666 ], [ 9.991536, 53.516654 ] ], [ [ 9.991297, 53.516691 ], [ 9.991331, 53.51677 ], [ 9.991324, 53.516771 ], [ 9.991291, 53.516692 ], [ 9.991297, 53.516691 ] ] ] } },
{ "type": "Feature", "properties": { "oid": "DEHHALKAJ0000uxA", "gebaeudefunktion": 1010, "dachform": 2100.0, "dach_m2": 100.7, "gruen_m2": 64.2, "anteil": 63.7, "jahrgang": "2024", "quelle": "dachflaechen", "klasse": "gruendach", "herkunft": "modell_bestaetigt", "fehlerkategorie": "korrekt" }, "geometry": { "type": "MultiPolygon", "coordinates": [ [ [ [ 10.025362, 53.500664 ], [ 10.025128, 53.500714 ], [ 10.025158, 53.500758 ], [ 10.025384, 53.500707 ], [ 10.025362, 53.500664 ] ], [ [ 10.025267, 53.500722 ], [ 10.025254, 53.500725 ], [ 10.025251, 53.50072 ], [ 10.025264, 53.500717 ], [ 10.025267, 53.500722 ] ] ], [ [ [ 10.025106, 53.500762 ], [ 10.025113, 53.500775 ], [ 10.02515, 53.500767 ], [ 10.025126, 53.50072 ], [ 10.025077, 53.50073 ], [ 10.025097, 53.500764 ], [ 10.025106, 53.500762 ] ] ] ] } },
{ "type": "Feature", "properties": { "oid": "DEHHALKAJ0000uzW", "gebaeudefunktion": 1010, "dachform": 2100.0, "dach_m2": 100.5, "gruen_m2": 68.8, "anteil": 68.5, "jahrgang": "2024", "quelle": "dachflaechen", "klasse": "gruendach", "herkunft": "modell_bestaetigt", "fehlerkategorie": "korrekt" }, "geometry": { "type": "Polygon", "coordinates": [ [ [ 10.024941, 53.500932 ], [ 10.025017, 53.500921 ], [ 10.025008, 53.500897 ], [ 10.024931, 53.500908 ], [ 10.02492, 53.500881 ], [ 10.024697, 53.500915 ], [ 10.024716, 53.500959 ], [ 10.024757, 53.500953 ], [ 10.02476, 53.500959 ], [ 10.024941, 53.500932 ] ] ] } },
{ "type": "Feature", "properties": { "oid": "DEHHALKAJ0000v1j", "gebaeudefunktion": 1010, "dachform": 2100.0, "dach_m2": 81.8, "gruen_m2": 66.2, "anteil": 80.8, "jahrgang": "2024", "quelle": "dachflaechen", "klasse": "gruendach", "herkunft": "modell_bestaetigt", "fehlerkategorie": "korrekt" }, "geometry": { "type": "Polygon", "coordinates": [ [ [ 10.024933, 53.500933 ], [ 10.02476, 53.500959 ], [ 10.024782, 53.501008 ], [ 10.024962, 53.500982 ], [ 10.02495, 53.500952 ], [ 10.025026, 53.500941 ], [ 10.025017, 53.500921 ], [ 10.024933, 53.500933 ] ], [ [ 10.024889, 53.500961 ], [ 10.024893, 53.500969 ], [ 10.024883, 53.500971 ], [ 10.024879, 53.500962 ], [ 10.024889, 53.500961 ] ] ] } },
{ "type": "Feature", "properties": { "oid": "DEHHALKAJ0000v3P", "gebaeudefunktion": 1010, "dachform": 2100.0, "dach_m2": 69.5, "gruen_m2": 50.1, "anteil": 72.1, "jahrgang": "2024", "quelle": "dachflaechen", "klasse": "gruendach", "herkunft": "modell_bestaetigt", "fehlerkategorie": "korrekt" }, "geometry": { "type": "Polygon", "coordinates": [ [ [ 10.025387, 53.500712 ], [ 10.025147, 53.500763 ], [ 10.025171, 53.500802 ], [ 10.025349, 53.500766 ], [ 10.025325, 53.500727 ], [ 10.025338, 53.500747 ], [ 10.025408, 53.500732 ], [ 10.025395, 53.50071 ], [ 10.025387, 53.500712 ] ] ] } },
{ "type": "Feature", "properties": { "oid": "DEHHALKAJ0000v3X", "gebaeudefunktion": 2112, "dachform": 1000.0, "dach_m2": 542.8, "gruen_m2": 132.4, "anteil": 24.4, "jahrgang": "2024", "quelle": "dachflaechen", "klasse": "gruendach", "herkunft": "modell_bestaetigt", "fehlerkategorie": "korrekt" }, "geometry": { "type": "MultiPolygon", "coordinates": [ [ [ [ 10.003699, 53.518448 ], [ 10.003779, 53.518182 ], [ 10.003553, 53.518158 ], [ 10.0035, 53.518329 ], [ 10.003573, 53.51834 ], [ 10.003545, 53.51843 ], [ 10.003699, 53.518448 ] ] ], [ [ [ 10.003566, 53.518342 ], [ 10.003356, 53.51832 ], [ 10.00333, 53.518406 ], [ 10.00354, 53.518429 ], [ 10.003566, 53.518342 ] ], [ [ 10.003526, 53.518363 ], [ 10.00353, 53.518351 ], [ 10.003543, 53.518353 ], [ 10.003539, 53.518365 ], [ 10.003526, 53.518363 ] ], [ [ 10.003445, 53.518376 ], [ 10.003406, 53.518372 ], [ 10.00341, 53.518359 ], [ 10.003449, 53.518363 ], [ 10.003445, 53.518376 ] ] ], [ [ [ 10.003393, 53.518419 ], [ 10.003391, 53.518426 ], [ 10.003429, 53.51843 ], [ 10.003432, 53.518423 ], [ 10.003393, 53.518419 ] ] ] ] } },
{ "type": "Feature", "properties": { "oid": "DEHHALKAJ0000v3r", "gebaeudefunktion": 1010, "dachform": 2100.0, "dach_m2": 81.4, "gruen_m2": 62.8, "anteil": 77.2, "jahrgang": "2024", "quelle": "dachflaechen", "klasse": "gruendach", "herkunft": "modell_bestaetigt", "fehlerkategorie": "korrekt" }, "geometry": { "type": "Polygon", "coordinates": [ [ [ 10.024979, 53.500843 ], [ 10.02497, 53.50082 ], [ 10.024716, 53.500861 ], [ 10.024739, 53.500908 ], [ 10.02492, 53.500881 ], [ 10.024908, 53.500853 ], [ 10.024979, 53.500843 ] ] ] } },
{ "type": "Feature", "properties": { "oid": "DEHHALKAJ0000v6G", "gebaeudefunktion": 2150, "dachform": 1000.0, "dach_m2": 24923.6, "gruen_m2": 7797.3, "anteil": 31.3, "jahrgang": "2024", "quelle": "dachflaechen", "klasse": "gruendach", "herkunft": "modell_bestaetigt", "fehlerkategorie": "korrekt" }, "geometry": { "type": "MultiPolygon", "coordinates": [ [ [ [ 10.047451, 53.506311 ], [ 10.048014, 53.506373 ], [ 10.048255, 53.505569 ], [ 10.046871, 53.505423 ], [ 10.04663, 53.506223 ], [ 10.047451, 53.506311 ] ], [ [ 10.048069, 53.506181 ], [ 10.048252, 53.505571 ], [ 10.048012, 53.506371 ], [ 10.048069, 53.506181 ] ], [ [ 10.048081, 53.505625 ], [ 10.048104, 53.505627 ], [ 10.048097, 53.505649 ], [ 10.048074, 53.505647 ], [ 10.048081, 53.505625 ] ], [ [ 10.048056, 53.505786 ], [ 10.048049, 53.505808 ], [ 10.048026, 53.505806 ], [ 10.048033, 53.505784 ], [ 10.048056, 53.505786 ] ], [ [ 10.048007, 53.505945 ], [ 10.048001, 53.505968 ], [ 10.047978, 53.505965 ], [ 10.047984, 53.505943 ], [ 10.048007, 53.505945 ] ], [ [ 10.047929, 53.506124 ], [ 10.047936, 53.506101 ], [ 10.047959, 53.506104 ], [ 10.047953, 53.506126 ], [ 10.047929, 53.506124 ] ], [ [ 10.04792, 53.506233 ], [ 10.047897, 53.506231 ], [ 10.047903, 53.506208 ], [ 10.047927, 53.506211 ], [ 10.04792, 53.506233 ] ], [ [ 10.047771, 53.505592 ], [ 10.047764, 53.505614 ], [ 10.047741, 53.505611 ], [ 10.047748, 53.505589 ], [ 10.047771, 53.505592 ] ], [ [ 10.047692, 53.505771 ], [ 10.047698, 53.505749 ], [ 10.047721, 53.505751 ], [ 10.047715, 53.505774 ], [ 10.047692, 53.505771 ] ], [ [ 10.047645, 53.50593 ], [ 10.047652, 53.505907 ], [ 10.047675, 53.50591 ], [ 10.047668, 53.505932 ], [ 10.047645, 53.50593 ] ], [ [ 10.0476, 53.506089 ], [ 10.047604, 53.506067 ], [ 10.047627, 53.506069 ], [ 10.04762, 53.506091 ], [ 10.0476, 53.506089 ] ], [ [ 10.047566, 53.506195 ], [ 10.047573, 53.506173 ], [ 10.047596, 53.506175 ], [ 10.047589, 53.506197 ], [ 10.047566, 53.506195 ] ], [ [ 10.047523, 53.505566 ], [ 10.047547, 53.505568 ], [ 10.04754, 53.50559 ], [ 10.047517, 53.505588 ], [ 10.047523, 53.505566 ] ], [ [ 10.047493, 53.505749 ], [ 10.04747, 53.505746 ], [ 10.047476, 53.505724 ], [ 10.047499, 53.505727 ], [ 10.047493, 53.505749 ] ], [ [ 10.047452, 53.505886 ], [ 10.047446, 53.505908 ], [ 10.047423, 53.505906 ], [ 10.047429, 53.505883 ], [ 10.047452, 53.505886 ] ], [ [ 10.047399, 53.506068 ], [ 10.047376, 53.506065 ], [ 10.047383, 53.506043 ], [ 10.047406, 53.506046 ], [ 10.047399, 53.506068 ] ], [ [ 10.047374, 53.506152 ], [ 10.047367, 53.506174 ], [ 10.047344, 53.506172 ], [ 10.047351, 53.506149 ], [ 10.047374, 53.506152 ] ], [ [ 10.047365, 53.506259 ], [ 10.047346, 53.506257 ], [ 10.047349, 53.506246 ], [ 10.047368, 53.506248 ], [ 10.047365, 53.506259 ] ], [ [ 10.047248, 53.505535 ], [ 10.047271, 53.505537 ], [ 10.047265, 53.50556 ], [ 10.047242, 53.505557 ], [ 10.047248, 53.505535 ] ], [ [ 10.047224, 53.505697 ], [ 10.047218, 53.50572 ], [ 10.047195, 53.505717 ], [ 10.047201, 53.505695 ], [ 10.047224, 53.505697 ] ], [ [ 10.04718, 53.505857 ], [ 10.047173, 53.505879 ], [ 10.04715, 53.505877 ], [ 10.047157, 53.505854 ], [ 10.04718, 53.505857 ] ], [ [ 10.047134, 53.506016 ], [ 10.047128, 53.506038 ], [ 10.047104, 53.506036 ], [ 10.047111, 53.506013 ], [ 10.047134, 53.506016 ] ], [ [ 10.047104, 53.506122 ], [ 10.047097, 53.506144 ], [ 10.047074, 53.506142 ], [ 10.047081, 53.50612 ], [ 10.047104, 53.506122 ] ], [ [ 10.046979, 53.505506 ], [ 10.047002, 53.505509 ], [ 10.046996, 53.505531 ], [ 10.046972, 53.505529 ], [ 10.046979, 53.505506 ] ], [ [ 10.046956, 53.505668 ], [ 10.046949, 53.50569 ], [ 10.046926, 53.505688 ], [ 10.046933, 53.505665 ], [ 10.046956, 53.505668 ] ], [ [ 10.046908, 53.505828 ], [ 10.046902, 53.50585 ], [ 10.046878, 53.505848 ], [ 10.046885, 53.505825 ], [ 10.046908, 53.505828 ] ], [ [ 10.046854, 53.506009 ], [ 10.046831, 53.506006 ], [ 10.046838, 53.505984 ], [ 10.046861, 53.505987 ], [ 10.046854, 53.506009 ] ], [ [ 10.046823, 53.506115 ], [ 10.0468, 53.506112 ], [ 10.046806, 53.50609 ], [ 10.046829, 53.506093 ], [ 10.046823, 53.506115 ] ], [ [ 10.046675, 53.506174 ], [ 10.046671, 53.506185 ], [ 10.046654, 53.506183 ], [ 10.046658, 53.506172 ], [ 10.046675, 53.506174 ] ] ], [ [ [ 10.045763, 53.505304 ], [ 10.045493, 53.505276 ], [ 10.045252, 53.506076 ], [ 10.045834, 53.50614 ], [ 10.046626, 53.506223 ], [ 10.046866, 53.505422 ], [ 10.045763, 53.505304 ] ], [ [ 10.046695, 53.505477 ], [ 10.046718, 53.505479 ], [ 10.046711, 53.505501 ], [ 10.046688, 53.505499 ], [ 10.046695, 53.505477 ] ], [ [ 10.046671, 53.505638 ], [ 10.046664, 53.505661 ], [ 10.046641, 53.505658 ], [ 10.046648, 53.505636 ], [ 10.046671, 53.505638 ] ], [ [ 10.046621, 53.505798 ], [ 10.046615, 53.50582 ], [ 10.046592, 53.505817 ], [ 10.046598, 53.505795 ], [ 10.046621, 53.505798 ] ], [ [ 10.046574, 53.505957 ], [ 10.046568, 53.505979 ], [ 10.046545, 53.505976 ], [ 10.046551, 53.505954 ], [ 10.046574, 53.505957 ] ], [ [ 10.046536, 53.506084 ], [ 10.046513, 53.506082 ], [ 10.04652, 53.50606 ], [ 10.046543, 53.506062 ], [ 10.046536, 53.506084 ] ], [ [ 10.046392, 53.505444 ], [ 10.046385, 53.505466 ], [ 10.046362, 53.505464 ], [ 10.046369, 53.505441 ], [ 10.046392, 53.505444 ] ], [ [ 10.046314, 53.505623 ], [ 10.046321, 53.5056 ], [ 10.046344, 53.505603 ], [ 10.046338, 53.505625 ], [ 10.046314, 53.505623 ] ], [ [ 10.046266, 53.505782 ], [ 10.046273, 53.50576 ], [ 10.046296, 53.505762 ], [ 10.046289, 53.505784 ], [ 10.046266, 53.505782 ] ], [ [ 10.046219, 53.505941 ], [ 10.046225, 53.505918 ], [ 10.046248, 53.505921 ], [ 10.046242, 53.505943 ], [ 10.046219, 53.505941 ] ], [ [ 10.046187, 53.506047 ], [ 10.046193, 53.506025 ], [ 10.046216, 53.506027 ], [ 10.04621, 53.506049 ], [ 10.046187, 53.506047 ] ], [ [ 10.046167, 53.50542 ], [ 10.04616, 53.505442 ], [ 10.046137, 53.50544 ], [ 10.046144, 53.505417 ], [ 10.046167, 53.50542 ] ], [ [ 10.046112, 53.505601 ], [ 10.046089, 53.505599 ], [ 10.046095, 53.505577 ], [ 10.046119, 53.505579 ], [ 10.046112, 53.505601 ] ], [ [ 10.046064, 53.505761 ], [ 10.046041, 53.505758 ], [ 10.046048, 53.505736 ], [ 10.046071, 53.505738 ], [ 10.046064, 53.505761 ] ], [ [ 10.045993, 53.505917 ], [ 10.046, 53.505895 ], [ 10.046023, 53.505897 ], [ 10.046016, 53.505919 ], [ 10.045993, 53.505917 ] ], [ [ 10.045984, 53.506025 ], [ 10.045961, 53.506023 ], [ 10.045968, 53.506001 ], [ 10.045991, 53.506003 ], [ 10.045984, 53.506025 ] ], [ [ 10.045905, 53.506088 ], [ 10.045958, 53.506094 ], [ 10.045941, 53.506149 ], [ 10.045888, 53.506144 ], [ 10.045905, 53.506088 ] ], [ [ 10.045894, 53.50539 ], [ 10.045887, 53.505413 ], [ 10.045864, 53.50541 ], [ 10.045871, 53.505388 ], [ 10.045894, 53.50539 ] ], [ [ 10.045824, 53.505547 ], [ 10.045847, 53.50555 ], [ 10.04584, 53.505572 ], [ 10.045817, 53.505569 ], [ 10.045824, 53.505547 ] ], [ [ 10.045798, 53.505709 ], [ 10.045793, 53.505732 ], [ 10.04577, 53.50573 ], [ 10.045777, 53.505707 ], [ 10.045798, 53.505709 ] ], [ [ 10.045721, 53.505888 ], [ 10.045728, 53.505865 ], [ 10.045751, 53.505868 ], [ 10.045744, 53.50589 ], [ 10.045721, 53.505888 ] ], [ [ 10.04569, 53.505994 ], [ 10.045696, 53.505972 ], [ 10.045719, 53.505974 ], [ 10.045713, 53.505997 ], [ 10.04569, 53.505994 ] ], [ [ 10.045618, 53.505361 ], [ 10.045612, 53.505383 ], [ 10.045588, 53.505381 ], [ 10.045595, 53.505358 ], [ 10.045618, 53.505361 ] ], [ [ 10.045564, 53.505543 ], [ 10.045541, 53.50554 ], [ 10.045548, 53.505518 ], [ 10.045571, 53.50552 ], [ 10.045564, 53.505543 ] ], [ [ 10.045517, 53.505702 ], [ 10.045494, 53.5057 ], [ 10.045501, 53.505678 ], [ 10.045524, 53.50568 ], [ 10.045517, 53.505702 ] ], [ [ 10.045446, 53.505859 ], [ 10.045453, 53.505837 ], [ 10.045476, 53.505839 ], [ 10.04547, 53.505861 ], [ 10.045446, 53.505859 ] ], [ [ 10.045413, 53.505965 ], [ 10.04542, 53.505943 ], [ 10.045443, 53.505945 ], [ 10.045436, 53.505967 ], [ 10.045413, 53.505965 ] ], [ [ 10.045386, 53.506077 ], [ 10.045387, 53.506073 ], [ 10.045401, 53.506074 ], [ 10.0454, 53.506078 ], [ 10.045386, 53.506077 ] ], [ [ 10.045365, 53.506074 ], [ 10.045366, 53.506071 ], [ 10.045381, 53.506073 ], [ 10.04538, 53.506076 ], [ 10.045365, 53.506074 ] ] ], [ [ [ 10.044155, 53.505958 ], [ 10.045246, 53.506075 ], [ 10.045487, 53.505275 ], [ 10.044105, 53.505125 ], [ 10.043863, 53.505929 ], [ 10.044155, 53.505958 ] ], [ [ 10.045314, 53.505329 ], [ 10.045337, 53.505331 ], [ 10.04533, 53.505354 ], [ 10.045307, 53.505351 ], [ 10.045314, 53.505329 ] ], [ [ 10.04529, 53.505491 ], [ 10.045283, 53.505513 ], [ 10.04526, 53.505511 ], [ 10.045267, 53.505488 ], [ 10.04529, 53.505491 ] ], [ [ 10.045242, 53.50565 ], [ 10.045236, 53.505672 ], [ 10.045213, 53.50567 ], [ 10.045219, 53.505647 ], [ 10.045242, 53.50565 ] ], [ [ 10.045235, 53.506068 ], [ 10.045237, 53.506062 ], [ 10.045241, 53.506063 ], [ 10.04524, 53.506069 ], [ 10.045235, 53.506068 ] ], [ [ 10.045215, 53.506061 ], [ 10.045226, 53.506063 ], [ 10.045224, 53.506069 ], [ 10.045213, 53.506068 ], [ 10.045215, 53.506061 ] ], [ [ 10.045195, 53.505809 ], [ 10.045188, 53.505832 ], [ 10.045165, 53.505829 ], [ 10.045172, 53.505807 ], [ 10.045195, 53.505809 ] ], [ [ 10.045164, 53.505915 ], [ 10.045157, 53.505937 ], [ 10.045134, 53.505935 ], [ 10.045141, 53.505913 ], [ 10.045164, 53.505915 ] ], [ [ 10.044999, 53.505295 ], [ 10.045022, 53.505298 ], [ 10.045015, 53.50532 ], [ 10.044992, 53.505318 ], [ 10.044999, 53.505295 ] ], [ [ 10.044944, 53.505477 ], [ 10.044951, 53.505454 ], [ 10.044974, 53.505457 ], [ 10.044967, 53.505479 ], [ 10.044944, 53.505477 ] ], [ [ 10.044896, 53.505636 ], [ 10.044903, 53.505613 ], [ 10.044926, 53.505616 ], [ 10.044919, 53.505638 ], [ 10.044896, 53.505636 ] ], [ [ 10.044872, 53.505798 ], [ 10.044849, 53.505795 ], [ 10.044856, 53.505773 ], [ 10.044879, 53.505775 ], [ 10.044872, 53.505798 ] ], [ [ 10.044816, 53.505901 ], [ 10.044823, 53.505879 ], [ 10.044846, 53.505881 ], [ 10.044839, 53.505903 ], [ 10.044816, 53.505901 ] ], [ [ 10.044769, 53.505271 ], [ 10.044792, 53.505273 ], [ 10.044785, 53.505295 ], [ 10.044762, 53.505293 ], [ 10.044769, 53.505271 ] ], [ [ 10.04472, 53.50543 ], [ 10.044743, 53.505432 ], [ 10.044737, 53.505454 ], [ 10.044714, 53.505452 ], [ 10.04472, 53.50543 ] ], [ [ 10.044696, 53.505592 ], [ 10.04469, 53.505614 ], [ 10.044667, 53.505612 ], [ 10.044673, 53.505589 ], [ 10.044696, 53.505592 ] ], [ [ 10.044641, 53.505773 ], [ 10.044618, 53.50577 ], [ 10.044625, 53.505748 ], [ 10.044648, 53.50575 ], [ 10.044641, 53.505773 ] ], [ [ 10.044616, 53.505857 ], [ 10.044609, 53.505879 ], [ 10.044586, 53.505877 ], [ 10.044593, 53.505855 ], [ 10.044616, 53.505857 ] ], [ [ 10.044605, 53.505964 ], [ 10.044587, 53.505963 ], [ 10.04459, 53.505952 ], [ 10.044608, 53.505954 ], [ 10.044605, 53.505964 ] ], [ [ 10.044492, 53.505242 ], [ 10.044515, 53.505244 ], [ 10.044508, 53.505266 ], [ 10.044485, 53.505264 ], [ 10.044492, 53.505242 ] ], [ [ 10.044466, 53.505403 ], [ 10.04446, 53.505425 ], [ 10.044437, 53.505423 ], [ 10.044443, 53.5054 ], [ 10.044466, 53.505403 ] ], [ [ 10.044418, 53.505562 ], [ 10.044412, 53.505584 ], [ 10.044389, 53.505582 ], [ 10.044395, 53.50556 ], [ 10.044418, 53.505562 ] ], [ [ 10.044372, 53.505721 ], [ 10.044365, 53.505744 ], [ 10.044342, 53.505741 ], [ 10.044348, 53.505719 ], [ 10.044372, 53.505721 ] ], [ [ 10.044333, 53.505849 ], [ 10.04431, 53.505847 ], [ 10.044317, 53.505825 ], [ 10.04434, 53.505827 ], [ 10.044333, 53.505849 ] ], [ [ 10.044228, 53.505213 ], [ 10.044251, 53.505215 ], [ 10.044244, 53.505238 ], [ 10.044221, 53.505235 ], [ 10.044228, 53.505213 ] ], [ [ 10.044204, 53.505375 ], [ 10.044197, 53.505397 ], [ 10.044174, 53.505394 ], [ 10.044181, 53.505372 ], [ 10.044204, 53.505375 ] ], [ [ 10.044127, 53.505554 ], [ 10.044134, 53.505531 ], [ 10.044157, 53.505534 ], [ 10.04415, 53.505556 ], [ 10.044127, 53.505554 ] ], [ [ 10.043866, 53.505927 ], [ 10.044107, 53.505127 ], [ 10.043923, 53.505738 ], [ 10.043866, 53.505927 ] ], [ [ 10.04408, 53.505713 ], [ 10.044086, 53.505691 ], [ 10.044109, 53.505693 ], [ 10.044103, 53.505715 ], [ 10.04408, 53.505713 ] ], [ [ 10.044071, 53.505821 ], [ 10.044048, 53.505819 ], [ 10.044054, 53.505797 ], [ 10.044078, 53.505799 ], [ 10.044071, 53.505821 ] ], [ [ 10.043897, 53.505889 ], [ 10.0439, 53.505878 ], [ 10.043918, 53.50588 ], [ 10.043914, 53.50589 ], [ 10.043897, 53.505889 ] ] ] ] } },
{ "type": "Feature", "properties": { "oid": "DEHHALKAJ0000vIc", "gebaeudefunktion": 1010, "dachform": 2100.0, "dach_m2": 87.6, "gruen_m2": 65.8, "anteil": 75.1, "jahrgang": "2024", "quelle": "dachflaechen", "klasse": "gruendach", "herkunft": "modell_bestaetigt", "fehlerkategorie": "korrekt" }, "geometry": { "type": "MultiPolygon", "coordinates": [ [ [ [ 10.024889, 53.50083 ], [ 10.024962, 53.500817 ], [ 10.024944, 53.500772 ], [ 10.024704, 53.50081 ], [ 10.024727, 53.500855 ], [ 10.024889, 53.50083 ] ], [ [ 10.024842, 53.500826 ], [ 10.024828, 53.500827 ], [ 10.024826, 53.500822 ], [ 10.024841, 53.50082 ], [ 10.024842, 53.500826 ] ] ], [ [ [ 10.024675, 53.500858 ], [ 10.024681, 53.500871 ], [ 10.024719, 53.500865 ], [ 10.024716, 53.500861 ], [ 10.024722, 53.50086 ], [ 10.024718, 53.500851 ], [ 10.024675, 53.500858 ] ] ] ] } },
{ "type": "Feature", "properties": { "oid": "DEHHALKAJ0000vKJ", "gebaeudefunktion": 2112, "dachform": 1000.0, "dach_m2": 2912.3, "gruen_m2": 670.2, "anteil": 23.0, "jahrgang": "2024", "quelle": "dachflaechen", "klasse": "gruendach", "herkunft": "modell_bestaetigt", "fehlerkategorie": "korrekt" }, "geometry": { "type": "MultiPolygon", "coordinates": [ [ [ [ 9.999871, 53.518308 ], [ 9.99973, 53.518291 ], [ 9.999588, 53.518717 ], [ 9.999729, 53.518733 ], [ 9.999791, 53.518546 ], [ 9.999811, 53.518549 ], [ 9.999828, 53.518496 ], [ 9.999809, 53.518494 ], [ 9.999871, 53.518308 ] ], [ [ 9.999764, 53.518507 ], [ 9.999769, 53.518493 ], [ 9.999791, 53.518496 ], [ 9.999786, 53.518509 ], [ 9.999764, 53.518507 ] ] ], [ [ [ 9.999697, 53.518363 ], [ 9.999722, 53.51829 ], [ 9.998923, 53.518195 ], [ 9.998781, 53.518622 ], [ 9.99958, 53.518716 ], [ 9.999697, 53.518363 ] ], [ [ 9.999693, 53.518317 ], [ 9.999696, 53.518308 ], [ 9.99971, 53.51831 ], [ 9.999707, 53.518319 ], [ 9.999693, 53.518317 ] ], [ [ 9.999657, 53.518456 ], [ 9.999645, 53.518454 ], [ 9.999649, 53.518445 ], [ 9.999663, 53.518447 ], [ 9.999657, 53.518456 ] ], [ [ 9.999645, 53.51849 ], [ 9.999597, 53.518484 ], [ 9.9996, 53.518476 ], [ 9.999648, 53.518482 ], [ 9.999645, 53.51849 ] ], [ [ 9.999585, 53.518499 ], [ 9.999588, 53.518491 ], [ 9.999643, 53.518498 ], [ 9.99964, 53.518506 ], [ 9.999585, 53.518499 ] ], [ [ 9.999573, 53.518516 ], [ 9.999576, 53.518508 ], [ 9.999637, 53.518515 ], [ 9.999634, 53.518523 ], [ 9.999573, 53.518516 ] ], [ [ 9.999613, 53.518345 ], [ 9.999607, 53.518364 ], [ 9.998984, 53.51829 ], [ 9.998992, 53.518266 ], [ 9.999615, 53.51834 ], [ 9.999613, 53.518345 ] ], [ [ 9.999561, 53.518504 ], [ 9.998938, 53.518431 ], [ 9.998946, 53.518407 ], [ 9.999569, 53.51848 ], [ 9.999561, 53.518504 ] ], [ [ 9.9989, 53.518548 ], [ 9.999522, 53.518621 ], [ 9.999514, 53.518645 ], [ 9.998892, 53.518571 ], [ 9.9989, 53.518548 ] ], [ [ 9.999221, 53.518418 ], [ 9.999272, 53.518425 ], [ 9.999269, 53.518434 ], [ 9.999168, 53.518424 ], [ 9.999172, 53.518412 ], [ 9.999221, 53.518418 ] ] ], [ [ [ 9.999581, 53.518721 ], [ 9.998992, 53.518649 ], [ 9.998976, 53.518694 ], [ 9.999566, 53.518767 ], [ 9.999581, 53.518721 ] ], [ [ 9.999421, 53.518723 ], [ 9.999425, 53.51871 ], [ 9.999463, 53.518714 ], [ 9.999458, 53.518728 ], [ 9.999421, 53.518723 ] ], [ [ 9.999244, 53.518702 ], [ 9.999248, 53.518688 ], [ 9.999286, 53.518692 ], [ 9.999281, 53.518707 ], [ 9.999244, 53.518702 ] ], [ [ 9.999066, 53.518681 ], [ 9.99907, 53.518667 ], [ 9.999108, 53.518671 ], [ 9.999103, 53.518685 ], [ 9.999066, 53.518681 ] ] ] ] } },
{ "type": "Feature", "properties": { "oid": "DEHHALKAJ0000vPs", "gebaeudefunktion": 2130, "dachform": 1000.0, "dach_m2": 690.4, "gruen_m2": null, "anteil": null, "jahrgang": "2024", "quelle": "dachflaechen", "klasse": "gruendach", "herkunft": "haendisch_ergaenzt", "fehlerkategorie": null }, "geometry": { "type": "MultiPolygon", "coordinates": [ [ [ [ 10.022592, 53.518695 ], [ 10.022576, 53.518682 ], [ 10.022127, 53.518627 ], [ 10.022102, 53.518637 ], [ 10.022048, 53.518789 ], [ 10.022079, 53.518793 ], [ 10.022081, 53.518788 ], [ 10.022261, 53.51881 ], [ 10.022254, 53.518829 ], [ 10.022515, 53.518861 ], [ 10.022522, 53.518858 ], [ 10.022645, 53.518872 ], [ 10.022681, 53.518773 ], [ 10.022667, 53.518761 ], [ 10.022572, 53.51875 ], [ 10.022592, 53.518695 ] ], [ [ 10.022592, 53.518784 ], [ 10.022589, 53.518793 ], [ 10.022574, 53.518791 ], [ 10.022577, 53.518782 ], [ 10.022592, 53.518784 ] ], [ [ 10.022564, 53.518821 ], [ 10.02258, 53.518823 ], [ 10.022576, 53.518831 ], [ 10.022561, 53.518829 ], [ 10.022564, 53.518821 ] ], [ [ 10.022476, 53.518708 ], [ 10.022371, 53.518696 ], [ 10.022373, 53.51869 ], [ 10.022388, 53.518691 ], [ 10.022397, 53.518676 ], [ 10.022406, 53.518677 ], [ 10.022403, 53.518687 ], [ 10.022428, 53.51869 ], [ 10.022431, 53.51868 ], [ 10.022442, 53.518681 ], [ 10.022439, 53.51869 ], [ 10.022494, 53.518696 ], [ 10.022503, 53.518704 ], [ 10.022495, 53.518727 ], [ 10.022471, 53.518724 ], [ 10.022476, 53.518708 ] ], [ [ 10.022498, 53.518759 ], [ 10.022495, 53.518768 ], [ 10.022477, 53.518766 ], [ 10.02248, 53.518757 ], [ 10.022498, 53.518759 ] ], [ [ 10.022362, 53.518712 ], [ 10.022495, 53.518727 ], [ 10.02249, 53.51874 ], [ 10.022358, 53.518724 ], [ 10.022362, 53.518712 ] ], [ [ 10.022492, 53.518741 ], [ 10.022494, 53.518752 ], [ 10.022465, 53.518753 ], [ 10.02237, 53.518741 ], [ 10.022375, 53.518729 ], [ 10.022469, 53.518742 ], [ 10.022492, 53.518741 ] ], [ [ 10.022385, 53.518698 ], [ 10.022382, 53.518706 ], [ 10.022366, 53.518704 ], [ 10.022368, 53.518696 ], [ 10.022385, 53.518698 ] ], [ [ 10.022369, 53.518742 ], [ 10.022365, 53.518753 ], [ 10.022349, 53.518751 ], [ 10.022353, 53.51874 ], [ 10.022369, 53.518742 ] ] ], [ [ [ 10.022383, 53.518647 ], [ 10.022349, 53.518642 ], [ 10.022346, 53.51865 ], [ 10.02238, 53.518655 ], [ 10.022383, 53.518647 ] ] ] ] } },
{ "type": "Feature", "properties": { "oid": "DEHHALKAJ0000vQO", "gebaeudefunktion": 1010, "dachform": 3100.0, "dach_m2": 131.5, "gruen_m2": 58.7, "anteil": 44.7, "jahrgang": "2024", "quelle": "dachflaechen", "klasse": "gruendach", "herkunft": "modell_bestaetigt", "fehlerkategorie": "korrekt" }, "geometry": { "type": "Polygon", "coordinates": [ [ [ 10.011384, 53.490946 ], [ 10.011484, 53.490895 ], [ 10.011376, 53.49082 ], [ 10.011222, 53.490899 ], [ 10.011259, 53.490924 ], [ 10.011227, 53.49094 ], [ 10.011265, 53.490966 ], [ 10.011318, 53.490939 ], [ 10.011314, 53.490935 ], [ 10.011339, 53.490922 ], [ 10.011377, 53.490903 ], [ 10.011345, 53.490919 ], [ 10.011384, 53.490946 ] ], [ [ 10.011341, 53.490916 ], [ 10.011293, 53.490882 ], [ 10.011306, 53.490876 ], [ 10.011354, 53.490909 ], [ 10.011341, 53.490916 ] ], [ [ 10.011316, 53.490881 ], [ 10.011329, 53.490874 ], [ 10.011346, 53.490886 ], [ 10.011333, 53.490893 ], [ 10.011316, 53.490881 ] ], [ [ 10.011292, 53.490901 ], [ 10.011284, 53.490895 ], [ 10.011293, 53.490891 ], [ 10.011302, 53.490896 ], [ 10.011292, 53.490901 ] ], [ [ 10.011251, 53.490902 ], [ 10.011266, 53.490894 ], [ 10.011275, 53.490901 ], [ 10.011261, 53.490908 ], [ 10.011251, 53.490902 ] ] ] } },
{ "type": "Feature", "properties": { "oid": "DEHHALKAJ0000vSc", "gebaeudefunktion": 1010, "dachform": 2100.0, "dach_m2": 81.1, "gruen_m2": 63.2, "anteil": 77.9, "jahrgang": "2024", "quelle": "dachflaechen", "klasse": "gruendach", "herkunft": "modell_bestaetigt", "fehlerkategorie": "korrekt" }, "geometry": { "type": "Polygon", "coordinates": [ [ [ 10.024955, 53.501032 ], [ 10.024957, 53.501036 ], [ 10.025038, 53.501024 ], [ 10.025028, 53.501001 ], [ 10.024954, 53.501013 ], [ 10.024942, 53.500985 ], [ 10.024759, 53.501011 ], [ 10.024781, 53.501061 ], [ 10.024955, 53.501032 ] ] ] } },
{ "type": "Feature", "properties": { "oid": "DEHHALKAJ0000vbH", "gebaeudefunktion": 2463, "dachform": 1000.0, "dach_m2": 32.3, "gruen_m2": 25.6, "anteil": 79.2, "jahrgang": "2024", "quelle": "dachflaechen", "klasse": "gruendach", "herkunft": "modell_bestaetigt", "fehlerkategorie": "korrekt" }, "geometry": { "type": "Polygon", "coordinates": [ [ [ 10.019044, 53.48881 ], [ 10.01906, 53.488862 ], [ 10.019141, 53.488854 ], [ 10.019126, 53.488801 ], [ 10.019044, 53.48881 ] ] ] } },
{ "type": "Feature", "properties": { "oid": "DEHHALKAJ0000vdN", "gebaeudefunktion": 2463, "dachform": 1000.0, "dach_m2": 51.5, "gruen_m2": 31.6, "anteil": 61.4, "jahrgang": "2024", "quelle": "dachflaechen", "klasse": "gruendach", "herkunft": "modell_bestaetigt", "fehlerkategorie": "korrekt" }, "geometry": { "type": "Polygon", "coordinates": [ [ [ 10.015777, 53.490098 ], [ 10.015756, 53.490119 ], [ 10.015723, 53.490128 ], [ 10.015733, 53.490142 ], [ 10.015728, 53.490143 ], [ 10.015764, 53.490182 ], [ 10.015844, 53.490161 ], [ 10.015814, 53.49012 ], [ 10.015842, 53.490158 ], [ 10.015847, 53.490157 ], [ 10.015849, 53.490142 ], [ 10.015811, 53.490089 ], [ 10.015777, 53.490098 ] ] ] } },
{ "type": "Feature", "properties": { "oid": "DEHHALKAJ0000vvU", "gebaeudefunktion": 2726, "dachform": 1000.0, "dach_m2": 111.3, "gruen_m2": null, "anteil": null, "jahrgang": "2024", "quelle": "dachflaechen", "klasse": "gruendach", "herkunft": "haendisch_ergaenzt", "fehlerkategorie": "schatten" }, "geometry": { "type": "Polygon", "coordinates": [ [ [ 10.012867, 53.483072 ], [ 10.01276, 53.483103 ], [ 10.012739, 53.483123 ], [ 10.012771, 53.483169 ], [ 10.012912, 53.483134 ], [ 10.012898, 53.483115 ], [ 10.012916, 53.483139 ], [ 10.012985, 53.483121 ], [ 10.012936, 53.483054 ], [ 10.012867, 53.483072 ] ] ] } },
{ "type": "Feature", "properties": { "oid": "DEHHALKAJ0000vwV", "gebaeudefunktion": 2112, "dachform": 1000.0, "dach_m2": 68.6, "gruen_m2": 60.2, "anteil": 87.7, "jahrgang": "2024", "quelle": "dachflaechen", "klasse": "gruendach", "herkunft": "modell_ungeprueft", "fehlerkategorie": null }, "geometry": { "type": "Polygon", "coordinates": [ [ [ 10.046278, 53.508163 ], [ 10.046351, 53.50817 ], [ 10.046359, 53.508142 ], [ 10.046298, 53.508135 ], [ 10.046365, 53.508142 ], [ 10.04639, 53.508059 ], [ 10.046307, 53.50805 ], [ 10.046278, 53.508163 ] ] ] } },
{ "type": "Feature", "properties": { "oid": "DEHHALKAJ0000w70", "gebaeudefunktion": 2463, "dachform": 1000.0, "dach_m2": 43.1, "gruen_m2": null, "anteil": null, "jahrgang": "2024", "quelle": "dachflaechen", "klasse": "gruendach", "herkunft": "haendisch_ergaenzt", "fehlerkategorie": "junge_vegetation" }, "geometry": { "type": "Polygon", "coordinates": [ [ [ 10.015885, 53.493714 ], [ 10.015939, 53.49376 ], [ 10.016024, 53.493725 ], [ 10.015969, 53.493679 ], [ 10.015885, 53.493714 ] ] ] } },
{ "type": "Feature", "properties": { "oid": "DEHHALKAJ0000w8m", "gebaeudefunktion": 2463, "dachform": 1000.0, "dach_m2": 123.7, "gruen_m2": null, "anteil": null, "jahrgang": "2024", "quelle": "dachflaechen", "klasse": "gruendach", "herkunft": "haendisch_ergaenzt", "fehlerkategorie": "schatten" }, "geometry": { "type": "Polygon", "coordinates": [ [ [ 10.008417, 53.49563 ], [ 10.008422, 53.495679 ], [ 10.008766, 53.495664 ], [ 10.008761, 53.495615 ], [ 10.008417, 53.49563 ] ] ] } },
{ "type": "Feature", "properties": { "oid": "DEHHALKAJ0000wIg", "gebaeudefunktion": 2463, "dachform": 1000.0, "dach_m2": 65.8, "gruen_m2": 23.8, "anteil": 36.1, "jahrgang": "2024", "quelle": "dachflaechen", "klasse": "gruendach", "herkunft": "modell_bestaetigt", "fehlerkategorie": "korrekt" }, "geometry": { "type": "MultiPolygon", "coordinates": [ [ [ [ 10.016824, 53.493652 ], [ 10.016745, 53.49358 ], [ 10.016699, 53.493598 ], [ 10.016768, 53.49366 ], [ 10.016824, 53.493652 ] ] ], [ [ [ 10.01674, 53.493636 ], [ 10.0167, 53.493601 ], [ 10.016615, 53.493639 ], [ 10.016655, 53.493674 ], [ 10.01674, 53.493636 ] ] ] ] } },
{ "type": "Feature", "properties": { "oid": "DEHHALKAJ0000wU0", "gebaeudefunktion": 2463, "dachform": 1000.0, "dach_m2": 25.3, "gruen_m2": 25.1, "anteil": 99.1, "jahrgang": "2024", "quelle": "dachflaechen", "klasse": "gruendach", "herkunft": "modell_bestaetigt", "fehlerkategorie": "korrekt" }, "geometry": { "type": "Polygon", "coordinates": [ [ [ 9.995277, 53.509575 ], [ 9.99535, 53.509572 ], [ 9.995344, 53.509525 ], [ 9.99527, 53.509529 ], [ 9.995277, 53.509575 ] ] ] } },
{ "type": "Feature", "properties": { "oid": "DEHHALKAJ0000wUA", "gebaeudefunktion": 2463, "dachform": 1000.0, "dach_m2": 25.4, "gruen_m2": 25.4, "anteil": 100.0, "jahrgang": "2024", "quelle": "dachflaechen", "klasse": "gruendach", "herkunft": "modell_bestaetigt", "fehlerkategorie": "korrekt" }, "geometry": { "type": "Polygon", "coordinates": [ [ [ 9.995743, 53.509227 ], [ 9.995669, 53.50923 ], [ 9.995676, 53.509277 ], [ 9.99575, 53.509273 ], [ 9.995743, 53.509227 ] ] ] } },
{ "type": "Feature", "properties": { "oid": "DEHHALKAJ0000wUu", "gebaeudefunktion": 1010, "dachform": 3100.0, "dach_m2": 179.3, "gruen_m2": null, "anteil": null, "jahrgang": "2024", "quelle": "dachflaechen", "klasse": "gruendach", "herkunft": "haendisch_ergaenzt", "fehlerkategorie": "schatten" }, "geometry": { "type": "Polygon", "coordinates": [ [ [ 10.022167, 53.498003 ], [ 10.022207, 53.49799 ], [ 10.022316, 53.497955 ], [ 10.022251, 53.497883 ], [ 10.022123, 53.497924 ], [ 10.022118, 53.497937 ], [ 10.0221, 53.497931 ], [ 10.022029, 53.497954 ], [ 10.022185, 53.498128 ], [ 10.022193, 53.498125 ], [ 10.022171, 53.498101 ], [ 10.022276, 53.498067 ], [ 10.022229, 53.498015 ], [ 10.022192, 53.498027 ], [ 10.022167, 53.498003 ] ], [ [ 10.02213, 53.498015 ], [ 10.022159, 53.498005 ], [ 10.022167, 53.498003 ], [ 10.02213, 53.498015 ] ], [ [ 10.022256, 53.497924 ], [ 10.022222, 53.497935 ], [ 10.022197, 53.497907 ], [ 10.022231, 53.497896 ], [ 10.022256, 53.497924 ] ], [ [ 10.022178, 53.497959 ], [ 10.022222, 53.497948 ], [ 10.022228, 53.497954 ], [ 10.022219, 53.497957 ], [ 10.022238, 53.497978 ], [ 10.022206, 53.497988 ], [ 10.022178, 53.497959 ] ], [ [ 10.022166, 53.497953 ], [ 10.02214, 53.497925 ], [ 10.022171, 53.497915 ], [ 10.022198, 53.497943 ], [ 10.022166, 53.497953 ] ], [ [ 10.022103, 53.497984 ], [ 10.022138, 53.497982 ], [ 10.022157, 53.498003 ], [ 10.022102, 53.498021 ], [ 10.022082, 53.498 ], [ 10.022103, 53.497984 ] ], [ [ 10.022057, 53.497957 ], [ 10.022088, 53.497947 ], [ 10.022109, 53.497969 ], [ 10.022077, 53.497979 ], [ 10.022057, 53.497957 ] ], [ [ 10.022085, 53.497981 ], [ 10.022096, 53.497977 ], [ 10.022101, 53.497983 ], [ 10.02209, 53.497986 ], [ 10.022085, 53.497981 ] ] ] } },
{ "type": "Feature", "properties": { "oid": "DEHHALKAJ0000wVd", "gebaeudefunktion": 2463, "dachform": 1000.0, "dach_m2": 25.5, "gruen_m2": 25.4, "anteil": 99.7, "jahrgang": "2024", "quelle": "dachflaechen", "klasse": "gruendach", "herkunft": "modell_bestaetigt", "fehlerkategorie": "korrekt" }, "geometry": { "type": "Polygon", "coordinates": [ [ [ 9.99601, 53.509539 ], [ 9.996003, 53.509493 ], [ 9.99593, 53.509496 ], [ 9.995937, 53.509543 ], [ 9.99601, 53.509539 ] ] ] } },
{ "type": "Feature", "properties": { "oid": "DEHHALKAJ0000wX0", "gebaeudefunktion": 2463, "dachform": 1000.0, "dach_m2": 25.7, "gruen_m2": 25.6, "anteil": 99.9, "jahrgang": "2024", "quelle": "dachflaechen", "klasse": "gruendach", "herkunft": "modell_bestaetigt", "fehlerkategorie": "korrekt" }, "geometry": { "type": "Polygon", "coordinates": [ [ [ 9.995637, 53.509 ], [ 9.995711, 53.508997 ], [ 9.995704, 53.50895 ], [ 9.995631, 53.508954 ], [ 9.995637, 53.509 ] ] ] } },
{ "type": "Feature", "properties": { "oid": "DEHHALKAJ0000wdE", "gebaeudefunktion": 1010, "dachform": 2100.0, "dach_m2": 66.5, "gruen_m2": 52.2, "anteil": 78.4, "jahrgang": "2024", "quelle": "dachflaechen", "klasse": "gruendach", "herkunft": "modell_bestaetigt", "fehlerkategorie": "korrekt" }, "geometry": { "type": "Polygon", "coordinates": [ [ [ 10.025825, 53.500685 ], [ 10.02565, 53.500708 ], [ 10.025665, 53.500747 ], [ 10.025922, 53.500711 ], [ 10.025914, 53.50069 ], [ 10.02584, 53.5007 ], [ 10.025833, 53.500683 ], [ 10.025825, 53.500685 ] ] ] } },
{ "type": "Feature", "properties": { "oid": "DEHHALKAJ0000wgL", "gebaeudefunktion": 2463, "dachform": 1000.0, "dach_m2": 24.3, "gruen_m2": 24.2, "anteil": 99.5, "jahrgang": "2024", "quelle": "dachflaechen", "klasse": "gruendach", "herkunft": "modell_bestaetigt", "fehlerkategorie": "korrekt" }, "geometry": { "type": "Polygon", "coordinates": [ [ [ 9.994657, 53.508978 ], [ 9.994632, 53.508936 ], [ 9.994563, 53.50895 ], [ 9.994587, 53.508993 ], [ 9.994657, 53.508978 ] ] ] } },
{ "type": "Feature", "properties": { "oid": "DEHHALKAJ0000wib", "gebaeudefunktion": 2463, "dachform": 1000.0, "dach_m2": 24.4, "gruen_m2": 24.3, "anteil": 99.4, "jahrgang": "2024", "quelle": "dachflaechen", "klasse": "gruendach", "herkunft": "modell_bestaetigt", "fehlerkategorie": "korrekt" }, "geometry": { "type": "Polygon", "coordinates": [ [ [ 9.994513, 53.508865 ], [ 9.994582, 53.508851 ], [ 9.994558, 53.508809 ], [ 9.994488, 53.508823 ], [ 9.994513, 53.508865 ] ] ] } },
{ "type": "Feature", "properties": { "oid": "DEHHALKAJ0000wjW", "gebaeudefunktion": 1010, "dachform": 1000.0, "dach_m2": 155.1, "gruen_m2": null, "anteil": null, "jahrgang": "2024", "quelle": "dachflaechen", "klasse": "gruendach", "herkunft": "haendisch_ergaenzt", "fehlerkategorie": "korrekt" }, "geometry": { "type": "Polygon", "coordinates": [ [ [ 10.021245, 53.501493 ], [ 10.021275, 53.501493 ], [ 10.021274, 53.501526 ], [ 10.021411, 53.501527 ], [ 10.021414, 53.501395 ], [ 10.021247, 53.501394 ], [ 10.021245, 53.501493 ] ] ] } },
{ "type": "Feature", "properties": { "oid": "DEHHALKAJ0000wkY", "gebaeudefunktion": 1010, "dachform": 2100.0, "dach_m2": 102.2, "gruen_m2": 58.6, "anteil": 57.3, "jahrgang": "2024", "quelle": "dachflaechen", "klasse": "gruendach", "herkunft": "modell_bestaetigt", "fehlerkategorie": "korrekt" }, "geometry": { "type": "Polygon", "coordinates": [ [ [ 10.026012, 53.500931 ], [ 10.025707, 53.500977 ], [ 10.025744, 53.501057 ], [ 10.025789, 53.50105 ], [ 10.025772, 53.501011 ], [ 10.025955, 53.500984 ], [ 10.025946, 53.500963 ], [ 10.026021, 53.500952 ], [ 10.026012, 53.500931 ] ] ] } },
{ "type": "Feature", "properties": { "oid": "DEHHALKAJ0000wmW", "gebaeudefunktion": 1010, "dachform": 9999.0, "dach_m2": 73.7, "gruen_m2": 57.4, "anteil": 77.9, "jahrgang": "2024", "quelle": "dachflaechen", "klasse": "gruendach", "herkunft": "modell_bestaetigt", "fehlerkategorie": "korrekt" }, "geometry": { "type": "Polygon", "coordinates": [ [ [ 10.024922, 53.501359 ], [ 10.025108, 53.501373 ], [ 10.025113, 53.501351 ], [ 10.025187, 53.501357 ], [ 10.025192, 53.501334 ], [ 10.024931, 53.501315 ], [ 10.024922, 53.501359 ] ] ] } },
{ "type": "Feature", "properties": { "oid": "DEHHALKAJ0000wmr", "gebaeudefunktion": 1010, "dachform": 9999.0, "dach_m2": 75.0, "gruen_m2": 60.1, "anteil": 80.1, "jahrgang": "2024", "quelle": "dachflaechen", "klasse": "gruendach", "herkunft": "modell_bestaetigt", "fehlerkategorie": "korrekt" }, "geometry": { "type": "Polygon", "coordinates": [ [ [ 10.026193, 53.501364 ], [ 10.025935, 53.5014 ], [ 10.025953, 53.501444 ], [ 10.026135, 53.501418 ], [ 10.026126, 53.501396 ], [ 10.026201, 53.501385 ], [ 10.026193, 53.501364 ] ] ] } },
{ "type": "Feature", "properties": { "oid": "DEHHALKAJ0000wqK", "gebaeudefunktion": 1010, "dachform": 2100.0, "dach_m2": 71.7, "gruen_m2": 54.6, "anteil": 76.1, "jahrgang": "2024", "quelle": "dachflaechen", "klasse": "gruendach", "herkunft": "modell_bestaetigt", "fehlerkategorie": "korrekt" }, "geometry": { "type": "Polygon", "coordinates": [ [ [ 10.025433, 53.500935 ], [ 10.025256, 53.500973 ], [ 10.02528, 53.501013 ], [ 10.02545, 53.500976 ], [ 10.025452, 53.50098 ], [ 10.025532, 53.500963 ], [ 10.025519, 53.500941 ], [ 10.025446, 53.500957 ], [ 10.025433, 53.500935 ] ] ] } },
{ "type": "Feature", "properties": { "oid": "DEHHALKAJ0000wqc", "gebaeudefunktion": 2463, "dachform": 1000.0, "dach_m2": 24.3, "gruen_m2": 24.1, "anteil": 99.1, "jahrgang": "2024", "quelle": "dachflaechen", "klasse": "gruendach", "herkunft": "modell_bestaetigt", "fehlerkategorie": "korrekt" }, "geometry": { "type": "Polygon", "coordinates": [ [ [ 9.994612, 53.509035 ], [ 9.994681, 53.50902 ], [ 9.994657, 53.508978 ], [ 9.994587, 53.508993 ], [ 9.994612, 53.509035 ] ] ] } },
{ "type": "Feature", "properties": { "oid": "DEHHALKAJ0000wre", "gebaeudefunktion": 1010, "dachform": 2100.0, "dach_m2": 72.2, "gruen_m2": 56.8, "anteil": 78.7, "jahrgang": "2024", "quelle": "dachflaechen", "klasse": "gruendach", "herkunft": "modell_bestaetigt", "fehlerkategorie": "korrekt" }, "geometry": { "type": "Polygon", "coordinates": [ [ [ 10.025373, 53.500807 ], [ 10.025446, 53.500791 ], [ 10.025434, 53.500772 ], [ 10.025362, 53.500788 ], [ 10.025349, 53.500766 ], [ 10.025171, 53.500802 ], [ 10.025196, 53.500843 ], [ 10.025373, 53.500807 ] ] ] } },
{ "type": "Feature", "properties": { "oid": "DEHHALKAJ0000ww2", "gebaeudefunktion": 1010, "dachform": 9999.0, "dach_m2": 84.3, "gruen_m2": 75.2, "anteil": 89.2, "jahrgang": "2024", "quelle": "dachflaechen", "klasse": "gruendach", "herkunft": "modell_bestaetigt", "fehlerkategorie": null }, "geometry": { "type": "Polygon", "coordinates": [ [ [ 10.025884, 53.501217 ], [ 10.025906, 53.501263 ], [ 10.02614, 53.501226 ], [ 10.026123, 53.501182 ], [ 10.025884, 53.501217 ] ], [ [ 10.026029, 53.501234 ], [ 10.026016, 53.501236 ], [ 10.026014, 53.501231 ], [ 10.026027, 53.501229 ], [ 10.026029, 53.501234 ] ] ] } },
{ "type": "Feature", "properties": { "oid": "DEHHALKAJ0000x08", "gebaeudefunktion": 1010, "dachform": 9999.0, "dach_m2": 83.5, "gruen_m2": 68.7, "anteil": 82.3, "jahrgang": "2024", "quelle": "dachflaechen", "klasse": "gruendach", "herkunft": "modell_bestaetigt", "fehlerkategorie": "korrekt" }, "geometry": { "type": "Polygon", "coordinates": [ [ [ 10.025665, 53.501484 ], [ 10.025742, 53.501476 ], [ 10.025736, 53.501455 ], [ 10.025659, 53.501462 ], [ 10.025651, 53.501433 ], [ 10.025467, 53.501451 ], [ 10.02548, 53.501501 ], [ 10.025665, 53.501484 ] ] ] } },
{ "type": "Feature", "properties": { "oid": "DEHHALKAJ0000x0W", "gebaeudefunktion": 1010, "dachform": 9999.0, "dach_m2": 73.0, "gruen_m2": 58.4, "anteil": 79.9, "jahrgang": "2024", "quelle": "dachflaechen", "klasse": "gruendach", "herkunft": "modell_bestaetigt", "fehlerkategorie": "korrekt" }, "geometry": { "type": "Polygon", "coordinates": [ [ [ 10.025046, 53.501548 ], [ 10.025131, 53.501554 ], [ 10.025135, 53.501533 ], [ 10.02506, 53.501528 ], [ 10.025065, 53.501505 ], [ 10.024878, 53.501491 ], [ 10.024869, 53.501535 ], [ 10.025046, 53.501548 ] ] ] } },
{ "type": "Feature", "properties": { "oid": "DEHHALKAJ0000x13", "gebaeudefunktion": 1010, "dachform": 2100.0, "dach_m2": 62.1, "gruen_m2": 48.8, "anteil": 78.5, "jahrgang": "2024", "quelle": "dachflaechen", "klasse": "gruendach", "herkunft": "modell_bestaetigt", "fehlerkategorie": "korrekt" }, "geometry": { "type": "Polygon", "coordinates": [ [ [ 10.025377, 53.500857 ], [ 10.025208, 53.500891 ], [ 10.025229, 53.500928 ], [ 10.025479, 53.500874 ], [ 10.025469, 53.500856 ], [ 10.025395, 53.500872 ], [ 10.025385, 53.500855 ], [ 10.025377, 53.500857 ] ] ] } },
{ "type": "Feature", "properties": { "oid": "DEHHALKAJ0000x20", "gebaeudefunktion": 2463, "dachform": 1000.0, "dach_m2": 25.5, "gruen_m2": 25.3, "anteil": 99.0, "jahrgang": "2024", "quelle": "dachflaechen", "klasse": "gruendach", "herkunft": "modell_bestaetigt", "fehlerkategorie": "korrekt" }, "geometry": { "type": "Polygon", "coordinates": [ [ [ 9.995717, 53.509554 ], [ 9.99579, 53.50955 ], [ 9.995783, 53.509503 ], [ 9.99571, 53.509507 ], [ 9.995717, 53.509554 ] ] ] } },
{ "type": "Feature", "properties": { "oid": "DEHHALKAJ0000x2p", "gebaeudefunktion": 1010, "dachform": 2100.0, "dach_m2": 85.7, "gruen_m2": 57.3, "anteil": 66.8, "jahrgang": "2024", "quelle": "dachflaechen", "klasse": "gruendach", "herkunft": "modell_bestaetigt", "fehlerkategorie": "korrekt" }, "geometry": { "type": "MultiPolygon", "coordinates": [ [ [ [ 10.025922, 53.500711 ], [ 10.025665, 53.500747 ], [ 10.025681, 53.500788 ], [ 10.025864, 53.500763 ], [ 10.025856, 53.500742 ], [ 10.02593, 53.500732 ], [ 10.025922, 53.500711 ] ], [ [ 10.02576, 53.500759 ], [ 10.025757, 53.50075 ], [ 10.025766, 53.500748 ], [ 10.02577, 53.500757 ], [ 10.02576, 53.500759 ] ] ], [ [ [ 10.02567, 53.500788 ], [ 10.02568, 53.500787 ], [ 10.025666, 53.500751 ], [ 10.025613, 53.500758 ], [ 10.025627, 53.500794 ], [ 10.02567, 53.500788 ] ] ] ] } },
{ "type": "Feature", "properties": { "oid": "DEHHALKAJ0000x3d", "gebaeudefunktion": 2463, "dachform": 1000.0, "dach_m2": 25.5, "gruen_m2": 25.5, "anteil": 100.0, "jahrgang": "2024", "quelle": "dachflaechen", "klasse": "gruendach", "herkunft": "modell_bestaetigt", "fehlerkategorie": "korrekt" }, "geometry": { "type": "Polygon", "coordinates": [ [ [ 9.996038, 53.509212 ], [ 9.995965, 53.509216 ], [ 9.995971, 53.509262 ], [ 9.996045, 53.509259 ], [ 9.996038, 53.509212 ] ] ] } },
{ "type": "Feature", "properties": { "oid": "DEHHALKAJ0000x4B", "gebaeudefunktion": 2463, "dachform": 1000.0, "dach_m2": 25.5, "gruen_m2": 25.5, "anteil": 100.0, "jahrgang": "2024", "quelle": "dachflaechen", "klasse": "gruendach", "herkunft": "modell_bestaetigt", "fehlerkategorie": "korrekt" }, "geometry": { "type": "Polygon", "coordinates": [ [ [ 9.99579, 53.50955 ], [ 9.995863, 53.509547 ], [ 9.995857, 53.5095 ], [ 9.995783, 53.509503 ], [ 9.99579, 53.50955 ] ] ] } },
{ "type": "Feature", "properties": { "oid": "DEHHALKAJ0000x4P", "gebaeudefunktion": 2463, "dachform": 1000.0, "dach_m2": 24.3, "gruen_m2": 24.0, "anteil": 99.1, "jahrgang": "2024", "quelle": "dachflaechen", "klasse": "gruendach", "herkunft": "modell_bestaetigt", "fehlerkategorie": "korrekt" }, "geometry": { "type": "Polygon", "coordinates": [ [ [ 9.994706, 53.509063 ], [ 9.994681, 53.50902 ], [ 9.994612, 53.509035 ], [ 9.994637, 53.509077 ], [ 9.994706, 53.509063 ] ] ] } },
{ "type": "Feature", "properties": { "oid": "DEHHALKAJ0000x58", "gebaeudefunktion": 2463, "dachform": 1000.0, "dach_m2": 24.6, "gruen_m2": 24.6, "anteil": 99.9, "jahrgang": "2024", "quelle": "dachflaechen", "klasse": "gruendach", "herkunft": "modell_bestaetigt", "fehlerkategorie": "korrekt" }, "geometry": { "type": "Polygon", "coordinates": [ [ [ 9.994829, 53.509274 ], [ 9.99476, 53.509289 ], [ 9.994785, 53.509332 ], [ 9.994855, 53.509317 ], [ 9.994829, 53.509274 ] ] ] } },
{ "type": "Feature", "properties": { "oid": "DEHHALKAJ0000x5A", "gebaeudefunktion": 2463, "dachform": 1000.0, "dach_m2": 25.4, "gruen_m2": 25.3, "anteil": 99.5, "jahrgang": "2024", "quelle": "dachflaechen", "klasse": "gruendach", "herkunft": "modell_bestaetigt", "fehlerkategorie": "korrekt" }, "geometry": { "type": "Polygon", "coordinates": [ [ [ 9.99557, 53.509561 ], [ 9.995563, 53.509514 ], [ 9.99549, 53.509518 ], [ 9.995497, 53.509565 ], [ 9.99557, 53.509561 ] ] ] } },
{ "type": "Feature", "properties": { "oid": "DEHHALKAJ0000x5Q", "gebaeudefunktion": 2463, "dachform": 1000.0, "dach_m2": 24.4, "gruen_m2": 23.9, "anteil": 97.8, "jahrgang": "2024", "quelle": "dachflaechen", "klasse": "gruendach", "herkunft": "modell_bestaetigt", "fehlerkategorie": "korrekt" }, "geometry": { "type": "Polygon", "coordinates": [ [ [ 9.994582, 53.508851 ], [ 9.994513, 53.508865 ], [ 9.994537, 53.508908 ], [ 9.994607, 53.508893 ], [ 9.994582, 53.508851 ] ] ] } },
{ "type": "Feature", "properties": { "oid": "DEHHALKAJ0000x5p", "gebaeudefunktion": 2463, "dachform": 1000.0, "dach_m2": 28.9, "gruen_m2": 25.4, "anteil": 87.7, "jahrgang": "2024", "quelle": "dachflaechen", "klasse": "gruendach", "herkunft": "modell_bestaetigt", "fehlerkategorie": "korrekt" }, "geometry": { "type": "Polygon", "coordinates": [ [ [ 9.996038, 53.509209 ], [ 9.996045, 53.509262 ], [ 9.996119, 53.509258 ], [ 9.996112, 53.509206 ], [ 9.996038, 53.509209 ] ] ] } },
{ "type": "Feature", "properties": { "oid": "DEHHALKAJ0000x5r", "gebaeudefunktion": 1010, "dachform": 9999.0, "dach_m2": 75.6, "gruen_m2": 60.4, "anteil": 79.9, "jahrgang": "2024", "quelle": "dachflaechen", "klasse": "gruendach", "herkunft": "modell_bestaetigt", "fehlerkategorie": "korrekt" }, "geometry": { "type": "Polygon", "coordinates": [ [ [ 10.025131, 53.501554 ], [ 10.024869, 53.501535 ], [ 10.02486, 53.501581 ], [ 10.025047, 53.501595 ], [ 10.025052, 53.50157 ], [ 10.025127, 53.501576 ], [ 10.025131, 53.501554 ] ], [ [ 10.024944, 53.501563 ], [ 10.024946, 53.501555 ], [ 10.024955, 53.501556 ], [ 10.024954, 53.501564 ], [ 10.024944, 53.501563 ] ] ] } },
{ "type": "Feature", "properties": { "oid": "DEHHALKAJ0000x61", "gebaeudefunktion": 1010, "dachform": 9999.0, "dach_m2": 85.4, "gruen_m2": 72.4, "anteil": 84.8, "jahrgang": "2024", "quelle": "dachflaechen", "klasse": "gruendach", "herkunft": "modell_bestaetigt", "fehlerkategorie": "korrekt" }, "geometry": { "type": "Polygon", "coordinates": [ [ [ 10.024952, 53.501264 ], [ 10.024945, 53.501313 ], [ 10.025186, 53.501328 ], [ 10.025194, 53.501287 ], [ 10.025202, 53.501288 ], [ 10.025196, 53.501287 ], [ 10.025197, 53.501282 ], [ 10.024952, 53.501264 ] ], [ [ 10.025063, 53.50131 ], [ 10.025063, 53.501305 ], [ 10.025077, 53.501306 ], [ 10.025076, 53.501311 ], [ 10.025063, 53.50131 ] ] ] } },
{ "type": "Feature", "properties": { "oid": "DEHHALKAJ0000x6X", "gebaeudefunktion": 2463, "dachform": 1000.0, "dach_m2": 25.5, "gruen_m2": 25.5, "anteil": 100.0, "jahrgang": "2024", "quelle": "dachflaechen", "klasse": "gruendach", "herkunft": "modell_bestaetigt", "fehlerkategorie": "korrekt" }, "geometry": { "type": "Polygon", "coordinates": [ [ [ 9.995643, 53.509557 ], [ 9.995717, 53.509554 ], [ 9.99571, 53.509507 ], [ 9.995637, 53.509511 ], [ 9.995643, 53.509557 ] ] ] } },
{ "type": "Feature", "properties": { "oid": "DEHHALKAJ0000x7V", "gebaeudefunktion": 2463, "dachform": 1000.0, "dach_m2": 25.5, "gruen_m2": 25.5, "anteil": 99.9, "jahrgang": "2024", "quelle": "dachflaechen", "klasse": "gruendach", "herkunft": "modell_bestaetigt", "fehlerkategorie": "korrekt" }, "geometry": { "type": "Polygon", "coordinates": [ [ [ 9.99557, 53.509561 ], [ 9.995643, 53.509557 ], [ 9.995637, 53.509511 ], [ 9.995563, 53.509514 ], [ 9.99557, 53.509561 ] ] ] } },
{ "type": "Feature", "properties": { "oid": "DEHHALKAJ0000x7b", "gebaeudefunktion": 1010, "dachform": 9999.0, "dach_m2": 86.3, "gruen_m2": 76.2, "anteil": 88.3, "jahrgang": "2024", "quelle": "dachflaechen", "klasse": "gruendach", "herkunft": "modell_bestaetigt", "fehlerkategorie": "korrekt" }, "geometry": { "type": "MultiPolygon", "coordinates": [ [ [ [ 10.025712, 53.501377 ], [ 10.025713, 53.501377 ], [ 10.025701, 53.501331 ], [ 10.025712, 53.501377 ] ] ], [ [ [ 10.025624, 53.501379 ], [ 10.025704, 53.501372 ], [ 10.025694, 53.501326 ], [ 10.025448, 53.501349 ], [ 10.025465, 53.501397 ], [ 10.025625, 53.501382 ], [ 10.025624, 53.501379 ] ], [ [ 10.025588, 53.501374 ], [ 10.025574, 53.501376 ], [ 10.025572, 53.50137 ], [ 10.025586, 53.501369 ], [ 10.025588, 53.501374 ] ] ] ] } },
{ "type": "Feature", "properties": { "oid": "DEHHALKAJ0000x7n", "gebaeudefunktion": 2463, "dachform": 1000.0, "dach_m2": 22.4, "gruen_m2": 16.8, "anteil": 74.9, "jahrgang": "2024", "quelle": "dachflaechen", "klasse": "gruendach", "herkunft": "modell_bestaetigt", "fehlerkategorie": "korrekt" }, "geometry": { "type": "Polygon", "coordinates": [ [ [ 9.994686, 53.509162 ], [ 9.994709, 53.509201 ], [ 9.994778, 53.509186 ], [ 9.994755, 53.509148 ], [ 9.994686, 53.509162 ] ] ] } },
{ "type": "Feature", "properties": { "oid": "DEHHALKAJ0000x7v", "gebaeudefunktion": 1010, "dachform": 9999.0, "dach_m2": 72.7, "gruen_m2": 58.3, "anteil": 80.2, "jahrgang": "2024", "quelle": "dachflaechen", "klasse": "gruendach", "herkunft": "modell_bestaetigt", "fehlerkategorie": "korrekt" }, "geometry": { "type": "Polygon", "coordinates": [ [ [ 10.02597, 53.501487 ], [ 10.025987, 53.501529 ], [ 10.026169, 53.501503 ], [ 10.02616, 53.501482 ], [ 10.026236, 53.501471 ], [ 10.026227, 53.50145 ], [ 10.026152, 53.501461 ], [ 10.026142, 53.501462 ], [ 10.02597, 53.501487 ] ] ] } },
{ "type": "Feature", "properties": { "oid": "DEHHALKAJ0000x9B", "gebaeudefunktion": 2463, "dachform": 1000.0, "dach_m2": 22.9, "gruen_m2": 22.7, "anteil": 99.0, "jahrgang": "2024", "quelle": "dachflaechen", "klasse": "gruendach", "herkunft": "modell_bestaetigt", "fehlerkategorie": "korrekt" }, "geometry": { "type": "Polygon", "coordinates": [ [ [ 9.99493, 53.509445 ], [ 9.99486, 53.50946 ], [ 9.994883, 53.509499 ], [ 9.994952, 53.509485 ], [ 9.99493, 53.509445 ] ] ] } },
{ "type": "Feature", "properties": { "oid": "DEHHALKAJ0000x9D", "gebaeudefunktion": 1010, "dachform": 2100.0, "dach_m2": 82.1, "gruen_m2": 59.7, "anteil": 72.7, "jahrgang": "2024", "quelle": "dachflaechen", "klasse": "gruendach", "herkunft": "modell_bestaetigt", "fehlerkategorie": "korrekt" }, "geometry": { "type": "Polygon", "coordinates": [ [ [ 10.026032, 53.501059 ], [ 10.025806, 53.501089 ], [ 10.025826, 53.501134 ], [ 10.026001, 53.501106 ], [ 10.026003, 53.50111 ], [ 10.026084, 53.501097 ], [ 10.026074, 53.501075 ], [ 10.026041, 53.50108 ], [ 10.026032, 53.501059 ] ] ] } },
{ "type": "Feature", "properties": { "oid": "DEHHALKAJ0000x9j", "gebaeudefunktion": 2463, "dachform": 1000.0, "dach_m2": 25.7, "gruen_m2": 25.6, "anteil": 99.7, "jahrgang": "2024", "quelle": "dachflaechen", "klasse": "gruendach", "herkunft": "modell_bestaetigt", "fehlerkategorie": "korrekt" }, "geometry": { "type": "Polygon", "coordinates": [ [ [ 9.995785, 53.508993 ], [ 9.995778, 53.508947 ], [ 9.995704, 53.50895 ], [ 9.995711, 53.508997 ], [ 9.995785, 53.508993 ] ] ] } },
{ "type": "Feature", "properties": { "oid": "DEHHALKAJ0000x9w", "gebaeudefunktion": 1010, "dachform": 9999.0, "dach_m2": 69.8, "gruen_m2": 56.5, "anteil": 80.9, "jahrgang": "2024", "quelle": "dachflaechen", "klasse": "gruendach", "herkunft": "modell_bestaetigt", "fehlerkategorie": "korrekt" }, "geometry": { "type": "Polygon", "coordinates": [ [ [ 10.026113, 53.501327 ], [ 10.026188, 53.501316 ], [ 10.02618, 53.501296 ], [ 10.026105, 53.501307 ], [ 10.026096, 53.501286 ], [ 10.025914, 53.501312 ], [ 10.025931, 53.501353 ], [ 10.026113, 53.501327 ] ] ] } },
{ "type": "Feature", "properties": { "oid": "DEHHALKAJ0000xAQ", "gebaeudefunktion": 1010, "dachform": 2100.0, "dach_m2": 75.0, "gruen_m2": 51.0, "anteil": 68.0, "jahrgang": "2024", "quelle": "dachflaechen", "klasse": "gruendach", "herkunft": "modell_bestaetigt", "fehlerkategorie": "korrekt" }, "geometry": { "type": "Polygon", "coordinates": [ [ [ 10.025635, 53.50067 ], [ 10.025637, 53.500675 ], [ 10.025596, 53.500681 ], [ 10.025608, 53.500711 ], [ 10.025649, 53.500706 ], [ 10.02565, 53.500708 ], [ 10.025833, 53.500683 ], [ 10.025826, 53.500664 ], [ 10.025901, 53.500657 ], [ 10.025892, 53.500635 ], [ 10.02581, 53.500648 ], [ 10.025635, 53.50067 ] ] ] } },
{ "type": "Feature", "properties": { "oid": "DEHHALKAJ0000xAU", "gebaeudefunktion": 2463, "dachform": 1000.0, "dach_m2": 25.3, "gruen_m2": 25.3, "anteil": 99.8, "jahrgang": "2024", "quelle": "dachflaechen", "klasse": "gruendach", "herkunft": "modell_bestaetigt", "fehlerkategorie": "korrekt" }, "geometry": { "type": "Polygon", "coordinates": [ [ [ 9.995897, 53.509266 ], [ 9.995971, 53.509262 ], [ 9.995965, 53.509216 ], [ 9.995891, 53.50922 ], [ 9.995897, 53.509266 ] ] ] } },
{ "type": "Feature", "properties": { "oid": "DEHHALKAJ0000xAa", "gebaeudefunktion": 2463, "dachform": 1000.0, "dach_m2": 25.6, "gruen_m2": 25.5, "anteil": 99.5, "jahrgang": "2024", "quelle": "dachflaechen", "klasse": "gruendach", "herkunft": "modell_bestaetigt", "fehlerkategorie": "korrekt" }, "geometry": { "type": "Polygon", "coordinates": [ [ [ 9.995785, 53.508993 ], [ 9.995858, 53.50899 ], [ 9.995852, 53.508943 ], [ 9.995778, 53.508947 ], [ 9.995785, 53.508993 ] ] ] } },
{ "type": "Feature", "properties": { "oid": "DEHHALKAJ0000xAj", "gebaeudefunktion": 1010, "dachform": 9999.0, "dach_m2": 75.5, "gruen_m2": 59.5, "anteil": 78.8, "jahrgang": "2024", "quelle": "dachflaechen", "klasse": "gruendach", "herkunft": "modell_bestaetigt", "fehlerkategorie": "korrekt" }, "geometry": { "type": "MultiPolygon", "coordinates": [ [ [ [ 10.024922, 53.501359 ], [ 10.024912, 53.501404 ], [ 10.025099, 53.501418 ], [ 10.025108, 53.501373 ], [ 10.024922, 53.501359 ] ] ], [ [ [ 10.025099, 53.501418 ], [ 10.025174, 53.501423 ], [ 10.025179, 53.5014 ], [ 10.025104, 53.501394 ], [ 10.025099, 53.501418 ] ] ] ] } },
{ "type": "Feature", "properties": { "oid": "DEHHALKAJ0000xBD", "gebaeudefunktion": 2463, "dachform": 1000.0, "dach_m2": 23.8, "gruen_m2": 23.8, "anteil": 99.9, "jahrgang": "2024", "quelle": "dachflaechen", "klasse": "gruendach", "herkunft": "modell_bestaetigt", "fehlerkategorie": "korrekt" }, "geometry": { "type": "Polygon", "coordinates": [ [ [ 9.996077, 53.509489 ], [ 9.996083, 53.509536 ], [ 9.996151, 53.509532 ], [ 9.996146, 53.509486 ], [ 9.996077, 53.509489 ] ] ] } },
{ "type": "Feature", "properties": { "oid": "DEHHALKAJ0000xBH", "gebaeudefunktion": 2463, "dachform": 1000.0, "dach_m2": 24.8, "gruen_m2": 23.6, "anteil": 95.1, "jahrgang": "2024", "quelle": "dachflaechen", "klasse": "gruendach", "herkunft": "modell_bestaetigt", "fehlerkategorie": "korrekt" }, "geometry": { "type": "Polygon", "coordinates": [ [ [ 9.994835, 53.509417 ], [ 9.99486, 53.50946 ], [ 9.99493, 53.509445 ], [ 9.994905, 53.509403 ], [ 9.994835, 53.509417 ] ] ] } },
{ "type": "Feature", "properties": { "oid": "DEHHALKAJ0000xBJ", "gebaeudefunktion": 2463, "dachform": 1000.0, "dach_m2": 22.8, "gruen_m2": 22.6, "anteil": 99.3, "jahrgang": "2024", "quelle": "dachflaechen", "klasse": "gruendach", "herkunft": "modell_bestaetigt", "fehlerkategorie": "korrekt" }, "geometry": { "type": "Polygon", "coordinates": [ [ [ 9.994488, 53.508823 ], [ 9.994558, 53.508809 ], [ 9.994534, 53.508769 ], [ 9.994465, 53.508784 ], [ 9.994488, 53.508823 ] ] ] } },
{ "type": "Feature", "properties": { "oid": "DEHHALKAJ0000xBg", "gebaeudefunktion": 2463, "dachform": 1000.0, "dach_m2": 25.7, "gruen_m2": 23.9, "anteil": 93.1, "jahrgang": "2024", "quelle": "dachflaechen", "klasse": "gruendach", "herkunft": "modell_bestaetigt", "fehlerkategorie": "korrekt" }, "geometry": { "type": "Polygon", "coordinates": [ [ [ 9.995861, 53.508468 ], [ 9.995854, 53.508421 ], [ 9.995781, 53.508425 ], [ 9.995787, 53.508472 ], [ 9.995861, 53.508468 ] ] ] } },
{ "type": "Feature", "properties": { "oid": "DEHHALKAJ0000xCn", "gebaeudefunktion": 1010, "dachform": 9999.0, "dach_m2": 70.1, "gruen_m2": 54.7, "anteil": 78.0, "jahrgang": "2024", "quelle": "dachflaechen", "klasse": "gruendach", "herkunft": "modell_bestaetigt", "fehlerkategorie": "korrekt" }, "geometry": { "type": "Polygon", "coordinates": [ [ [ 10.024852, 53.501622 ], [ 10.025111, 53.501645 ], [ 10.025116, 53.501623 ], [ 10.025042, 53.501617 ], [ 10.025047, 53.501595 ], [ 10.02486, 53.501581 ], [ 10.024852, 53.501622 ] ] ] } },
{ "type": "Feature", "properties": { "oid": "DEHHALKAJ0000xCt", "gebaeudefunktion": 2463, "dachform": 1000.0, "dach_m2": 25.6, "gruen_m2": 25.6, "anteil": 100.0, "jahrgang": "2024", "quelle": "dachflaechen", "klasse": "gruendach", "herkunft": "modell_bestaetigt", "fehlerkategorie": "korrekt" }, "geometry": { "type": "Polygon", "coordinates": [ [ [ 9.995567, 53.508483 ], [ 9.99564, 53.508479 ], [ 9.995634, 53.508433 ], [ 9.99556, 53.508436 ], [ 9.995567, 53.508483 ] ] ] } },
{ "type": "Feature", "properties": { "oid": "DEHHALKAJ0000xDC", "gebaeudefunktion": 2463, "dachform": 1000.0, "dach_m2": 25.3, "gruen_m2": 25.3, "anteil": 100.0, "jahrgang": "2024", "quelle": "dachflaechen", "klasse": "gruendach", "herkunft": "modell_bestaetigt", "fehlerkategorie": "korrekt" }, "geometry": { "type": "Polygon", "coordinates": [ [ [ 9.99535, 53.509572 ], [ 9.995423, 53.509568 ], [ 9.995417, 53.509522 ], [ 9.995344, 53.509525 ], [ 9.99535, 53.509572 ] ] ] } },
{ "type": "Feature", "properties": { "oid": "DEHHALKAJ0000xDG", "gebaeudefunktion": 1010, "dachform": 2100.0, "dach_m2": 101.8, "gruen_m2": 75.7, "anteil": 74.3, "jahrgang": "2024", "quelle": "dachflaechen", "klasse": "gruendach", "herkunft": "modell_bestaetigt", "fehlerkategorie": "korrekt" }, "geometry": { "type": "MultiPolygon", "coordinates": [ [ [ [ 10.025868, 53.50059 ], [ 10.025866, 53.500585 ], [ 10.025626, 53.500617 ], [ 10.025647, 53.500665 ], [ 10.02588, 53.50063 ], [ 10.025868, 53.50059 ] ], [ [ 10.025755, 53.50064 ], [ 10.025753, 53.500634 ], [ 10.025768, 53.500632 ], [ 10.02577, 53.500638 ], [ 10.025755, 53.50064 ] ] ], [ [ [ 10.025594, 53.500667 ], [ 10.025599, 53.500679 ], [ 10.025637, 53.500674 ], [ 10.025641, 53.50067 ], [ 10.025623, 53.500623 ], [ 10.02558, 53.500629 ], [ 10.025594, 53.500667 ] ] ] ] } },
{ "type": "Feature", "properties": { "oid": "DEHHALKAJ0000xDI", "gebaeudefunktion": 2463, "dachform": 1000.0, "dach_m2": 25.3, "gruen_m2": 25.3, "anteil": 100.0, "jahrgang": "2024", "quelle": "dachflaechen", "klasse": "gruendach", "herkunft": "modell_bestaetigt", "fehlerkategorie": "korrekt" }, "geometry": { "type": "Polygon", "coordinates": [ [ [ 9.99575, 53.509273 ], [ 9.995823, 53.509269 ], [ 9.995817, 53.509223 ], [ 9.995743, 53.509227 ], [ 9.99575, 53.509273 ] ] ] } },
{ "type": "Feature", "properties": { "oid": "DEHHALKAJ0000xDK", "gebaeudefunktion": 2463, "dachform": 1000.0, "dach_m2": 24.8, "gruen_m2": 24.8, "anteil": 99.9, "jahrgang": "2024", "quelle": "dachflaechen", "klasse": "gruendach", "herkunft": "modell_bestaetigt", "fehlerkategorie": "korrekt" }, "geometry": { "type": "Polygon", "coordinates": [ [ [ 9.99481, 53.509374 ], [ 9.99488, 53.50936 ], [ 9.994855, 53.509317 ], [ 9.994785, 53.509332 ], [ 9.99481, 53.509374 ] ] ] } },
{ "type": "Feature", "properties": { "oid": "DEHHALKAJ0000xDr", "gebaeudefunktion": 2463, "dachform": 1000.0, "dach_m2": 25.5, "gruen_m2": 25.4, "anteil": 99.8, "jahrgang": "2024", "quelle": "dachflaechen", "klasse": "gruendach", "herkunft": "modell_bestaetigt", "fehlerkategorie": "korrekt" }, "geometry": { "type": "Polygon", "coordinates": [ [ [ 9.996083, 53.509536 ], [ 9.996077, 53.509489 ], [ 9.996003, 53.509493 ], [ 9.99601, 53.509539 ], [ 9.996083, 53.509536 ] ] ] } },
{ "type": "Feature", "properties": { "oid": "DEHHALKAJ0000xEW", "gebaeudefunktion": 1010, "dachform": 9999.0, "dach_m2": 73.1, "gruen_m2": 57.7, "anteil": 78.9, "jahrgang": "2024", "quelle": "dachflaechen", "klasse": "gruendach", "herkunft": "modell_bestaetigt", "fehlerkategorie": "korrekt" }, "geometry": { "type": "Polygon", "coordinates": [ [ [ 10.026178, 53.501527 ], [ 10.026169, 53.501503 ], [ 10.025987, 53.501529 ], [ 10.026004, 53.501573 ], [ 10.026179, 53.501546 ], [ 10.026181, 53.501551 ], [ 10.026263, 53.501539 ], [ 10.026254, 53.501517 ], [ 10.026178, 53.501527 ] ] ] } },
{ "type": "Feature", "properties": { "oid": "DEHHALKAJ0000xFS", "gebaeudefunktion": 2463, "dachform": 1000.0, "dach_m2": 25.6, "gruen_m2": 25.6, "anteil": 100.0, "jahrgang": "2024", "quelle": "dachflaechen", "klasse": "gruendach", "herkunft": "modell_bestaetigt", "fehlerkategorie": "korrekt" }, "geometry": { "type": "Polygon", "coordinates": [ [ [ 9.995493, 53.508487 ], [ 9.995567, 53.508483 ], [ 9.99556, 53.508436 ], [ 9.995487, 53.50844 ], [ 9.995493, 53.508487 ] ] ] } },
{ "type": "Feature", "properties": { "oid": "DEHHALKAJ0000xFh", "gebaeudefunktion": 2463, "dachform": 1000.0, "dach_m2": 25.2, "gruen_m2": 24.9, "anteil": 98.9, "jahrgang": "2024", "quelle": "dachflaechen", "klasse": "gruendach", "herkunft": "modell_bestaetigt", "fehlerkategorie": "korrekt" }, "geometry": { "type": "Polygon", "coordinates": [ [ [ 9.995497, 53.509565 ], [ 9.99549, 53.509518 ], [ 9.995417, 53.509522 ], [ 9.995423, 53.509568 ], [ 9.995497, 53.509565 ] ] ] } },
{ "type": "Feature", "properties": { "oid": "DEHHALKAJ0000xFt", "gebaeudefunktion": 2463, "dachform": 1000.0, "dach_m2": 25.3, "gruen_m2": 25.2, "anteil": 99.8, "jahrgang": "2024", "quelle": "dachflaechen", "klasse": "gruendach", "herkunft": "modell_bestaetigt", "fehlerkategorie": "korrekt" }, "geometry": { "type": "Polygon", "coordinates": [ [ [ 9.995891, 53.50922 ], [ 9.995817, 53.509223 ], [ 9.995823, 53.509269 ], [ 9.995897, 53.509266 ], [ 9.995891, 53.50922 ] ] ] } },
{ "type": "Feature", "properties": { "oid": "DEHHALKAJ0000xG7", "gebaeudefunktion": 2463, "dachform": 1000.0, "dach_m2": 25.6, "gruen_m2": 25.5, "anteil": 99.8, "jahrgang": "2024", "quelle": "dachflaechen", "klasse": "gruendach", "herkunft": "modell_bestaetigt", "fehlerkategorie": "korrekt" }, "geometry": { "type": "Polygon", "coordinates": [ [ [ 9.995563, 53.509004 ], [ 9.995637, 53.509 ], [ 9.995631, 53.508954 ], [ 9.995557, 53.508957 ], [ 9.995563, 53.509004 ] ] ] } },
{ "type": "Feature", "properties": { "oid": "DEHHALKAJ0000xGN", "gebaeudefunktion": 2463, "dachform": 1000.0, "dach_m2": 25.6, "gruen_m2": 25.5, "anteil": 99.6, "jahrgang": "2024", "quelle": "dachflaechen", "klasse": "gruendach", "herkunft": "modell_bestaetigt", "fehlerkategorie": "korrekt" }, "geometry": { "type": "Polygon", "coordinates": [ [ [ 9.995932, 53.508986 ], [ 9.996006, 53.508982 ], [ 9.995999, 53.508936 ], [ 9.995926, 53.508939 ], [ 9.995932, 53.508986 ] ] ] } },
{ "type": "Feature", "properties": { "oid": "DEHHALKAJ0000xGq", "gebaeudefunktion": 2463, "dachform": 1000.0, "dach_m2": 25.5, "gruen_m2": 25.5, "anteil": 99.8, "jahrgang": "2024", "quelle": "dachflaechen", "klasse": "gruendach", "herkunft": "modell_bestaetigt", "fehlerkategorie": "korrekt" }, "geometry": { "type": "Polygon", "coordinates": [ [ [ 9.99564, 53.508479 ], [ 9.995714, 53.508476 ], [ 9.995707, 53.508429 ], [ 9.995634, 53.508433 ], [ 9.99564, 53.508479 ] ] ] } },
{ "type": "Feature", "properties": { "oid": "DEHHALKAJ0000xIB", "gebaeudefunktion": 2463, "dachform": 1000.0, "dach_m2": 25.5, "gruen_m2": 25.2, "anteil": 99.0, "jahrgang": "2024", "quelle": "dachflaechen", "klasse": "gruendach", "herkunft": "modell_bestaetigt", "fehlerkategorie": "sonstiges" }, "geometry": { "type": "Polygon", "coordinates": [ [ [ 9.995787, 53.508472 ], [ 9.995781, 53.508425 ], [ 9.995707, 53.508429 ], [ 9.995714, 53.508476 ], [ 9.995787, 53.508472 ] ] ] } },
{ "type": "Feature", "properties": { "oid": "DEHHALKAJ0000xIF", "gebaeudefunktion": 2463, "dachform": 1000.0, "dach_m2": 25.8, "gruen_m2": 22.2, "anteil": 85.9, "jahrgang": "2024", "quelle": "dachflaechen", "klasse": "gruendach", "herkunft": "modell_bestaetigt", "fehlerkategorie": "sonstiges" }, "geometry": { "type": "Polygon", "coordinates": [ [ [ 9.995861, 53.508468 ], [ 9.995934, 53.508465 ], [ 9.995927, 53.508417 ], [ 9.995854, 53.508421 ], [ 9.995861, 53.508468 ] ] ] } },
{ "type": "Feature", "properties": { "oid": "DEHHALKAJ0000xIZ", "gebaeudefunktion": 2463, "dachform": 1000.0, "dach_m2": 25.1, "gruen_m2": 25.1, "anteil": 99.8, "jahrgang": "2024", "quelle": "dachflaechen", "klasse": "gruendach", "herkunft": "modell_bestaetigt", "fehlerkategorie": "korrekt" }, "geometry": { "type": "Polygon", "coordinates": [ [ [ 9.995203, 53.509579 ], [ 9.995277, 53.509575 ], [ 9.99527, 53.509529 ], [ 9.995197, 53.509533 ], [ 9.995203, 53.509579 ] ] ] } },
{ "type": "Feature", "properties": { "oid": "DEHHALKAJ0000xIh", "gebaeudefunktion": 1010, "dachform": 2100.0, "dach_m2": 81.4, "gruen_m2": 63.5, "anteil": 78.0, "jahrgang": "2024", "quelle": "dachflaechen", "klasse": "gruendach", "herkunft": "modell_bestaetigt", "fehlerkategorie": "korrekt" }, "geometry": { "type": "Polygon", "coordinates": [ [ [ 10.025493, 53.500897 ], [ 10.025479, 53.500874 ], [ 10.025229, 53.500928 ], [ 10.025256, 53.500973 ], [ 10.025433, 53.500935 ], [ 10.02542, 53.500913 ], [ 10.025493, 53.500897 ] ] ] } },
{ "type": "Feature", "properties": { "oid": "DEHHALKAJ0000xJ8", "gebaeudefunktion": 2463, "dachform": 1000.0, "dach_m2": 23.9, "gruen_m2": 23.6, "anteil": 98.8, "jahrgang": "2024", "quelle": "dachflaechen", "klasse": "gruendach", "herkunft": "modell_bestaetigt", "fehlerkategorie": "korrekt" }, "geometry": { "type": "Polygon", "coordinates": [ [ [ 9.995494, 53.509007 ], [ 9.995563, 53.509004 ], [ 9.995557, 53.508957 ], [ 9.995488, 53.508961 ], [ 9.995494, 53.509007 ] ] ] } },
{ "type": "Feature", "properties": { "oid": "DEHHALKAJ0000xJb", "gebaeudefunktion": 1010, "dachform": 9999.0, "dach_m2": 79.1, "gruen_m2": 62.3, "anteil": 78.7, "jahrgang": "2024", "quelle": "dachflaechen", "klasse": "gruendach", "herkunft": "modell_bestaetigt", "fehlerkategorie": "baumueberschirmung" }, "geometry": { "type": "Polygon", "coordinates": [ [ [ 10.026103, 53.501328 ], [ 10.025931, 53.501353 ], [ 10.025948, 53.501396 ], [ 10.025935, 53.5014 ], [ 10.026131, 53.501373 ], [ 10.026122, 53.50135 ], [ 10.026197, 53.501339 ], [ 10.026188, 53.501316 ], [ 10.026103, 53.501328 ] ] ] } },
{ "type": "Feature", "properties": { "oid": "DEHHALKAJ0000xJw", "gebaeudefunktion": 1010, "dachform": 9999.0, "dach_m2": 74.6, "gruen_m2": 59.8, "anteil": 80.1, "jahrgang": "2024", "quelle": "dachflaechen", "klasse": "gruendach", "herkunft": "modell_bestaetigt", "fehlerkategorie": "korrekt" }, "geometry": { "type": "Polygon", "coordinates": [ [ [ 10.025099, 53.501418 ], [ 10.024912, 53.501404 ], [ 10.024904, 53.501446 ], [ 10.024888, 53.501445 ], [ 10.024887, 53.501448 ], [ 10.02509, 53.501462 ], [ 10.025095, 53.501438 ], [ 10.02517, 53.501444 ], [ 10.025174, 53.501423 ], [ 10.025099, 53.501418 ] ] ] } },
{ "type": "Feature", "properties": { "oid": "DEHHALKAJ0000xKS", "gebaeudefunktion": 2463, "dachform": 1000.0, "dach_m2": 24.3, "gruen_m2": 24.2, "anteil": 99.4, "jahrgang": "2024", "quelle": "dachflaechen", "klasse": "gruendach", "herkunft": "modell_bestaetigt", "fehlerkategorie": "korrekt" }, "geometry": { "type": "Polygon", "coordinates": [ [ [ 9.994537, 53.508908 ], [ 9.994563, 53.50895 ], [ 9.994632, 53.508936 ], [ 9.994607, 53.508893 ], [ 9.994537, 53.508908 ] ] ] } },
{ "type": "Feature", "properties": { "oid": "DEHHALKAJ0000xKd", "gebaeudefunktion": 2463, "dachform": 1000.0, "dach_m2": 24.9, "gruen_m2": 24.7, "anteil": 99.3, "jahrgang": "2024", "quelle": "dachflaechen", "klasse": "gruendach", "herkunft": "modell_bestaetigt", "fehlerkategorie": "korrekt" }, "geometry": { "type": "Polygon", "coordinates": [ [ [ 9.99488, 53.50936 ], [ 9.99481, 53.509374 ], [ 9.994835, 53.509417 ], [ 9.994905, 53.509403 ], [ 9.99488, 53.50936 ] ] ] } },
{ "type": "Feature", "properties": { "oid": "DEHHALKAJ0000xKq", "gebaeudefunktion": 2463, "dachform": 1000.0, "dach_m2": 25.4, "gruen_m2": 25.4, "anteil": 100.0, "jahrgang": "2024", "quelle": "dachflaechen", "klasse": "gruendach", "herkunft": "modell_bestaetigt", "fehlerkategorie": "korrekt" }, "geometry": { "type": "Polygon", "coordinates": [ [ [ 9.995676, 53.509277 ], [ 9.995669, 53.50923 ], [ 9.995596, 53.509234 ], [ 9.995602, 53.50928 ], [ 9.995676, 53.509277 ] ] ] } },
{ "type": "Feature", "properties": { "oid": "DEHHALKAJ0000xLJ", "gebaeudefunktion": 2463, "dachform": 1000.0, "dach_m2": 24.1, "gruen_m2": 10.0, "anteil": 41.4, "jahrgang": "2024", "quelle": "dachflaechen", "klasse": "gruendach", "herkunft": "modell_bestaetigt", "fehlerkategorie": "baumueberschirmung" }, "geometry": { "type": "Polygon", "coordinates": [ [ [ 9.995927, 53.508417 ], [ 9.995934, 53.508465 ], [ 9.996003, 53.50846 ], [ 9.995997, 53.508414 ], [ 9.995927, 53.508417 ] ] ] } },
{ "type": "Feature", "properties": { "oid": "DEHHALKAJ0000xM3", "gebaeudefunktion": 1010, "dachform": 9999.0, "dach_m2": 72.9, "gruen_m2": 58.3, "anteil": 80.0, "jahrgang": "2024", "quelle": "dachflaechen", "klasse": "gruendach", "herkunft": "modell_bestaetigt", "fehlerkategorie": "korrekt" }, "geometry": { "type": "Polygon", "coordinates": [ [ [ 10.026227, 53.50145 ], [ 10.026219, 53.501429 ], [ 10.026143, 53.501439 ], [ 10.026135, 53.501418 ], [ 10.025953, 53.501444 ], [ 10.02597, 53.501487 ], [ 10.026227, 53.50145 ] ] ] } },
{ "type": "Feature", "properties": { "oid": "DEHHALKAJ0000xMM", "gebaeudefunktion": 1010, "dachform": 9999.0, "dach_m2": 83.6, "gruen_m2": 67.0, "anteil": 80.2, "jahrgang": "2024", "quelle": "dachflaechen", "klasse": "gruendach", "herkunft": "modell_bestaetigt", "fehlerkategorie": "korrekt" }, "geometry": { "type": "Polygon", "coordinates": [ [ [ 10.025742, 53.501476 ], [ 10.02548, 53.501501 ], [ 10.025494, 53.501552 ], [ 10.025679, 53.501534 ], [ 10.025671, 53.501507 ], [ 10.025748, 53.501499 ], [ 10.025742, 53.501476 ] ], [ [ 10.025607, 53.501512 ], [ 10.02561, 53.50152 ], [ 10.0256, 53.501521 ], [ 10.025598, 53.501513 ], [ 10.025607, 53.501512 ] ] ] } },
{ "type": "Feature", "properties": { "oid": "DEHHALKAJ0000xMm", "gebaeudefunktion": 2463, "dachform": 1000.0, "dach_m2": 24.4, "gruen_m2": 23.9, "anteil": 97.9, "jahrgang": "2024", "quelle": "dachflaechen", "klasse": "gruendach", "herkunft": "modell_bestaetigt", "fehlerkategorie": "korrekt" }, "geometry": { "type": "Polygon", "coordinates": [ [ [ 9.994637, 53.509077 ], [ 9.994661, 53.50912 ], [ 9.994731, 53.509105 ], [ 9.994706, 53.509063 ], [ 9.994637, 53.509077 ] ] ] } },
{ "type": "Feature", "properties": { "oid": "DEHHALKAJ0000xMr", "gebaeudefunktion": 1010, "dachform": 2100.0, "dach_m2": 69.3, "gruen_m2": 53.9, "anteil": 77.7, "jahrgang": "2024", "quelle": "dachflaechen", "klasse": "gruendach", "herkunft": "modell_bestaetigt", "fehlerkategorie": "korrekt" }, "geometry": { "type": "Polygon", "coordinates": [ [ [ 10.025864, 53.500763 ], [ 10.025681, 53.500788 ], [ 10.025696, 53.500829 ], [ 10.025872, 53.500804 ], [ 10.025873, 53.500808 ], [ 10.025954, 53.500797 ], [ 10.025946, 53.500774 ], [ 10.025872, 53.500784 ], [ 10.025864, 53.500763 ] ] ] } },
{ "type": "Feature", "properties": { "oid": "DEHHALKAJ0000xNA", "gebaeudefunktion": 2463, "dachform": 1000.0, "dach_m2": 23.5, "gruen_m2": 23.4, "anteil": 99.6, "jahrgang": "2024", "quelle": "dachflaechen", "klasse": "gruendach", "herkunft": "modell_bestaetigt", "fehlerkategorie": "korrekt" }, "geometry": { "type": "Polygon", "coordinates": [ [ [ 9.995197, 53.509533 ], [ 9.995128, 53.509536 ], [ 9.995135, 53.509582 ], [ 9.995203, 53.509579 ], [ 9.995197, 53.509533 ] ] ] } },
{ "type": "Feature", "properties": { "oid": "DEHHALKAJ0000xOV", "gebaeudefunktion": 1010, "dachform": 2100.0, "dach_m2": 79.6, "gruen_m2": 62.0, "anteil": 77.9, "jahrgang": "2024", "quelle": "dachflaechen", "klasse": "gruendach", "herkunft": "modell_bestaetigt", "fehlerkategorie": "korrekt" }, "geometry": { "type": "Polygon", "coordinates": [ [ [ 10.025365, 53.500809 ], [ 10.025196, 53.500843 ], [ 10.025223, 53.500888 ], [ 10.025401, 53.500852 ], [ 10.025387, 53.500829 ], [ 10.025459, 53.500814 ], [ 10.025446, 53.500791 ], [ 10.025365, 53.500809 ] ], [ [ 10.025308, 53.500849 ], [ 10.025304, 53.500843 ], [ 10.025312, 53.500841 ], [ 10.025317, 53.50085 ], [ 10.025308, 53.500849 ] ] ] } },
{ "type": "Feature", "properties": { "oid": "DEHHALKAJ0000xP4", "gebaeudefunktion": 2463, "dachform": 1000.0, "dach_m2": 24.3, "gruen_m2": 17.6, "anteil": 72.5, "jahrgang": "2024", "quelle": "dachflaechen", "klasse": "gruendach", "herkunft": "modell_bestaetigt", "fehlerkategorie": "korrekt" }, "geometry": { "type": "Polygon", "coordinates": [ [ [ 9.994755, 53.509148 ], [ 9.994731, 53.509105 ], [ 9.994661, 53.50912 ], [ 9.994686, 53.509162 ], [ 9.994755, 53.509148 ] ] ] } },
{ "type": "Feature", "properties": { "oid": "DEHHALKAJ0000xTb", "gebaeudefunktion": 2463, "dachform": 1000.0, "dach_m2": 29.7, "gruen_m2": null, "anteil": null, "jahrgang": "2024", "quelle": "dachflaechen", "klasse": "gruendach", "herkunft": "stichprobe_gefunden", "fehlerkategorie": null }, "geometry": { "type": "Polygon", "coordinates": [ [ [ 10.016438, 53.504514 ], [ 10.016412, 53.504462 ], [ 10.016379, 53.504468 ], [ 10.016385, 53.504479 ], [ 10.016361, 53.504483 ], [ 10.01639, 53.504543 ], [ 10.016447, 53.504533 ], [ 10.016438, 53.504514 ] ], [ [ 10.016395, 53.50448 ], [ 10.016406, 53.504478 ], [ 10.016408, 53.504484 ], [ 10.016398, 53.504486 ], [ 10.016395, 53.50448 ] ] ] } },
{ "type": "Feature", "properties": { "oid": "DEHHALKAJ0000xXh", "gebaeudefunktion": 2150, "dachform": 1000.0, "dach_m2": 356.4, "gruen_m2": 181.6, "anteil": 51.0, "jahrgang": "2024", "quelle": "dachflaechen", "klasse": "gruendach", "herkunft": "modell_bestaetigt", "fehlerkategorie": "korrekt" }, "geometry": { "type": "Polygon", "coordinates": [ [ [ 10.015311, 53.526228 ], [ 10.015226, 53.526135 ], [ 10.015065, 53.526187 ], [ 10.015275, 53.526416 ], [ 10.015436, 53.526363 ], [ 10.015333, 53.52625 ], [ 10.015351, 53.526244 ], [ 10.015331, 53.526222 ], [ 10.015311, 53.526228 ] ], [ [ 10.015221, 53.526275 ], [ 10.015232, 53.526272 ], [ 10.015239, 53.526279 ], [ 10.015228, 53.526283 ], [ 10.015221, 53.526275 ] ] ] } },
{ "type": "Feature", "properties": { "oid": "DEHHALKAJ0000xYA", "gebaeudefunktion": 1010, "dachform": 2100.0, "dach_m2": 107.8, "gruen_m2": 61.2, "anteil": 56.8, "jahrgang": "2024", "quelle": "dachflaechen", "klasse": "gruendach", "herkunft": "modell_bestaetigt", "fehlerkategorie": "korrekt" }, "geometry": { "type": "Polygon", "coordinates": [ [ [ 10.025689, 53.500933 ], [ 10.025707, 53.500977 ], [ 10.026012, 53.500931 ], [ 10.026003, 53.50091 ], [ 10.025928, 53.500921 ], [ 10.025918, 53.500898 ], [ 10.025735, 53.500926 ], [ 10.025716, 53.500881 ], [ 10.02567, 53.500888 ], [ 10.025689, 53.500933 ] ] ] } },
{ "type": "Feature", "properties": { "oid": "DEHHALKAJ0000xYp", "gebaeudefunktion": 2726, "dachform": 3100.0, "dach_m2": 114.2, "gruen_m2": 44.0, "anteil": 38.5, "jahrgang": "2024", "quelle": "dachflaechen", "klasse": "gruendach", "herkunft": "modell_bestaetigt", "fehlerkategorie": null }, "geometry": { "type": "Polygon", "coordinates": [ [ [ 10.040452, 53.503222 ], [ 10.040435, 53.503222 ], [ 10.040435, 53.50333 ], [ 10.040511, 53.50333 ], [ 10.040511, 53.503226 ], [ 10.040618, 53.503235 ], [ 10.040628, 53.503189 ], [ 10.040462, 53.503176 ], [ 10.040452, 53.503222 ] ], [ [ 10.04048, 53.503301 ], [ 10.04048, 53.50331 ], [ 10.040463, 53.50331 ], [ 10.040463, 53.503301 ], [ 10.04048, 53.503301 ] ], [ [ 10.040468, 53.503262 ], [ 10.040468, 53.503272 ], [ 10.040451, 53.503272 ], [ 10.040451, 53.503262 ], [ 10.040468, 53.503262 ] ] ] } },
{ "type": "Feature", "properties": { "oid": "DEHHALKAJ0000xbH", "gebaeudefunktion": 1010, "dachform": 9999.0, "dach_m2": 73.3, "gruen_m2": 57.5, "anteil": 78.5, "jahrgang": "2024", "quelle": "dachflaechen", "klasse": "gruendach", "herkunft": "modell_bestaetigt", "fehlerkategorie": "korrekt" }, "geometry": { "type": "Polygon", "coordinates": [ [ [ 10.024903, 53.501449 ], [ 10.024887, 53.501448 ], [ 10.024878, 53.501491 ], [ 10.025065, 53.501505 ], [ 10.025069, 53.501483 ], [ 10.025146, 53.501489 ], [ 10.02515, 53.501467 ], [ 10.024903, 53.501449 ] ] ] } },
{ "type": "Feature", "properties": { "oid": "DEHHALKAJ0000xdL", "gebaeudefunktion": 1010, "dachform": 9999.0, "dach_m2": 82.8, "gruen_m2": 64.9, "anteil": 78.4, "jahrgang": "2024", "quelle": "dachflaechen", "klasse": "gruendach", "herkunft": "modell_bestaetigt", "fehlerkategorie": "korrekt" }, "geometry": { "type": "Polygon", "coordinates": [ [ [ 10.025663, 53.501588 ], [ 10.025664, 53.501591 ], [ 10.025747, 53.501583 ], [ 10.025741, 53.50156 ], [ 10.025665, 53.501567 ], [ 10.02567, 53.501587 ], [ 10.025657, 53.501539 ], [ 10.025679, 53.501537 ], [ 10.025679, 53.501534 ], [ 10.025472, 53.501554 ], [ 10.025486, 53.501605 ], [ 10.025663, 53.501588 ] ] ] } },
{ "type": "Feature", "properties": { "oid": "DEHHALKAJ0000xdP", "gebaeudefunktion": 2463, "dachform": 1000.0, "dach_m2": 25.7, "gruen_m2": 25.6, "anteil": 99.3, "jahrgang": "2024", "quelle": "dachflaechen", "klasse": "gruendach", "herkunft": "modell_bestaetigt", "fehlerkategorie": "korrekt" }, "geometry": { "type": "Polygon", "coordinates": [ [ [ 9.995858, 53.50899 ], [ 9.995932, 53.508986 ], [ 9.995926, 53.508939 ], [ 9.995852, 53.508943 ], [ 9.995858, 53.50899 ] ] ] } },
{ "type": "Feature", "properties": { "oid": "DEHHALKAJ0000xfE", "gebaeudefunktion": 2463, "dachform": 1000.0, "dach_m2": 22.9, "gruen_m2": 22.4, "anteil": 98.0, "jahrgang": "2024", "quelle": "dachflaechen", "klasse": "gruendach", "herkunft": "modell_bestaetigt", "fehlerkategorie": "korrekt" }, "geometry": { "type": "Polygon", "coordinates": [ [ [ 9.994829, 53.509274 ], [ 9.994806, 53.509235 ], [ 9.994736, 53.509249 ], [ 9.99476, 53.509289 ], [ 9.994829, 53.509274 ] ] ] } },
{ "type": "Feature", "properties": { "oid": "DEHHALKAJ0000xfG", "gebaeudefunktion": 1010, "dachform": 2100.0, "dach_m2": 81.1, "gruen_m2": 54.4, "anteil": 67.1, "jahrgang": "2024", "quelle": "dachflaechen", "klasse": "gruendach", "herkunft": "modell_bestaetigt", "fehlerkategorie": "korrekt" }, "geometry": { "type": "Polygon", "coordinates": [ [ [ 10.026047, 53.501011 ], [ 10.025752, 53.501056 ], [ 10.025769, 53.501095 ], [ 10.025989, 53.501062 ], [ 10.025981, 53.501045 ], [ 10.026057, 53.501034 ], [ 10.026047, 53.501011 ] ] ] } },
{ "type": "Feature", "properties": { "oid": "DEHHALKAJ0000xgD", "gebaeudefunktion": 1010, "dachform": 2100.0, "dach_m2": 76.4, "gruen_m2": 55.9, "anteil": 73.2, "jahrgang": "2024", "quelle": "dachflaechen", "klasse": "gruendach", "herkunft": "modell_bestaetigt", "fehlerkategorie": "korrekt" }, "geometry": { "type": "MultiPolygon", "coordinates": [ [ [ [ 10.025892, 53.500857 ], [ 10.025723, 53.500885 ], [ 10.025721, 53.50088 ], [ 10.025716, 53.500881 ], [ 10.025735, 53.500926 ], [ 10.025918, 53.500898 ], [ 10.025917, 53.500895 ], [ 10.025948, 53.50089 ], [ 10.02594, 53.500872 ], [ 10.025909, 53.500876 ], [ 10.025982, 53.500865 ], [ 10.025972, 53.500842 ], [ 10.025891, 53.500854 ], [ 10.025892, 53.500857 ] ] ], [ [ [ 10.025852, 53.500852 ], [ 10.025831, 53.500856 ], [ 10.025835, 53.500863 ], [ 10.025855, 53.50086 ], [ 10.025852, 53.500852 ] ] ] ] } },
{ "type": "Feature", "properties": { "oid": "DEHHALKAJ0000xit", "gebaeudefunktion": 1010, "dachform": 9999.0, "dach_m2": 78.6, "gruen_m2": 63.4, "anteil": 80.6, "jahrgang": "2024", "quelle": "dachflaechen", "klasse": "gruendach", "herkunft": "modell_bestaetigt", "fehlerkategorie": "korrekt" }, "geometry": { "type": "Polygon", "coordinates": [ [ [ 10.025712, 53.501377 ], [ 10.025454, 53.501402 ], [ 10.025467, 53.501451 ], [ 10.025651, 53.501433 ], [ 10.025644, 53.501405 ], [ 10.025717, 53.501398 ], [ 10.025712, 53.501377 ] ] ] } },
{ "type": "Feature", "properties": { "oid": "DEHHALKAJ0000xjr", "gebaeudefunktion": 1010, "dachform": 2100.0, "dach_m2": 66.6, "gruen_m2": 53.7, "anteil": 80.6, "jahrgang": "2024", "quelle": "dachflaechen", "klasse": "gruendach", "herkunft": "modell_bestaetigt", "fehlerkategorie": "korrekt" }, "geometry": { "type": "Polygon", "coordinates": [ [ [ 10.025955, 53.500984 ], [ 10.025772, 53.501011 ], [ 10.025789, 53.50105 ], [ 10.026047, 53.501011 ], [ 10.026039, 53.500992 ], [ 10.025963, 53.501004 ], [ 10.025955, 53.500984 ] ], [ [ 10.025876, 53.501014 ], [ 10.025879, 53.501023 ], [ 10.02587, 53.501024 ], [ 10.025867, 53.501015 ], [ 10.025876, 53.501014 ] ] ] } },
{ "type": "Feature", "properties": { "oid": "DEHHALKAJ0000xn2", "gebaeudefunktion": 2463, "dachform": 1000.0, "dach_m2": 23.5, "gruen_m2": 23.4, "anteil": 99.8, "jahrgang": "2024", "quelle": "dachflaechen", "klasse": "gruendach", "herkunft": "modell_bestaetigt", "fehlerkategorie": "korrekt" }, "geometry": { "type": "Polygon", "coordinates": [ [ [ 9.995602, 53.50928 ], [ 9.995596, 53.509234 ], [ 9.995527, 53.509237 ], [ 9.995533, 53.509283 ], [ 9.995602, 53.50928 ] ] ] } },
{ "type": "Feature", "properties": { "oid": "DEHHALKAJ0000xnb", "gebaeudefunktion": 2463, "dachform": 1000.0, "dach_m2": 25.0, "gruen_m2": 25.0, "anteil": 100.0, "jahrgang": "2024", "quelle": "dachflaechen", "klasse": "gruendach", "herkunft": "modell_bestaetigt", "fehlerkategorie": "sonstiges" }, "geometry": { "type": "Polygon", "coordinates": [ [ [ 9.995346, 53.508494 ], [ 9.99534, 53.508447 ], [ 9.995268, 53.508451 ], [ 9.995274, 53.508497 ], [ 9.995346, 53.508494 ] ] ] } },
{ "type": "Feature", "properties": { "oid": "DEHHALKAJ0000xoQ", "gebaeudefunktion": 2463, "dachform": 1000.0, "dach_m2": 24.0, "gruen_m2": null, "anteil": null, "jahrgang": "2024", "quelle": "dachflaechen", "klasse": "gruendach", "herkunft": "haendisch_ergaenzt", "fehlerkategorie": "baumueberschirmung" }, "geometry": { "type": "Polygon", "coordinates": [ [ [ 9.995125, 53.508458 ], [ 9.995132, 53.508505 ], [ 9.995201, 53.508501 ], [ 9.995194, 53.508455 ], [ 9.995125, 53.508458 ] ] ] } },
{ "type": "Feature", "properties": { "oid": "DEHHALKAJ0000xqh", "gebaeudefunktion": 2463, "dachform": 1000.0, "dach_m2": 25.5, "gruen_m2": 24.5, "anteil": 96.4, "jahrgang": "2024", "quelle": "dachflaechen", "klasse": "gruendach", "herkunft": "modell_bestaetigt", "fehlerkategorie": "sonstiges" }, "geometry": { "type": "Polygon", "coordinates": [ [ [ 9.995274, 53.508497 ], [ 9.995268, 53.508451 ], [ 9.995194, 53.508455 ], [ 9.995201, 53.508501 ], [ 9.995274, 53.508497 ] ] ] } },
{ "type": "Feature", "properties": { "oid": "DEHHALKAJ0000xrd", "gebaeudefunktion": 2463, "dachform": 1000.0, "dach_m2": 25.5, "gruen_m2": 25.5, "anteil": 99.9, "jahrgang": "2024", "quelle": "dachflaechen", "klasse": "gruendach", "herkunft": "modell_bestaetigt", "fehlerkategorie": "korrekt" }, "geometry": { "type": "Polygon", "coordinates": [ [ [ 9.99542, 53.50849 ], [ 9.995413, 53.508444 ], [ 9.99534, 53.508447 ], [ 9.995346, 53.508494 ], [ 9.99542, 53.50849 ] ] ] } },
{ "type": "Feature", "properties": { "oid": "DEHHALKAJ0000xu7", "gebaeudefunktion": 2463, "dachform": 1000.0, "dach_m2": 25.4, "gruen_m2": 25.4, "anteil": 100.0, "jahrgang": "2024", "quelle": "dachflaechen", "klasse": "gruendach", "herkunft": "modell_bestaetigt", "fehlerkategorie": "korrekt" }, "geometry": { "type": "Polygon", "coordinates": [ [ [ 9.99542, 53.50849 ], [ 9.995493, 53.508487 ], [ 9.995487, 53.50844 ], [ 9.995413, 53.508444 ], [ 9.99542, 53.50849 ] ] ] } },
{ "type": "Feature", "properties": { "oid": "DEHHALKAJ0000y0Q", "gebaeudefunktion": 2463, "dachform": 1000.0, "dach_m2": 28.5, "gruen_m2": 25.5, "anteil": 89.5, "jahrgang": "2024", "quelle": "alkis", "klasse": "gruendach", "herkunft": "modell_bestaetigt", "fehlerkategorie": null }, "geometry": { "type": "Polygon", "coordinates": [ [ [ 9.996073, 53.50893 ], [ 9.995999, 53.508934 ], [ 9.996006, 53.508986 ], [ 9.99608, 53.508982 ], [ 9.996073, 53.50893 ] ] ] } },
{ "type": "Feature", "properties": { "oid": "DEHHALKAJ0000y0Z", "gebaeudefunktion": 1010, "dachform": 9999.0, "dach_m2": 72.8, "gruen_m2": 57.3, "anteil": 78.7, "jahrgang": "2024", "quelle": "dachflaechen", "klasse": "gruendach", "herkunft": "modell_bestaetigt", "fehlerkategorie": "korrekt" }, "geometry": { "type": "Polygon", "coordinates": [ [ [ 10.02616, 53.501254 ], [ 10.026151, 53.501231 ], [ 10.025897, 53.501268 ], [ 10.025914, 53.501312 ], [ 10.026096, 53.501286 ], [ 10.026087, 53.501264 ], [ 10.02616, 53.501254 ] ] ] } },
{ "type": "Feature", "properties": { "oid": "DEHHALKAJ0000y2M", "gebaeudefunktion": 2463, "dachform": 1000.0, "dach_m2": 25.6, "gruen_m2": 25.4, "anteil": 99.4, "jahrgang": "2024", "quelle": "dachflaechen", "klasse": "gruendach", "herkunft": "modell_bestaetigt", "fehlerkategorie": "korrekt" }, "geometry": { "type": "Polygon", "coordinates": [ [ [ 9.995937, 53.509543 ], [ 9.99593, 53.509496 ], [ 9.995857, 53.5095 ], [ 9.995863, 53.509547 ], [ 9.995937, 53.509543 ] ] ] } },
{ "type": "Feature", "properties": { "oid": "DEHHALKAVG000046", "gebaeudefunktion": 2020, "dachform": 1000.0, "dach_m2": 891.6, "gruen_m2": 655.9, "anteil": 73.6, "jahrgang": "2024", "quelle": "dachflaechen", "klasse": "gruendach", "herkunft": "modell_bestaetigt", "fehlerkategorie": "korrekt" }, "geometry": { "type": "MultiPolygon", "coordinates": [ [ [ [ 9.990262, 53.522318 ], [ 9.990209, 53.522326 ], [ 9.990261, 53.52232 ], [ 9.99033, 53.522474 ], [ 9.990262, 53.522318 ] ] ], [ [ [ 9.990259, 53.522322 ], [ 9.990048, 53.522354 ], [ 9.99022, 53.522749 ], [ 9.990431, 53.522717 ], [ 9.99026, 53.522325 ], [ 9.990259, 53.522322 ] ], [ [ 9.990172, 53.522603 ], [ 9.990167, 53.52259 ], [ 9.990187, 53.522587 ], [ 9.990193, 53.5226 ], [ 9.990184, 53.522601 ], [ 9.990172, 53.522603 ] ], [ [ 9.990205, 53.522609 ], [ 9.990209, 53.522621 ], [ 9.990181, 53.522625 ], [ 9.990176, 53.522613 ], [ 9.990181, 53.522612 ], [ 9.990205, 53.522609 ] ], [ [ 9.99017, 53.522544 ], [ 9.990175, 53.522555 ], [ 9.990154, 53.522558 ], [ 9.990149, 53.522546 ], [ 9.99017, 53.522544 ] ], [ [ 9.99016, 53.522496 ], [ 9.990164, 53.522507 ], [ 9.990122, 53.522513 ], [ 9.990118, 53.522501 ], [ 9.99016, 53.522496 ] ] ], [ [ [ 9.989742, 53.522808 ], [ 9.990202, 53.522736 ], [ 9.990198, 53.522725 ], [ 9.989756, 53.522794 ], [ 9.989727, 53.522727 ], [ 9.989708, 53.52273 ], [ 9.989742, 53.522808 ] ] ], [ [ [ 9.990195, 53.52272 ], [ 9.990171, 53.522663 ], [ 9.989738, 53.52273 ], [ 9.989763, 53.522787 ], [ 9.990195, 53.52272 ] ] ] ] } },
{ "type": "Feature", "properties": { "oid": "DEHHALKAW400005W", "gebaeudefunktion": 1010, "dachform": 1000.0, "dach_m2": 519.3, "gruen_m2": 316.4, "anteil": 60.9, "jahrgang": "2024", "quelle": "dachflaechen", "klasse": "gruendach", "herkunft": "modell_bestaetigt", "fehlerkategorie": "korrekt" }, "geometry": { "type": "MultiPolygon", "coordinates": [ [ [ [ 9.994816, 53.495251 ], [ 9.994806, 53.49517 ], [ 9.994716, 53.495175 ], [ 9.99464, 53.49518 ], [ 9.994644, 53.495209 ], [ 9.994723, 53.495205 ], [ 9.994729, 53.495255 ], [ 9.994816, 53.495251 ] ], [ [ 9.994703, 53.49518 ], [ 9.994704, 53.495191 ], [ 9.994686, 53.495192 ], [ 9.994685, 53.495181 ], [ 9.994703, 53.49518 ] ] ], [ [ [ 9.994679, 53.494858 ], [ 9.994703, 53.494857 ], [ 9.994706, 53.494879 ], [ 9.994682, 53.49488 ], [ 9.994689, 53.494934 ], [ 9.994777, 53.49493 ], [ 9.994766, 53.494849 ], [ 9.994679, 53.494853 ], [ 9.994679, 53.494858 ] ] ], [ [ [ 9.99472, 53.495207 ], [ 9.994575, 53.495214 ], [ 9.994581, 53.495264 ], [ 9.994727, 53.495258 ], [ 9.99472, 53.495207 ] ] ], [ [ [ 9.99457, 53.495181 ], [ 9.994716, 53.495175 ], [ 9.994709, 53.495125 ], [ 9.994564, 53.495131 ], [ 9.99457, 53.495181 ] ] ], [ [ [ 9.994555, 53.495052 ], [ 9.994561, 53.495102 ], [ 9.994706, 53.495096 ], [ 9.9947, 53.495046 ], [ 9.994555, 53.495052 ] ] ], [ [ [ 9.99463, 53.495101 ], [ 9.994633, 53.495127 ], [ 9.994704, 53.495124 ], [ 9.994701, 53.495098 ], [ 9.99463, 53.495101 ] ], [ [ 9.994677, 53.495101 ], [ 9.994695, 53.4951 ], [ 9.994695, 53.495105 ], [ 9.994678, 53.495106 ], [ 9.994677, 53.495101 ] ] ], [ [ [ 9.99469, 53.494967 ], [ 9.994544, 53.494973 ], [ 9.994551, 53.495023 ], [ 9.994696, 53.495016 ], [ 9.99469, 53.494967 ] ] ], [ [ [ 9.994694, 53.495045 ], [ 9.994691, 53.495019 ], [ 9.994621, 53.495022 ], [ 9.994624, 53.495048 ], [ 9.994694, 53.495045 ] ], [ [ 9.994667, 53.495027 ], [ 9.994667, 53.495022 ], [ 9.994685, 53.495021 ], [ 9.994685, 53.495026 ], [ 9.994667, 53.495027 ] ] ], [ [ [ 9.99453, 53.494857 ], [ 9.99454, 53.494944 ], [ 9.994686, 53.494937 ], [ 9.994675, 53.49485 ], [ 9.99453, 53.494857 ] ], [ [ 9.994645, 53.494871 ], [ 9.994644, 53.49486 ], [ 9.994662, 53.49486 ], [ 9.994663, 53.49487 ], [ 9.994645, 53.494871 ] ], [ [ 9.994562, 53.494873 ], [ 9.99455, 53.494873 ], [ 9.994549, 53.494867 ], [ 9.994561, 53.494866 ], [ 9.994562, 53.494873 ] ] ], [ [ [ 9.994681, 53.494939 ], [ 9.99461, 53.494942 ], [ 9.994614, 53.494968 ], [ 9.994684, 53.494966 ], [ 9.994681, 53.494939 ] ], [ [ 9.994657, 53.494943 ], [ 9.994675, 53.494942 ], [ 9.994675, 53.494947 ], [ 9.994658, 53.494948 ], [ 9.994657, 53.494943 ] ] ], [ [ [ 9.994636, 53.495209 ], [ 9.994632, 53.49518 ], [ 9.994576, 53.495183 ], [ 9.994579, 53.495212 ], [ 9.994636, 53.495209 ] ] ], [ [ [ 9.994566, 53.495103 ], [ 9.994569, 53.495129 ], [ 9.994626, 53.495127 ], [ 9.994623, 53.495101 ], [ 9.994566, 53.495103 ] ] ], [ [ [ 9.994616, 53.495048 ], [ 9.994613, 53.495022 ], [ 9.994556, 53.495024 ], [ 9.99456, 53.49505 ], [ 9.994616, 53.495048 ] ] ], [ [ [ 9.994602, 53.494943 ], [ 9.994546, 53.494945 ], [ 9.994549, 53.494971 ], [ 9.994606, 53.494969 ], [ 9.994602, 53.494943 ] ] ], [ [ [ 9.994548, 53.495181 ], [ 9.99455, 53.495199 ], [ 9.99457, 53.495198 ], [ 9.994567, 53.495181 ], [ 9.994548, 53.495181 ] ] ], [ [ [ 9.994538, 53.495102 ], [ 9.99454, 53.495119 ], [ 9.99456, 53.495118 ], [ 9.994557, 53.495104 ], [ 9.994538, 53.495102 ] ] ], [ [ [ 9.994528, 53.495023 ], [ 9.99453, 53.49504 ], [ 9.99455, 53.495039 ], [ 9.994548, 53.495025 ], [ 9.994528, 53.495023 ] ] ], [ [ [ 9.994518, 53.494944 ], [ 9.99452, 53.494961 ], [ 9.994539, 53.49496 ], [ 9.994537, 53.494945 ], [ 9.994518, 53.494944 ] ] ], [ [ [ 9.994508, 53.49486 ], [ 9.99451, 53.494878 ], [ 9.994529, 53.494877 ], [ 9.994527, 53.494859 ], [ 9.994508, 53.49486 ] ] ] ] } },
{ "type": "Feature", "properties": { "oid": "DEHHALKAfg00002k", "gebaeudefunktion": 2020, "dachform": 1000.0, "dach_m2": 145.5, "gruen_m2": 29.4, "anteil": 20.2, "jahrgang": "2024", "quelle": "dachflaechen", "klasse": "gruendach", "herkunft": "modell_bestaetigt", "fehlerkategorie": "junge_vegetation" }, "geometry": { "type": "Polygon", "coordinates": [ [ [ 9.991194, 53.523479 ], [ 9.991154, 53.523384 ], [ 9.990958, 53.523414 ], [ 9.991, 53.523509 ], [ 9.991194, 53.523479 ] ] ] } },
{ "type": "Feature", "properties": { "oid": "DEHHALKAk10000Ly", "gebaeudefunktion": 1010, "dachform": 1000.0, "dach_m2": 1647.5, "gruen_m2": 1437.8, "anteil": 87.3, "jahrgang": "2024", "quelle": "dachflaechen", "klasse": "gruendach", "herkunft": "modell_bestaetigt", "fehlerkategorie": "baumueberschirmung" }, "geometry": { "type": "MultiPolygon", "coordinates": [ [ [ [ 9.991852, 53.495793 ], [ 9.991839, 53.495897 ], [ 9.991962, 53.495892 ], [ 9.991958, 53.495904 ], [ 9.99195, 53.495904 ], [ 9.991953, 53.495896 ], [ 9.991838, 53.495901 ], [ 9.991825, 53.495936 ], [ 9.991862, 53.495929 ], [ 9.991863, 53.495935 ], [ 9.991952, 53.495931 ], [ 9.991962, 53.495898 ], [ 9.991969, 53.495866 ], [ 9.991974, 53.495806 ], [ 9.991956, 53.495633 ], [ 9.991649, 53.495685 ], [ 9.991623, 53.495686 ], [ 9.991629, 53.495733 ], [ 9.991619, 53.495733 ], [ 9.991623, 53.495764 ], [ 9.991849, 53.495755 ], [ 9.991852, 53.495793 ] ], [ [ 9.991925, 53.495887 ], [ 9.991925, 53.495892 ], [ 9.991904, 53.495893 ], [ 9.991903, 53.495887 ], [ 9.991925, 53.495887 ] ], [ [ 9.991918, 53.495753 ], [ 9.991911, 53.495754 ], [ 9.99191, 53.495747 ], [ 9.991917, 53.495746 ], [ 9.991918, 53.495753 ] ], [ [ 9.99187, 53.495776 ], [ 9.991888, 53.49578 ], [ 9.991881, 53.495783 ], [ 9.991881, 53.495788 ], [ 9.991872, 53.495788 ], [ 9.99187, 53.495776 ] ], [ [ 9.991853, 53.495717 ], [ 9.991854, 53.495722 ], [ 9.991772, 53.495726 ], [ 9.991771, 53.495721 ], [ 9.991853, 53.495717 ] ], [ [ 9.991819, 53.49573 ], [ 9.99182, 53.495734 ], [ 9.991809, 53.495735 ], [ 9.991808, 53.49573 ], [ 9.991819, 53.49573 ] ], [ [ 9.991766, 53.495734 ], [ 9.991768, 53.495744 ], [ 9.991749, 53.495745 ], [ 9.991748, 53.495734 ], [ 9.991766, 53.495734 ] ] ], [ [ [ 9.991594, 53.496053 ], [ 9.991606, 53.496058 ], [ 9.991898, 53.496045 ], [ 9.99195, 53.495937 ], [ 9.991579, 53.495953 ], [ 9.991594, 53.496053 ] ], [ [ 9.991769, 53.495981 ], [ 9.991853, 53.495977 ], [ 9.991854, 53.495983 ], [ 9.99177, 53.495987 ], [ 9.991769, 53.495981 ] ], [ [ 9.991817, 53.495986 ], [ 9.991817, 53.495991 ], [ 9.991806, 53.495991 ], [ 9.991806, 53.495987 ], [ 9.991817, 53.495986 ] ], [ [ 9.991794, 53.495992 ], [ 9.991795, 53.496003 ], [ 9.991776, 53.496003 ], [ 9.991775, 53.495992 ], [ 9.991794, 53.495992 ] ] ], [ [ [ 9.991187, 53.495838 ], [ 9.99119, 53.495788 ], [ 9.991181, 53.495716 ], [ 9.991235, 53.495714 ], [ 9.991553, 53.495767 ], [ 9.991617, 53.495765 ], [ 9.991613, 53.49573 ], [ 9.991623, 53.49573 ], [ 9.991617, 53.495687 ], [ 9.991584, 53.495688 ], [ 9.991271, 53.495637 ], [ 9.991082, 53.495645 ], [ 9.99108, 53.495624 ], [ 9.991063, 53.49562 ], [ 9.991057, 53.49557 ], [ 9.990985, 53.495574 ], [ 9.990996, 53.495674 ], [ 9.99098, 53.495675 ], [ 9.990982, 53.49569 ], [ 9.990999, 53.495689 ], [ 9.991034, 53.49597 ], [ 9.991108, 53.495967 ], [ 9.991388, 53.496013 ], [ 9.991405, 53.496026 ], [ 9.991409, 53.496055 ], [ 9.991419, 53.496064 ], [ 9.991519, 53.496061 ], [ 9.991504, 53.495943 ], [ 9.991173, 53.495888 ], [ 9.991187, 53.495838 ] ], [ [ 9.991413, 53.495712 ], [ 9.991416, 53.495706 ], [ 9.991499, 53.495721 ], [ 9.991497, 53.495726 ], [ 9.991413, 53.495712 ] ], [ [ 9.99148, 53.496028 ], [ 9.991477, 53.496007 ], [ 9.991486, 53.496006 ], [ 9.991489, 53.496028 ], [ 9.99148, 53.496028 ] ], [ [ 9.991463, 53.496031 ], [ 9.991472, 53.496031 ], [ 9.991473, 53.496035 ], [ 9.991463, 53.496036 ], [ 9.991463, 53.496031 ] ], [ [ 9.991442, 53.495727 ], [ 9.991444, 53.495723 ], [ 9.991453, 53.495724 ], [ 9.991451, 53.495729 ], [ 9.991442, 53.495727 ] ], [ [ 9.991422, 53.496002 ], [ 9.991421, 53.495996 ], [ 9.991458, 53.495995 ], [ 9.991459, 53.496001 ], [ 9.991422, 53.496002 ] ], [ [ 9.99143, 53.496029 ], [ 9.991429, 53.496019 ], [ 9.991446, 53.496018 ], [ 9.991448, 53.496029 ], [ 9.99143, 53.496029 ] ], [ [ 9.991432, 53.495732 ], [ 9.991415, 53.49573 ], [ 9.991419, 53.49572 ], [ 9.991437, 53.495723 ], [ 9.991432, 53.495732 ] ], [ [ 9.991302, 53.495711 ], [ 9.991304, 53.495706 ], [ 9.991309, 53.495707 ], [ 9.991307, 53.495712 ], [ 9.991302, 53.495711 ] ], [ [ 9.99112, 53.495932 ], [ 9.991127, 53.495932 ], [ 9.991127, 53.495935 ], [ 9.99112, 53.495935 ], [ 9.99112, 53.495932 ] ], [ [ 9.991061, 53.495752 ], [ 9.991058, 53.495729 ], [ 9.991068, 53.495729 ], [ 9.991071, 53.495752 ], [ 9.991061, 53.495752 ] ], [ [ 9.991028, 53.495776 ], [ 9.991065, 53.495774 ], [ 9.991066, 53.495781 ], [ 9.991029, 53.495782 ], [ 9.991028, 53.495776 ] ], [ [ 9.99105, 53.495772 ], [ 9.99105, 53.495765 ], [ 9.991058, 53.495765 ], [ 9.991058, 53.495771 ], [ 9.99105, 53.495772 ] ], [ [ 9.991046, 53.49575 ], [ 9.991047, 53.495761 ], [ 9.99103, 53.495761 ], [ 9.991029, 53.495751 ], [ 9.991046, 53.49575 ] ], [ [ 9.991041, 53.495766 ], [ 9.991044, 53.49577 ], [ 9.991038, 53.495772 ], [ 9.991034, 53.495768 ], [ 9.991041, 53.495766 ] ] ], [ [ [ 9.991584, 53.496054 ], [ 9.99157, 53.495954 ], [ 9.991512, 53.495945 ], [ 9.991526, 53.496061 ], [ 9.991589, 53.496058 ], [ 9.991584, 53.496054 ] ] ] ] } },
{ "type": "Feature", "properties": { "oid": "DEHHALKAtv0000Au", "gebaeudefunktion": 1010, "dachform": 1000.0, "dach_m2": 581.8, "gruen_m2": 319.1, "anteil": 54.8, "jahrgang": "2024", "quelle": "dachflaechen", "klasse": "gruendach", "herkunft": "modell_ungeprueft", "fehlerkategorie": null }, "geometry": { "type": "MultiPolygon", "coordinates": [ [ [ [ 9.986173, 53.507944 ], [ 9.986159, 53.507945 ], [ 9.986165, 53.507989 ], [ 9.986179, 53.507989 ], [ 9.986173, 53.507944 ] ] ], [ [ [ 9.986158, 53.507827 ], [ 9.986144, 53.507828 ], [ 9.98615, 53.507872 ], [ 9.986164, 53.507872 ], [ 9.986158, 53.507827 ] ] ], [ [ [ 9.985759, 53.507978 ], [ 9.985771, 53.508073 ], [ 9.986162, 53.508055 ], [ 9.986117, 53.507709 ], [ 9.985958, 53.507717 ], [ 9.985991, 53.507967 ], [ 9.985759, 53.507978 ] ] ] ] } },
{ "type": "Feature", "properties": { "oid": "DEHHALKAtv0000Az", "gebaeudefunktion": 1010, "dachform": 1000.0, "dach_m2": 586.2, "gruen_m2": 320.2, "anteil": 54.6, "jahrgang": "2024", "quelle": "dachflaechen", "klasse": "gruendach", "herkunft": "modell_ungeprueft", "fehlerkategorie": null }, "geometry": { "type": "MultiPolygon", "coordinates": [ [ [ [ 9.986111, 53.507473 ], [ 9.986097, 53.507474 ], [ 9.986103, 53.50752 ], [ 9.986117, 53.50752 ], [ 9.986111, 53.507473 ] ] ], [ [ [ 9.986096, 53.507357 ], [ 9.986082, 53.507358 ], [ 9.986088, 53.507402 ], [ 9.986102, 53.507401 ], [ 9.986096, 53.507357 ] ] ], [ [ [ 9.985708, 53.507603 ], [ 9.9861, 53.507587 ], [ 9.986055, 53.50724 ], [ 9.985896, 53.507247 ], [ 9.985929, 53.507498 ], [ 9.985697, 53.507509 ], [ 9.985708, 53.507603 ] ] ], [ [ [ 9.985848, 53.507604 ], [ 9.985849, 53.507612 ], [ 9.985906, 53.50761 ], [ 9.985905, 53.507601 ], [ 9.985848, 53.507604 ] ] ] ] } },
{ "type": "Feature", "properties": { "oid": "DEHHALKAtv0000B4", "gebaeudefunktion": 1010, "dachform": 1000.0, "dach_m2": 379.3, "gruen_m2": 161.4, "anteil": 42.6, "jahrgang": "2024", "quelle": "dachflaechen", "klasse": "gruendach", "herkunft": "modell_ungeprueft", "fehlerkategorie": null }, "geometry": { "type": "Polygon", "coordinates": [ [ [ 9.985826, 53.506879 ], [ 9.985823, 53.506887 ], [ 9.985832, 53.506888 ], [ 9.985821, 53.506927 ], [ 9.985831, 53.506928 ], [ 9.985774, 53.507127 ], [ 9.986039, 53.507114 ], [ 9.986007, 53.50688 ], [ 9.986016, 53.506879 ], [ 9.986015, 53.50687 ], [ 9.985826, 53.506879 ] ], [ [ 9.985896, 53.507051 ], [ 9.98591, 53.507004 ], [ 9.98593, 53.507003 ], [ 9.985937, 53.507049 ], [ 9.985896, 53.507051 ] ] ] } },
{ "type": "Feature", "properties": { "oid": "DEHHALKAJ0000ojO", "gebaeudefunktion": 2441, "dachform": null, "dach_m2": 169.1, "gruen_m2": null, "anteil": null, "jahrgang": "2024", "quelle": "dachflaechen", "klasse": "unklar", "herkunft": "nicht_bewertbar", "fehlerkategorie": "sonstiges" }, "geometry": { "type": "MultiPolygon", "coordinates": [ [ [ [ 9.959464, 53.54172 ], [ 9.959473, 53.541695 ], [ 9.959467, 53.541671 ], [ 9.959445, 53.541649 ], [ 9.959412, 53.541634 ], [ 9.959372, 53.541626 ], [ 9.959323, 53.54163 ], [ 9.959287, 53.541643 ], [ 9.959261, 53.541662 ], [ 9.959249, 53.541687 ], [ 9.959253, 53.541712 ], [ 9.959276, 53.541737 ], [ 9.95931, 53.541753 ], [ 9.959357, 53.54176 ], [ 9.959398, 53.541756 ], [ 9.959435, 53.541743 ], [ 9.959464, 53.54172 ] ], [ [ 9.959377, 53.541755 ], [ 9.959344, 53.541754 ], [ 9.959337, 53.541754 ], [ 9.959301, 53.541745 ], [ 9.959275, 53.541728 ], [ 9.95927, 53.541725 ], [ 9.959257, 53.541703 ], [ 9.959258, 53.541679 ], [ 9.959275, 53.541658 ], [ 9.959278, 53.541655 ], [ 9.959303, 53.541642 ], [ 9.959307, 53.541639 ], [ 9.959345, 53.541631 ], [ 9.959364, 53.54163 ], [ 9.959377, 53.541632 ], [ 9.95939, 53.541633 ], [ 9.959419, 53.541642 ], [ 9.959426, 53.541644 ], [ 9.959452, 53.541661 ], [ 9.959462, 53.541676 ], [ 9.959466, 53.541687 ], [ 9.959463, 53.541703 ], [ 9.959462, 53.541711 ], [ 9.959446, 53.541728 ], [ 9.959444, 53.541732 ], [ 9.959419, 53.541744 ], [ 9.959414, 53.541747 ], [ 9.959377, 53.541755 ] ] ], [ [ [ 9.959275, 53.541658 ], [ 9.95926, 53.541679 ], [ 9.959259, 53.541703 ], [ 9.959275, 53.541728 ], [ 9.959302, 53.541744 ], [ 9.959344, 53.541754 ], [ 9.959383, 53.541753 ], [ 9.959419, 53.541744 ], [ 9.959446, 53.541728 ], [ 9.959463, 53.541703 ], [ 9.959462, 53.54168 ], [ 9.959446, 53.541659 ], [ 9.959419, 53.541642 ], [ 9.959377, 53.541632 ], [ 9.959339, 53.541633 ], [ 9.959303, 53.541642 ], [ 9.959275, 53.541658 ] ] ] ] } },
{ "type": "Feature", "properties": { "oid": "DEHHALKAJ0000pu9", "gebaeudefunktion": 1010, "dachform": 3700.0, "dach_m2": 40.4, "gruen_m2": null, "anteil": null, "jahrgang": "2024", "quelle": "dachflaechen", "klasse": "unklar", "herkunft": "nicht_bewertbar", "fehlerkategorie": null }, "geometry": { "type": "Polygon", "coordinates": [ [ [ 10.006967, 53.487037 ], [ 10.006967, 53.487062 ], [ 10.006998, 53.487079 ], [ 10.00704, 53.487076 ], [ 10.007056, 53.487068 ], [ 10.007064, 53.487053 ], [ 10.00709, 53.487047 ], [ 10.007074, 53.487022 ], [ 10.007048, 53.487027 ], [ 10.00702, 53.487019 ], [ 10.006998, 53.48702 ], [ 10.006967, 53.487037 ] ] ] } },
{ "type": "Feature", "properties": { "oid": "DEHHALKAJ0000pxS", "gebaeudefunktion": 2463, "dachform": 1000.0, "dach_m2": 31.5, "gruen_m2": null, "anteil": null, "jahrgang": "2024", "quelle": "alkis", "klasse": "unklar", "herkunft": "nicht_bewertbar", "fehlerkategorie": "baumueberschirmung" }, "geometry": { "type": "Polygon", "coordinates": [ [ [ 10.049824, 53.478054 ], [ 10.049767, 53.47809 ], [ 10.04983, 53.478125 ], [ 10.049887, 53.478089 ], [ 10.049824, 53.478054 ] ] ] } },
{ "type": "Feature", "properties": { "oid": "DEHHALKAJ0000qp1", "gebaeudefunktion": 2611, "dachform": 1000.0, "dach_m2": 149.5, "gruen_m2": null, "anteil": null, "jahrgang": "2024", "quelle": "dachflaechen", "klasse": "unklar", "herkunft": "nicht_bewertbar", "fehlerkategorie": "sonstiges" }, "geometry": { "type": "Polygon", "coordinates": [ [ [ 9.964097, 53.484989 ], [ 9.964095, 53.484965 ], [ 9.964076, 53.484941 ], [ 9.964043, 53.484925 ], [ 9.964007, 53.484919 ], [ 9.963973, 53.484919 ], [ 9.963936, 53.484929 ], [ 9.963906, 53.484947 ], [ 9.963891, 53.484971 ], [ 9.963893, 53.484995 ], [ 9.963914, 53.48502 ], [ 9.963945, 53.485035 ], [ 9.963986, 53.485042 ], [ 9.964029, 53.485039 ], [ 9.964064, 53.485027 ], [ 9.964086, 53.48501 ], [ 9.964097, 53.484989 ] ] ] } },
{ "type": "Feature", "properties": { "oid": "DEHHALKAJ0000rP9", "gebaeudefunktion": 3074, "dachform": 1000.0, "dach_m2": 109.7, "gruen_m2": null, "anteil": null, "jahrgang": "2024", "quelle": "dachflaechen", "klasse": "unklar", "herkunft": "nicht_bewertbar", "fehlerkategorie": null }, "geometry": { "type": "Polygon", "coordinates": [ [ [ 9.991927, 53.481482 ], [ 9.991913, 53.481511 ], [ 9.991922, 53.481534 ], [ 9.991946, 53.481553 ], [ 9.99198, 53.481562 ], [ 9.992019, 53.481563 ], [ 9.992052, 53.481555 ], [ 9.992081, 53.481539 ], [ 9.992094, 53.48151 ], [ 9.992086, 53.481487 ], [ 9.992058, 53.481467 ], [ 9.992026, 53.481458 ], [ 9.99198, 53.481459 ], [ 9.991948, 53.481467 ], [ 9.991927, 53.481482 ] ] ] } },
{ "type": "Feature", "properties": { "oid": "DEHHALKAJ0000sYv", "gebaeudefunktion": 2463, "dachform": 1000.0, "dach_m2": 39.8, "gruen_m2": null, "anteil": null, "jahrgang": "2024", "quelle": "dachflaechen", "klasse": "unklar", "herkunft": "nicht_bewertbar", "fehlerkategorie": "baumueberschirmung" }, "geometry": { "type": "Polygon", "coordinates": [ [ [ 9.988078, 53.504531 ], [ 9.988028, 53.504553 ], [ 9.988063, 53.504582 ], [ 9.988185, 53.504528 ], [ 9.98815, 53.5045 ], [ 9.988078, 53.504531 ] ] ] } },
{ "type": "Feature", "properties": { "oid": "DEHHALKAJ0000tEg", "gebaeudefunktion": 2140, "dachform": 3100.0, "dach_m2": 100.4, "gruen_m2": null, "anteil": null, "jahrgang": "2024", "quelle": "dachflaechen", "klasse": "unklar", "herkunft": "nicht_bewertbar", "fehlerkategorie": "junge_vegetation" }, "geometry": { "type": "Polygon", "coordinates": [ [ [ 9.967195, 53.502892 ], [ 9.967261, 53.502926 ], [ 9.96743, 53.502809 ], [ 9.967364, 53.502775 ], [ 9.967195, 53.502892 ] ] ] } },
{ "type": "Feature", "properties": { "oid": "DEHHALKAJ0000tXU", "gebaeudefunktion": 2463, "dachform": 1000.0, "dach_m2": 34.9, "gruen_m2": null, "anteil": null, "jahrgang": "2024", "quelle": "dachflaechen", "klasse": "unklar", "herkunft": "nicht_bewertbar", "fehlerkategorie": "baumueberschirmung" }, "geometry": { "type": "Polygon", "coordinates": [ [ [ 9.988664, 53.513107 ], [ 9.988657, 53.513054 ], [ 9.988569, 53.513058 ], [ 9.988576, 53.513111 ], [ 9.988664, 53.513107 ] ] ] } },
{ "type": "Feature", "properties": { "oid": "DEHHALKAJ0000vRV", "gebaeudefunktion": 2463, "dachform": 1000.0, "dach_m2": 29.2, "gruen_m2": null, "anteil": null, "jahrgang": "2024", "quelle": "dachflaechen", "klasse": "unklar", "herkunft": "nicht_bewertbar", "fehlerkategorie": "gebaeude_fehlt" }, "geometry": { "type": "Polygon", "coordinates": [ [ [ 10.014301, 53.489543 ], [ 10.014263, 53.489495 ], [ 10.014195, 53.489515 ], [ 10.014233, 53.489562 ], [ 10.014301, 53.489543 ] ] ] } },
{ "type": "Feature", "properties": { "oid": "DEHHALKAJ0000x2e", "gebaeudefunktion": 1010, "dachform": 9999.0, "dach_m2": 120.0, "gruen_m2": null, "anteil": null, "jahrgang": "2024", "quelle": "dachflaechen", "klasse": "unklar", "herkunft": "nicht_bewertbar", "fehlerkategorie": "baumueberschirmung" }, "geometry": { "type": "MultiPolygon", "coordinates": [ [ [ [ 10.01736, 53.507039 ], [ 10.017437, 53.507078 ], [ 10.01748, 53.507048 ], [ 10.01738, 53.506998 ], [ 10.017338, 53.507027 ], [ 10.01736, 53.507039 ] ] ], [ [ [ 10.017225, 53.506966 ], [ 10.017233, 53.50697 ], [ 10.017203, 53.50699 ], [ 10.017304, 53.507044 ], [ 10.017373, 53.506999 ], [ 10.017232, 53.506928 ], [ 10.017197, 53.506951 ], [ 10.017225, 53.506966 ] ] ], [ [ [ 10.01717, 53.506922 ], [ 10.017155, 53.506933 ], [ 10.017192, 53.506951 ], [ 10.017221, 53.506931 ], [ 10.017184, 53.506912 ], [ 10.01717, 53.506922 ] ] ] ] } },
{ "type": "Feature", "properties": { "oid": "DEHHALKAJ0000xF4", "gebaeudefunktion": 2463, "dachform": 9999.0, "dach_m2": 71.8, "gruen_m2": null, "anteil": null, "jahrgang": "2024", "quelle": "dachflaechen", "klasse": "unklar", "herkunft": "nicht_bewertbar", "fehlerkategorie": null }, "geometry": { "type": "Polygon", "coordinates": [ [ [ 10.020106, 53.513086 ], [ 10.02004, 53.513082 ], [ 10.020043, 53.513179 ], [ 10.020081, 53.513179 ], [ 10.020083, 53.51313 ], [ 10.020108, 53.51313 ], [ 10.020113, 53.513096 ], [ 10.020268, 53.5131 ], [ 10.02027, 53.513071 ], [ 10.020107, 53.513069 ], [ 10.020106, 53.513086 ] ] ] } },
{ "type": "Feature", "properties": { "oid": "DEHHALKAJ0000xxS", "gebaeudefunktion": 2150, "dachform": 1000.0, "dach_m2": 641.9, "gruen_m2": null, "anteil": null, "jahrgang": "2024", "quelle": "dachflaechen", "klasse": "unklar", "herkunft": "nicht_bewertbar", "fehlerkategorie": null }, "geometry": { "type": "Polygon", "coordinates": [ [ [ 10.000814, 53.508643 ], [ 10.00082, 53.508645 ], [ 10.000814, 53.508601 ], [ 10.000834, 53.5086 ], [ 10.000831, 53.508578 ], [ 10.00081, 53.508579 ], [ 10.000769, 53.508281 ], [ 10.000786, 53.508407 ], [ 10.000766, 53.508283 ], [ 10.000534, 53.508294 ], [ 10.000546, 53.508418 ], [ 10.00053, 53.508292 ], [ 10.000574, 53.508656 ], [ 10.000814, 53.508643 ] ], [ [ 10.000664, 53.508323 ], [ 10.000648, 53.508324 ], [ 10.000646, 53.508313 ], [ 10.000662, 53.508312 ], [ 10.000664, 53.508323 ] ], [ [ 10.000661, 53.508383 ], [ 10.000655, 53.508383 ], [ 10.000655, 53.508375 ], [ 10.000662, 53.508375 ], [ 10.000661, 53.508383 ] ] ] } }
]
}
